,3M,6M
1994-02-01,100.01906,100.01856
1994-02-02,100.03811,100.03711
1994-02-03,100.05718,100.05568
1994-02-04,100.07624,100.07424
1994-02-05,100.09531,100.09281
1994-02-06,100.11439,100.11138
1994-02-07,100.13347,100.12996
1994-02-08,100.15255,100.14854
1994-02-09,100.17163,100.16712
1994-02-10,100.19072,100.18571
1994-02-11,100.20981,100.2043
1994-02-12,100.22891,100.22289
1994-02-13,100.24801,100.24149
1994-02-14,100.26711,100.26009
1994-02-15,100.28621,100.2787
1994-02-16,100.30533,100.2973
1994-02-17,100.32444,100.31591
1994-02-18,100.34356,100.33453
1994-02-19,100.36268,100.35314
1994-02-20,100.3818,100.37177
1994-02-21,100.40093,100.39039
1994-02-22,100.42006,100.40902
1994-02-23,100.4392,100.42765
1994-02-24,100.45834,100.44628
1994-02-25,100.47748,100.46492
1994-02-26,100.49663,100.48357
1994-02-27,100.51578,100.50221
1994-02-28,100.53493,100.52086
1994-03-01,100.55378,100.53943
1994-03-02,100.57263,100.558
1994-03-03,100.59149,100.57657
1994-03-04,100.61035,100.59515
1994-03-05,100.62922,100.61374
1994-03-06,100.64809,100.63232
1994-03-07,100.66696,100.65091
1994-03-08,100.68583,100.6695
1994-03-09,100.70471,100.6881
1994-03-10,100.72359,100.7067
1994-03-11,100.74248,100.7253
1994-03-12,100.76137,100.74391
1994-03-13,100.78026,100.76252
1994-03-14,100.79916,100.78113
1994-03-15,100.81806,100.79975
1994-03-16,100.83696,100.81837
1994-03-17,100.85587,100.83699
1994-03-18,100.87478,100.85562
1994-03-19,100.89369,100.87425
1994-03-20,100.91261,100.89288
1994-03-21,100.93153,100.91152
1994-03-22,100.95045,100.93016
1994-03-23,100.96938,100.9488
1994-03-24,100.98831,100.96745
1994-03-25,101.00725,100.9861
1994-03-26,101.02619,101.00475
1994-03-27,101.04513,101.02341
1994-03-28,101.06408,101.04207
1994-03-29,101.08303,101.06074
1994-03-30,101.10198,101.07941
1994-03-31,101.12094,101.09808
1994-04-01,101.13939,101.11636
1994-04-02,101.15785,101.13465
1994-04-03,101.17631,101.15293
1994-04-04,101.19477,101.17123
1994-04-05,101.21324,101.18952
1994-04-06,101.23171,101.20782
1994-04-07,101.25019,101.22612
1994-04-08,101.26867,101.24443
1994-04-09,101.28715,101.26273
1994-04-10,101.30563,101.28105
1994-04-11,101.32412,101.29936
1994-04-12,101.34261,101.31768
1994-04-13,101.36111,101.336
1994-04-14,101.37961,101.35433
1994-04-15,101.39811,101.37265
1994-04-16,101.41661,101.39099
1994-04-17,101.43512,101.40932
1994-04-18,101.45363,101.42766
1994-04-19,101.47215,101.446
1994-04-20,101.49067,101.46435
1994-04-21,101.50919,101.48269
1994-04-22,101.52772,101.50104
1994-04-23,101.54624,101.5194
1994-04-24,101.56478,101.53776
1994-04-25,101.58331,101.55612
1994-04-26,101.60185,101.57448
1994-04-27,101.62039,101.59285
1994-04-28,101.63894,101.61122
1994-04-29,101.65749,101.6296
1994-04-30,101.67604,101.64798
1994-05-01,101.69366,101.66551
1994-05-02,101.71129,101.68305
1994-05-03,101.72892,101.70059
1994-05-04,101.74655,101.71813
1994-05-05,101.76419,101.73568
1994-05-06,101.78183,101.75323
1994-05-07,101.79947,101.77078
1994-05-08,101.81712,101.78834
1994-05-09,101.83477,101.80589
1994-05-10,101.85242,101.82346
1994-05-11,101.87007,101.84102
1994-05-12,101.88773,101.85859
1994-05-13,101.90539,101.87616
1994-05-14,101.92305,101.89373
1994-05-15,101.94072,101.91131
1994-05-16,101.95839,101.92889
1994-05-17,101.97606,101.94647
1994-05-18,101.99374,101.96406
1994-05-19,102.01142,101.98165
1994-05-20,102.0291,101.99924
1994-05-21,102.04678,102.01683
1994-05-22,102.06447,102.03443
1994-05-23,102.08216,102.05203
1994-05-24,102.09986,102.06963
1994-05-25,102.11755,102.08724
1994-05-26,102.13526,102.10485
1994-05-27,102.15296,102.12246
1994-05-28,102.17067,102.14008
1994-05-29,102.18837,102.1577
1994-05-30,102.20609,102.17532
1994-05-31,102.2238,102.19295
1994-06-01,102.24169,102.21103
1994-06-02,102.25958,102.22912
1994-06-03,102.27748,102.2472
1994-06-04,102.29538,102.2653
1994-06-05,102.31328,102.28339
1994-06-06,102.33118,102.30149
1994-06-07,102.34909,102.31959
1994-06-08,102.367,102.3377
1994-06-09,102.38492,102.3558
1994-06-10,102.40284,102.37392
1994-06-11,102.42076,102.39203
1994-06-12,102.43868,102.41015
1994-06-13,102.45661,102.42827
1994-06-14,102.47454,102.44639
1994-06-15,102.49247,102.46452
1994-06-16,102.51041,102.48265
1994-06-17,102.52834,102.50079
1994-06-18,102.54629,102.51892
1994-06-19,102.56423,102.53706
1994-06-20,102.58218,102.55521
1994-06-21,102.60013,102.57335
1994-06-22,102.61809,102.5915
1994-06-23,102.63605,102.60965
1994-06-24,102.65401,102.62781
1994-06-25,102.67197,102.64597
1994-06-26,102.68994,102.66413
1994-06-27,102.70791,102.6823
1994-06-28,102.72588,102.70047
1994-06-29,102.74386,102.71864
1994-06-30,102.76184,102.73682
1994-07-01,102.77994,102.75537
1994-07-02,102.79804,102.77392
1994-07-03,102.81614,102.79247
1994-07-04,102.83425,102.81103
1994-07-05,102.85236,102.8296
1994-07-06,102.87047,102.84816
1994-07-07,102.88859,102.86673
1994-07-08,102.90671,102.88531
1994-07-09,102.92483,102.90388
1994-07-10,102.94296,102.92246
1994-07-11,102.96109,102.94105
1994-07-12,102.97922,102.95963
1994-07-13,102.99736,102.97822
1994-07-14,103.0155,102.99682
1994-07-15,103.03364,103.01541
1994-07-16,103.05178,103.03401
1994-07-17,103.06993,103.05262
1994-07-18,103.08809,103.07122
1994-07-19,103.10624,103.08983
1994-07-20,103.1244,103.10845
1994-07-21,103.14256,103.12706
1994-07-22,103.16072,103.14568
1994-07-23,103.17889,103.16431
1994-07-24,103.19706,103.18293
1994-07-25,103.21524,103.20156
1994-07-26,103.23341,103.2202
1994-07-27,103.25159,103.23884
1994-07-28,103.26978,103.25748
1994-07-29,103.28797,103.27612
1994-07-30,103.30616,103.29477
1994-07-31,103.32435,103.31342
1994-08-01,103.3428,103.33256
1994-08-02,103.36126,103.3517
1994-08-03,103.37972,103.37085
1994-08-04,103.39819,103.39
1994-08-05,103.41666,103.40916
1994-08-06,103.43513,103.42832
1994-08-07,103.4536,103.44748
1994-08-08,103.47208,103.46665
1994-08-09,103.49056,103.48582
1994-08-10,103.50905,103.50499
1994-08-11,103.52753,103.52417
1994-08-12,103.54603,103.54335
1994-08-13,103.56452,103.56254
1994-08-14,103.58302,103.58172
1994-08-15,103.60152,103.60091
1994-08-16,103.62002,103.62011
1994-08-17,103.63853,103.63931
1994-08-18,103.65704,103.65851
1994-08-19,103.67556,103.67772
1994-08-20,103.69407,103.69692
1994-08-21,103.71259,103.71614
1994-08-22,103.73112,103.73535
1994-08-23,103.74965,103.75457
1994-08-24,103.76818,103.7738
1994-08-25,103.78671,103.79302
1994-08-26,103.80525,103.81225
1994-08-27,103.82379,103.83149
1994-08-28,103.84233,103.85073
1994-08-29,103.86088,103.86997
1994-08-30,103.87943,103.88921
1994-08-31,103.89799,103.90846
1994-09-01,103.9164,103.92789
1994-09-02,103.93482,103.94731
1994-09-03,103.95323,103.96675
1994-09-04,103.97166,103.98618
1994-09-05,103.99008,104.00562
1994-09-06,104.00851,104.02507
1994-09-07,104.02695,104.04451
1994-09-08,104.04538,104.06396
1994-09-09,104.06382,104.08342
1994-09-10,104.08226,104.10288
1994-09-11,104.10071,104.12234
1994-09-12,104.11916,104.1418
1994-09-13,104.13761,104.16127
1994-09-14,104.15607,104.18074
1994-09-15,104.17452,104.20022
1994-09-16,104.19299,104.2197
1994-09-17,104.21145,104.23918
1994-09-18,104.22992,104.25867
1994-09-19,104.24839,104.27816
1994-09-20,104.26687,104.29765
1994-09-21,104.28535,104.31715
1994-09-22,104.30383,104.33665
1994-09-23,104.32231,104.35616
1994-09-24,104.3408,104.37567
1994-09-25,104.35929,104.39518
1994-09-26,104.37779,104.4147
1994-09-27,104.39628,104.43422
1994-09-28,104.41479,104.45374
1994-09-29,104.43329,104.47327
1994-09-30,104.4518,104.4928
1994-10-01,104.47045,104.51227
1994-10-02,104.48911,104.53175
1994-10-03,104.50778,104.55124
1994-10-04,104.52644,104.57072
1994-10-05,104.54511,104.59021
1994-10-06,104.56379,104.60971
1994-10-07,104.58246,104.62921
1994-10-08,104.60114,104.64871
1994-10-09,104.61982,104.66821
1994-10-10,104.63851,104.68772
1994-10-11,104.6572,104.70724
1994-10-12,104.67589,104.72675
1994-10-13,104.69459,104.74627
1994-10-14,104.71329,104.7658
1994-10-15,104.73199,104.78532
1994-10-16,104.7507,104.80485
1994-10-17,104.76941,104.82439
1994-10-18,104.78812,104.84393
1994-10-19,104.80684,104.86347
1994-10-20,104.82556,104.88301
1994-10-21,104.84428,104.90256
1994-10-22,104.86301,104.92211
1994-10-23,104.88174,104.94167
1994-10-24,104.90047,104.96123
1994-10-25,104.91921,104.98079
1994-10-26,104.93795,105.00036
1994-10-27,104.95669,105.01993
1994-10-28,104.97544,105.03951
1994-10-29,104.99418,105.05909
1994-10-30,105.01294,105.07867
1994-10-31,105.03169,105.09825
1994-11-01,105.05037,105.11767
1994-11-02,105.06904,105.13708
1994-11-03,105.08772,105.15651
1994-11-04,105.1064,105.17593
1994-11-05,105.12509,105.19536
1994-11-06,105.14378,105.21479
1994-11-07,105.16247,105.23423
1994-11-08,105.18117,105.25367
1994-11-09,105.19986,105.27311
1994-11-10,105.21857,105.29255
1994-11-11,105.23727,105.312
1994-11-12,105.25598,105.33146
1994-11-13,105.27469,105.35091
1994-11-14,105.29341,105.37038
1994-11-15,105.31213,105.38984
1994-11-16,105.33085,105.40931
1994-11-17,105.34958,105.42878
1994-11-18,105.3683,105.44825
1994-11-19,105.38704,105.46773
1994-11-20,105.40577,105.48721
1994-11-21,105.42451,105.5067
1994-11-22,105.44325,105.52619
1994-11-23,105.462,105.54568
1994-11-24,105.48075,105.56518
1994-11-25,105.4995,105.58468
1994-11-26,105.51825,105.60418
1994-11-27,105.53701,105.62369
1994-11-28,105.55578,105.6432
1994-11-29,105.57454,105.66272
1994-11-30,105.59331,105.68224
1994-12-01,105.61293,105.70278
1994-12-02,105.63256,105.72334
1994-12-03,105.65219,105.74389
1994-12-04,105.67182,105.76446
1994-12-05,105.69146,105.78502
1994-12-06,105.7111,105.80559
1994-12-07,105.73075,105.82616
1994-12-08,105.75039,105.84674
1994-12-09,105.77005,105.86732
1994-12-10,105.7897,105.88791
1994-12-11,105.80936,105.9085
1994-12-12,105.82902,105.92909
1994-12-13,105.84869,105.94969
1994-12-14,105.86836,105.97029
1994-12-15,105.88803,105.99089
1994-12-16,105.90771,106.0115
1994-12-17,105.92739,106.03212
1994-12-18,105.94708,106.05273
1994-12-19,105.96677,106.07336
1994-12-20,105.98646,106.09398
1994-12-21,106.00615,106.11461
1994-12-22,106.02585,106.13524
1994-12-23,106.04556,106.15588
1994-12-24,106.06526,106.17652
1994-12-25,106.08497,106.19717
1994-12-26,106.10469,106.21782
1994-12-27,106.12441,106.23847
1994-12-28,106.14413,106.25913
1994-12-29,106.16385,106.27979
1994-12-30,106.18358,106.30046
1994-12-31,106.20331,106.32113
1995-01-01,106.22296,106.34198
1995-01-02,106.24261,106.36283
1995-01-03,106.26227,106.38369
1995-01-04,106.28193,106.40455
1995-01-05,106.30159,106.42542
1995-01-06,106.32125,106.44629
1995-01-07,106.34092,106.46717
1995-01-08,106.3606,106.48805
1995-01-09,106.38027,106.50893
1995-01-10,106.39995,106.52982
1995-01-11,106.41964,106.55071
1995-01-12,106.43933,106.5716
1995-01-13,106.45902,106.5925
1995-01-14,106.47871,106.61341
1995-01-15,106.49841,106.63432
1995-01-16,106.51811,106.65523
1995-01-17,106.53782,106.67615
1995-01-18,106.55753,106.69707
1995-01-19,106.57724,106.71799
1995-01-20,106.59696,106.73892
1995-01-21,106.61668,106.75985
1995-01-22,106.6364,106.78079
1995-01-23,106.65613,106.80173
1995-01-24,106.67586,106.82267
1995-01-25,106.6956,106.84362
1995-01-26,106.71534,106.86458
1995-01-27,106.73508,106.88553
1995-01-28,106.75482,106.90649
1995-01-29,106.77457,106.92746
1995-01-30,106.79433,106.94843
1995-01-31,106.81408,106.9694
1995-02-01,106.83364,106.98997
1995-02-02,106.85319,107.01053
1995-02-03,106.87275,107.0311
1995-02-04,106.89232,107.05168
1995-02-05,106.91188,107.07225
1995-02-06,106.93145,107.09283
1995-02-07,106.95103,107.11342
1995-02-08,106.97061,107.13401
1995-02-09,106.99019,107.1546
1995-02-10,107.00977,107.1752
1995-02-11,107.02936,107.1958
1995-02-12,107.04895,107.21641
1995-02-13,107.06855,107.23702
1995-02-14,107.08815,107.25763
1995-02-15,107.10775,107.27825
1995-02-16,107.12736,107.29887
1995-02-17,107.14697,107.31949
1995-02-18,107.16658,107.34012
1995-02-19,107.1862,107.36076
1995-02-20,107.20582,107.38139
1995-02-21,107.22545,107.40203
1995-02-22,107.24508,107.42268
1995-02-23,107.26471,107.44333
1995-02-24,107.28434,107.46398
1995-02-25,107.30398,107.48464
1995-02-26,107.32362,107.5053
1995-02-27,107.34327,107.52596
1995-02-28,107.36292,107.54663
1995-03-01,107.38553,107.56976
1995-03-02,107.40814,107.59288
1995-03-03,107.43075,107.61602
1995-03-04,107.45337,107.63915
1995-03-05,107.476,107.6623
1995-03-06,107.49863,107.68544
1995-03-07,107.52126,107.7086
1995-03-08,107.5439,107.73175
1995-03-09,107.56654,107.75492
1995-03-10,107.58919,107.77808
1995-03-11,107.61185,107.80125
1995-03-12,107.6345,107.82443
1995-03-13,107.65717,107.84761
1995-03-14,107.67984,107.8708
1995-03-15,107.70251,107.89399
1995-03-16,107.72519,107.91719
1995-03-17,107.74787,107.94039
1995-03-18,107.77055,107.9636
1995-03-19,107.79325,107.98681
1995-03-20,107.81594,108.01003
1995-03-21,107.83864,108.03325
1995-03-22,107.86135,108.05648
1995-03-23,107.88406,108.07971
1995-03-24,107.90678,108.10295
1995-03-25,107.9295,108.12619
1995-03-26,107.95222,108.14944
1995-03-27,107.97495,108.17269
1995-03-28,107.99769,108.19595
1995-03-29,108.02043,108.21921
1995-03-30,108.04317,108.24248
1995-03-31,108.06592,108.26575
1995-04-01,108.0878,108.28797
1995-04-02,108.10969,108.3102
1995-04-03,108.13158,108.33244
1995-04-04,108.15348,108.35467
1995-04-05,108.17538,108.37692
1995-04-06,108.19729,108.39916
1995-04-07,108.2192,108.42142
1995-04-08,108.24111,108.44367
1995-04-09,108.26303,108.46593
1995-04-10,108.28495,108.4882
1995-04-11,108.30688,108.51047
1995-04-12,108.32881,108.53274
1995-04-13,108.35075,108.55502
1995-04-14,108.37269,108.57731
1995-04-15,108.39464,108.5996
1995-04-16,108.41659,108.62189
1995-04-17,108.43854,108.64419
1995-04-18,108.4605,108.66649
1995-04-19,108.48246,108.6888
1995-04-20,108.50443,108.71111
1995-04-21,108.5264,108.73342
1995-04-22,108.54838,108.75574
1995-04-23,108.57036,108.77807
1995-04-24,108.59234,108.8004
1995-04-25,108.61433,108.82273
1995-04-26,108.63633,108.84507
1995-04-27,108.65833,108.86742
1995-04-28,108.68033,108.88976
1995-04-29,108.70234,108.91212
1995-04-30,108.72435,108.93447
1995-05-01,108.74561,108.95593
1995-05-02,108.76688,108.97739
1995-05-03,108.78815,108.99885
1995-05-04,108.80942,109.02031
1995-05-05,108.8307,109.04179
1995-05-06,108.85198,109.06326
1995-05-07,108.87327,109.08474
1995-05-08,108.89456,109.10622
1995-05-09,108.91586,109.12771
1995-05-10,108.93715,109.1492
1995-05-11,108.95846,109.1707
1995-05-12,108.97977,109.1922
1995-05-13,109.00108,109.21371
1995-05-14,109.02239,109.23521
1995-05-15,109.04371,109.25673
1995-05-16,109.06504,109.27825
1995-05-17,109.08637,109.29977
1995-05-18,109.1077,109.32129
1995-05-19,109.12903,109.34282
1995-05-20,109.15038,109.36436
1995-05-21,109.17172,109.3859
1995-05-22,109.19307,109.40744
1995-05-23,109.21442,109.42899
1995-05-24,109.23578,109.45054
1995-05-25,109.25714,109.47209
1995-05-26,109.27851,109.49365
1995-05-27,109.29988,109.51522
1995-05-28,109.32125,109.53679
1995-05-29,109.34263,109.55836
1995-05-30,109.36401,109.57994
1995-05-31,109.3854,109.60152
1995-06-01,109.40691,109.62316
1995-06-02,109.42843,109.64481
1995-06-03,109.44995,109.66647
1995-06-04,109.47147,109.68813
1995-06-05,109.493,109.70979
1995-06-06,109.51454,109.73146
1995-06-07,109.53608,109.75313
1995-06-08,109.55762,109.77481
1995-06-09,109.57916,109.79649
1995-06-10,109.60071,109.81817
1995-06-11,109.62227,109.83986
1995-06-12,109.64383,109.86155
1995-06-13,109.66539,109.88325
1995-06-14,109.68696,109.90495
1995-06-15,109.70853,109.92666
1995-06-16,109.73011,109.94837
1995-06-17,109.75169,109.97009
1995-06-18,109.77327,109.99181
1995-06-19,109.79486,110.01353
1995-06-20,109.81645,110.03526
1995-06-21,109.83805,110.05699
1995-06-22,109.85965,110.07872
1995-06-23,109.88126,110.10047
1995-06-24,109.90287,110.12221
1995-06-25,109.92448,110.14396
1995-06-26,109.9461,110.16571
1995-06-27,109.96772,110.18747
1995-06-28,109.98935,110.20923
1995-06-29,110.01098,110.231
1995-06-30,110.03262,110.25277
1995-07-01,110.05377,110.27418
1995-07-02,110.07492,110.29559
1995-07-03,110.09608,110.317
1995-07-04,110.11724,110.33842
1995-07-05,110.13841,110.35985
1995-07-06,110.15958,110.38128
1995-07-07,110.18076,110.40271
1995-07-08,110.20194,110.42414
1995-07-09,110.22312,110.44559
1995-07-10,110.24431,110.46703
1995-07-11,110.2655,110.48848
1995-07-12,110.28669,110.50993
1995-07-13,110.30789,110.53139
1995-07-14,110.3291,110.55285
1995-07-15,110.3503,110.57432
1995-07-16,110.37152,110.59579
1995-07-17,110.39273,110.61726
1995-07-18,110.41395,110.63874
1995-07-19,110.43518,110.66022
1995-07-20,110.4564,110.68171
1995-07-21,110.47764,110.7032
1995-07-22,110.49887,110.72469
1995-07-23,110.52011,110.74619
1995-07-24,110.54136,110.7677
1995-07-25,110.56261,110.7892
1995-07-26,110.58386,110.81071
1995-07-27,110.60512,110.83223
1995-07-28,110.62638,110.85375
1995-07-29,110.64764,110.87527
1995-07-30,110.66891,110.8968
1995-07-31,110.69018,110.91834
1995-08-01,110.71066,110.93901
1995-08-02,110.73114,110.95969
1995-08-03,110.75163,110.98037
1995-08-04,110.77212,111.00105
1995-08-05,110.79261,111.02174
1995-08-06,110.81311,111.04244
1995-08-07,110.83361,111.06313
1995-08-08,110.85411,111.08383
1995-08-09,110.87462,111.10454
1995-08-10,110.89513,111.12525
1995-08-11,110.91565,111.14596
1995-08-12,110.93617,111.16668
1995-08-13,110.95669,111.1874
1995-08-14,110.97722,111.20812
1995-08-15,110.99775,111.22885
1995-08-16,111.01828,111.24958
1995-08-17,111.03882,111.27032
1995-08-18,111.05936,111.29106
1995-08-19,111.07991,111.3118
1995-08-20,111.10046,111.33255
1995-08-21,111.12101,111.3533
1995-08-22,111.14157,111.37405
1995-08-23,111.16213,111.39481
1995-08-24,111.18269,111.41558
1995-08-25,111.20326,111.43634
1995-08-26,111.22384,111.45711
1995-08-27,111.24441,111.47789
1995-08-28,111.26499,111.49866
1995-08-29,111.28558,111.51945
1995-08-30,111.30616,111.54023
1995-08-31,111.32676,111.56102
1995-09-01,111.34686,111.58129
1995-09-02,111.36696,111.60156
1995-09-03,111.38707,111.62183
1995-09-04,111.40718,111.64211
1995-09-05,111.4273,111.66239
1995-09-06,111.44741,111.68268
1995-09-07,111.46754,111.70297
1995-09-08,111.48766,111.72326
1995-09-09,111.50779,111.74356
1995-09-10,111.52793,111.76386
1995-09-11,111.54806,111.78416
1995-09-12,111.5682,111.80447
1995-09-13,111.58835,111.82478
1995-09-14,111.6085,111.84509
1995-09-15,111.62865,111.86541
1995-09-16,111.6488,111.88574
1995-09-17,111.66896,111.90606
1995-09-18,111.68912,111.92639
1995-09-19,111.70929,111.94672
1995-09-20,111.72946,111.96706
1995-09-21,111.74963,111.9874
1995-09-22,111.76981,112.00775
1995-09-23,111.78999,112.02809
1995-09-24,111.81018,112.04845
1995-09-25,111.83036,112.0688
1995-09-26,111.85055,112.08916
1995-09-27,111.87075,112.10952
1995-09-28,111.89095,112.12989
1995-09-29,111.91115,112.15026
1995-09-30,111.93136,112.17063
1995-10-01,111.95234,112.19176
1995-10-02,111.97334,112.21289
1995-10-03,111.99433,112.23402
1995-10-04,112.01533,112.25516
1995-10-05,112.03633,112.2763
1995-10-06,112.05734,112.29745
1995-10-07,112.07835,112.3186
1995-10-08,112.09936,112.33975
1995-10-09,112.12038,112.36091
1995-10-10,112.14141,112.38207
1995-10-11,112.16243,112.40323
1995-10-12,112.18346,112.4244
1995-10-13,112.2045,112.44558
1995-10-14,112.22554,112.46675
1995-10-15,112.24658,112.48793
1995-10-16,112.26762,112.50912
1995-10-17,112.28867,112.53031
1995-10-18,112.30973,112.5515
1995-10-19,112.33079,112.5727
1995-10-20,112.35185,112.5939
1995-10-21,112.37291,112.61511
1995-10-22,112.39398,112.63632
1995-10-23,112.41506,112.65753
1995-10-24,112.43614,112.67875
1995-10-25,112.45722,112.69997
1995-10-26,112.4783,112.72119
1995-10-27,112.49939,112.74242
1995-10-28,112.52049,112.76365
1995-10-29,112.54158,112.78489
1995-10-30,112.56269,112.80613
1995-10-31,112.58379,112.82738
1995-11-01,112.60396,112.84753
1995-11-02,112.62414,112.86769
1995-11-03,112.64432,112.88785
1995-11-04,112.6645,112.90801
1995-11-05,112.68468,112.92817
1995-11-06,112.70487,112.94834
1995-11-07,112.72507,112.96852
1995-11-08,112.74526,112.9887
1995-11-09,112.76546,113.00888
1995-11-10,112.78567,113.02906
1995-11-11,112.80587,113.04925
1995-11-12,112.82609,113.06944
1995-11-13,112.8463,113.08964
1995-11-14,112.86652,113.10984
1995-11-15,112.88674,113.13004
1995-11-16,112.90697,113.15025
1995-11-17,112.92719,113.17046
1995-11-18,112.94743,113.19067
1995-11-19,112.96766,113.21089
1995-11-20,112.9879,113.23111
1995-11-21,113.00815,113.25133
1995-11-22,113.0284,113.27156
1995-11-23,113.04865,113.29179
1995-11-24,113.0689,113.31203
1995-11-25,113.08916,113.33226
1995-11-26,113.10942,113.35251
1995-11-27,113.12969,113.37275
1995-11-28,113.14996,113.393
1995-11-29,113.17023,113.41326
1995-11-30,113.1905,113.43351
1995-12-01,113.21038,113.45324
1995-12-02,113.23025,113.47297
1995-12-03,113.25013,113.4927
1995-12-04,113.27001,113.51243
1995-12-05,113.2899,113.53217
1995-12-06,113.30978,113.55191
1995-12-07,113.32968,113.57166
1995-12-08,113.34957,113.59141
1995-12-09,113.36947,113.61116
1995-12-10,113.38937,113.63092
1995-12-11,113.40928,113.65067
1995-12-12,113.42919,113.67044
1995-12-13,113.4491,113.6902
1995-12-14,113.46902,113.70997
1995-12-15,113.48894,113.72975
1995-12-16,113.50886,113.74952
1995-12-17,113.52879,113.7693
1995-12-18,113.54872,113.78908
1995-12-19,113.56865,113.80887
1995-12-20,113.58859,113.82866
1995-12-21,113.60853,113.84846
1995-12-22,113.62848,113.86825
1995-12-23,113.64843,113.88805
1995-12-24,113.66838,113.90786
1995-12-25,113.68833,113.92766
1995-12-26,113.70829,113.94747
1995-12-27,113.72825,113.96729
1995-12-28,113.74822,113.98711
1995-12-29,113.76819,114.00693
1995-12-30,113.78816,114.02675
1995-12-31,113.80814,114.04658
1996-01-01,113.8265,114.06473
1996-01-02,113.84487,114.08289
1996-01-03,113.86325,114.10105
1996-01-04,113.88162,114.11921
1996-01-05,113.9,114.13737
1996-01-06,113.91839,114.15554
1996-01-07,113.93677,114.17371
1996-01-08,113.95516,114.19188
1996-01-09,113.97355,114.21006
1996-01-10,113.99194,114.22823
1996-01-11,114.01034,114.24642
1996-01-12,114.02874,114.2646
1996-01-13,114.04714,114.28279
1996-01-14,114.06555,114.30098
1996-01-15,114.08396,114.31917
1996-01-16,114.10237,114.33737
1996-01-17,114.12079,114.35556
1996-01-18,114.1392,114.37377
1996-01-19,114.15762,114.39197
1996-01-20,114.17605,114.41018
1996-01-21,114.19447,114.42839
1996-01-22,114.2129,114.4466
1996-01-23,114.23134,114.46482
1996-01-24,114.24977,114.48304
1996-01-25,114.26821,114.50126
1996-01-26,114.28665,114.51948
1996-01-27,114.3051,114.53771
1996-01-28,114.32355,114.55594
1996-01-29,114.342,114.57417
1996-01-30,114.36045,114.59241
1996-01-31,114.37891,114.61065
1996-02-01,114.39663,114.62829
1996-02-02,114.41437,114.64593
1996-02-03,114.4321,114.66357
1996-02-04,114.44984,114.68122
1996-02-05,114.46758,114.69886
1996-02-06,114.48532,114.71651
1996-02-07,114.50306,114.73417
1996-02-08,114.52081,114.75182
1996-02-09,114.53856,114.76948
1996-02-10,114.55632,114.78715
1996-02-11,114.57407,114.80481
1996-02-12,114.59183,114.82248
1996-02-13,114.60959,114.84015
1996-02-14,114.62736,114.85782
1996-02-15,114.64513,114.8755
1996-02-16,114.6629,114.89317
1996-02-17,114.68067,114.91085
1996-02-18,114.69844,114.92854
1996-02-19,114.71622,114.94622
1996-02-20,114.734,114.96391
1996-02-21,114.75179,114.9816
1996-02-22,114.76957,114.9993
1996-02-23,114.78736,115.017
1996-02-24,114.80515,115.0347
1996-02-25,114.82295,115.0524
1996-02-26,114.84075,115.0701
1996-02-27,114.85855,115.08781
1996-02-28,114.87635,115.10552
1996-02-29,114.89416,115.12324
1996-03-01,114.91171,115.14079
1996-03-02,114.92927,115.15835
1996-03-03,114.94682,115.17591
1996-03-04,114.96439,115.19348
1996-03-05,114.98195,115.21104
1996-03-06,114.99952,115.22861
1996-03-07,115.01709,115.24619
1996-03-08,115.03466,115.26376
1996-03-09,115.05223,115.28134
1996-03-10,115.06981,115.29892
1996-03-11,115.08739,115.3165
1996-03-12,115.10497,115.33409
1996-03-13,115.12256,115.35168
1996-03-14,115.14015,115.36927
1996-03-15,115.15774,115.38686
1996-03-16,115.17533,115.40446
1996-03-17,115.19293,115.42206
1996-03-18,115.21053,115.43966
1996-03-19,115.22813,115.45726
1996-03-20,115.24573,115.47487
1996-03-21,115.26334,115.49248
1996-03-22,115.28095,115.51009
1996-03-23,115.29856,115.52771
1996-03-24,115.31618,115.54533
1996-03-25,115.33379,115.56295
1996-03-26,115.35141,115.58057
1996-03-27,115.36904,115.5982
1996-03-28,115.38666,115.61583
1996-03-29,115.40429,115.63346
1996-03-30,115.42192,115.65109
1996-03-31,115.43956,115.66873
1996-04-01,115.45646,115.68563
1996-04-02,115.47336,115.70253
1996-04-03,115.49026,115.71944
1996-04-04,115.50717,115.73634
1996-04-05,115.52408,115.75325
1996-04-06,115.54099,115.77017
1996-04-07,115.5579,115.78708
1996-04-08,115.57482,115.804
1996-04-09,115.59174,115.82092
1996-04-10,115.60866,115.83784
1996-04-11,115.62558,115.85477
1996-04-12,115.64251,115.8717
1996-04-13,115.65944,115.88863
1996-04-14,115.67637,115.90556
1996-04-15,115.6933,115.92249
1996-04-16,115.71024,115.93943
1996-04-17,115.72718,115.95637
1996-04-18,115.74412,115.97331
1996-04-19,115.76106,115.99026
1996-04-20,115.77801,116.00721
1996-04-21,115.79496,116.02416
1996-04-22,115.81191,116.04111
1996-04-23,115.82886,116.05806
1996-04-24,115.84582,116.07502
1996-04-25,115.86278,116.09198
1996-04-26,115.87974,116.10894
1996-04-27,115.8967,116.12591
1996-04-28,115.91367,116.14288
1996-04-29,115.93064,116.15985
1996-04-30,115.94761,116.17682
1996-05-01,115.9639,116.19305
1996-05-02,115.9802,116.20929
1996-05-03,115.9965,116.22552
1996-05-04,116.01281,116.24176
1996-05-05,116.02911,116.258
1996-05-06,116.04542,116.27425
1996-05-07,116.06173,116.29049
1996-05-08,116.07805,116.30674
1996-05-09,116.09436,116.32299
1996-05-10,116.11068,116.33924
1996-05-11,116.127,116.3555
1996-05-12,116.14332,116.37176
1996-05-13,116.15965,116.38802
1996-05-14,116.17597,116.40428
1996-05-15,116.1923,116.42054
1996-05-16,116.20863,116.43681
1996-05-17,116.22497,116.45308
1996-05-18,116.2413,116.46935
1996-05-19,116.25764,116.48562
1996-05-20,116.27398,116.5019
1996-05-21,116.29033,116.51818
1996-05-22,116.30667,116.53446
1996-05-23,116.32302,116.55074
1996-05-24,116.33937,116.56702
1996-05-25,116.35572,116.58331
1996-05-26,116.37208,116.5996
1996-05-27,116.38843,116.61589
1996-05-28,116.40479,116.63219
1996-05-29,116.42115,116.64848
1996-05-30,116.43752,116.66478
1996-05-31,116.45388,116.68108
1996-06-01,116.47032,116.69755
1996-06-02,116.48675,116.71401
1996-06-03,116.50319,116.73048
1996-06-04,116.51963,116.74695
1996-06-05,116.53607,116.76343
1996-06-06,116.55251,116.77991
1996-06-07,116.56896,116.79638
1996-06-08,116.58541,116.81287
1996-06-09,116.60186,116.82935
1996-06-10,116.61832,116.84584
1996-06-11,116.63477,116.86232
1996-06-12,116.65123,116.87881
1996-06-13,116.66769,116.89531
1996-06-14,116.68415,116.9118
1996-06-15,116.70062,116.9283
1996-06-16,116.71709,116.9448
1996-06-17,116.73356,116.9613
1996-06-18,116.75003,116.97781
1996-06-19,116.76651,116.99431
1996-06-20,116.78298,117.01082
1996-06-21,116.79946,117.02733
1996-06-22,116.81594,117.04385
1996-06-23,116.83243,117.06036
1996-06-24,116.84891,117.07688
1996-06-25,116.8654,117.0934
1996-06-26,116.88189,117.10993
1996-06-27,116.89839,117.12645
1996-06-28,116.91488,117.14298
1996-06-29,116.93138,117.15951
1996-06-30,116.94788,117.17604
1996-07-01,116.96432,117.19255
1996-07-02,116.98076,117.20905
1996-07-03,116.9972,117.22556
1996-07-04,117.01365,117.24207
1996-07-05,117.03009,117.25858
1996-07-06,117.04654,117.27509
1996-07-07,117.06299,117.29161
1996-07-08,117.07945,117.30813
1996-07-09,117.0959,117.32465
1996-07-10,117.11236,117.34117
1996-07-11,117.12882,117.3577
1996-07-12,117.14529,117.37422
1996-07-13,117.16175,117.39075
1996-07-14,117.17822,117.40729
1996-07-15,117.19469,117.42382
1996-07-16,117.21116,117.44036
1996-07-17,117.22764,117.4569
1996-07-18,117.24411,117.47344
1996-07-19,117.26059,117.48998
1996-07-20,117.27707,117.50653
1996-07-21,117.29356,117.52308
1996-07-22,117.31004,117.53963
1996-07-23,117.32653,117.55618
1996-07-24,117.34302,117.57274
1996-07-25,117.35952,117.5893
1996-07-26,117.37601,117.60586
1996-07-27,117.39251,117.62242
1996-07-28,117.40901,117.63899
1996-07-29,117.42551,117.65555
1996-07-30,117.44202,117.67212
1996-07-31,117.45852,117.6887
1996-08-01,117.4751,117.70537
1996-08-02,117.49168,117.72204
1996-08-03,117.50826,117.73872
1996-08-04,117.52484,117.7554
1996-08-05,117.54142,117.77208
1996-08-06,117.55801,117.78877
1996-08-07,117.5746,117.80545
1996-08-08,117.59119,117.82214
1996-08-09,117.60778,117.83883
1996-08-10,117.62438,117.85553
1996-08-11,117.64097,117.87222
1996-08-12,117.65758,117.88892
1996-08-13,117.67418,117.90562
1996-08-14,117.69078,117.92233
1996-08-15,117.70739,117.93903
1996-08-16,117.724,117.95574
1996-08-17,117.74061,117.97245
1996-08-18,117.75723,117.98916
1996-08-19,117.77384,118.00588
1996-08-20,117.79046,118.0226
1996-08-21,117.80708,118.03932
1996-08-22,117.82371,118.05604
1996-08-23,117.84033,118.07276
1996-08-24,117.85696,118.08949
1996-08-25,117.87359,118.10622
1996-08-26,117.89023,118.12295
1996-08-27,117.90686,118.13969
1996-08-28,117.9235,118.15642
1996-08-29,117.94014,118.17316
1996-08-30,117.95678,118.1899
1996-08-31,117.97343,118.20665
1996-09-01,117.98936,118.22267
1996-09-02,118.00528,118.23869
1996-09-03,118.02121,118.25472
1996-09-04,118.03715,118.27075
1996-09-05,118.05308,118.28678
1996-09-06,118.06902,118.30282
1996-09-07,118.08496,118.31886
1996-09-08,118.1009,118.33489
1996-09-09,118.11684,118.35094
1996-09-10,118.13279,118.36698
1996-09-11,118.14874,118.38302
1996-09-12,118.16469,118.39907
1996-09-13,118.18064,118.41512
1996-09-14,118.19659,118.43117
1996-09-15,118.21255,118.44723
1996-09-16,118.22851,118.46328
1996-09-17,118.24447,118.47934
1996-09-18,118.26043,118.4954
1996-09-19,118.2764,118.51146
1996-09-20,118.29237,118.52753
1996-09-21,118.30834,118.5436
1996-09-22,118.32431,118.55967
1996-09-23,118.34028,118.57574
1996-09-24,118.35626,118.59181
1996-09-25,118.37224,118.60789
1996-09-26,118.38822,118.62396
1996-09-27,118.4042,118.64004
1996-09-28,118.42018,118.65613
1996-09-29,118.43617,118.67221
1996-09-30,118.45216,118.6883
1996-10-01,118.46759,118.70366
1996-10-02,118.48302,118.71903
1996-10-03,118.49846,118.7344
1996-10-04,118.5139,118.74976
1996-10-05,118.52934,118.76514
1996-10-06,118.54478,118.78051
1996-10-07,118.56022,118.79588
1996-10-08,118.57567,118.81126
1996-10-09,118.59112,118.82664
1996-10-10,118.60657,118.84202
1996-10-11,118.62202,118.85741
1996-10-12,118.63747,118.87279
1996-10-13,118.65293,118.88818
1996-10-14,118.66838,118.90357
1996-10-15,118.68384,118.91896
1996-10-16,118.69931,118.93435
1996-10-17,118.71477,118.94975
1996-10-18,118.73024,118.96515
1996-10-19,118.7457,118.98055
1996-10-20,118.76117,118.99595
1996-10-21,118.77665,119.01135
1996-10-22,118.79212,119.02676
1996-10-23,118.8076,119.04216
1996-10-24,118.82307,119.05757
1996-10-25,118.83855,119.07298
1996-10-26,118.85404,119.0884
1996-10-27,118.86952,119.10381
1996-10-28,118.88501,119.11923
1996-10-29,118.90049,119.13465
1996-10-30,118.91598,119.15007
1996-10-31,118.93148,119.16549
1996-11-01,118.94657,119.18049
1996-11-02,118.96167,119.19549
1996-11-03,118.97678,119.21048
1996-11-04,118.99188,119.22549
1996-11-05,119.00698,119.24049
1996-11-06,119.02209,119.25549
1996-11-07,119.0372,119.2705
1996-11-08,119.05231,119.28551
1996-11-09,119.06742,119.30052
1996-11-10,119.08254,119.31553
1996-11-11,119.09766,119.33054
1996-11-12,119.11278,119.34556
1996-11-13,119.1279,119.36058
1996-11-14,119.14302,119.3756
1996-11-15,119.15814,119.39062
1996-11-16,119.17327,119.40564
1996-11-17,119.1884,119.42067
1996-11-18,119.20353,119.43569
1996-11-19,119.21866,119.45072
1996-11-20,119.23379,119.46575
1996-11-21,119.24893,119.48079
1996-11-22,119.26407,119.49582
1996-11-23,119.27921,119.51086
1996-11-24,119.29435,119.5259
1996-11-25,119.30949,119.54094
1996-11-26,119.32464,119.55598
1996-11-27,119.33979,119.57102
1996-11-28,119.35494,119.58607
1996-11-29,119.37009,119.60112
1996-11-30,119.38524,119.61617
1996-12-01,119.40016,119.63085
1996-12-02,119.41509,119.64554
1996-12-03,119.43002,119.66023
1996-12-04,119.44495,119.67492
1996-12-05,119.45988,119.68961
1996-12-06,119.47481,119.70431
1996-12-07,119.48974,119.71901
1996-12-08,119.50468,119.73371
1996-12-09,119.51962,119.74841
1996-12-10,119.53456,119.76311
1996-12-11,119.5495,119.77781
1996-12-12,119.56444,119.79252
1996-12-13,119.57939,119.80723
1996-12-14,119.59434,119.82194
1996-12-15,119.60928,119.83665
1996-12-16,119.62424,119.85136
1996-12-17,119.63919,119.86608
1996-12-18,119.65414,119.88079
1996-12-19,119.6691,119.89551
1996-12-20,119.68406,119.91023
1996-12-21,119.69902,119.92495
1996-12-22,119.71398,119.93968
1996-12-23,119.72895,119.9544
1996-12-24,119.74391,119.96913
1996-12-25,119.75888,119.98386
1996-12-26,119.77385,119.99859
1996-12-27,119.78882,120.01333
1996-12-28,119.8038,120.02806
1996-12-29,119.81877,120.0428
1996-12-30,119.83375,120.05754
1996-12-31,119.84873,120.07228
1997-01-01,119.86334,120.08665
1997-01-02,119.87796,120.10103
1997-01-03,119.89258,120.11541
1997-01-04,119.9072,120.12979
1997-01-05,119.92182,120.14417
1997-01-06,119.93644,120.15856
1997-01-07,119.95107,120.17294
1997-01-08,119.9657,120.18733
1997-01-09,119.98033,120.20172
1997-01-10,119.99496,120.21611
1997-01-11,120.00959,120.2305
1997-01-12,120.02422,120.24489
1997-01-13,120.03886,120.25929
1997-01-14,120.0535,120.27369
1997-01-15,120.06814,120.28809
1997-01-16,120.08278,120.30249
1997-01-17,120.09742,120.31689
1997-01-18,120.11207,120.3313
1997-01-19,120.12672,120.3457
1997-01-20,120.14136,120.36011
1997-01-21,120.15602,120.37452
1997-01-22,120.17067,120.38893
1997-01-23,120.18532,120.40335
1997-01-24,120.19998,120.41776
1997-01-25,120.21464,120.43218
1997-01-26,120.22929,120.4466
1997-01-27,120.24396,120.46102
1997-01-28,120.25862,120.47544
1997-01-29,120.27328,120.48986
1997-01-30,120.28795,120.50429
1997-01-31,120.30262,120.51871
1997-02-01,120.31742,120.53331
1997-02-02,120.33223,120.54791
1997-02-03,120.34704,120.56251
1997-02-04,120.36185,120.57711
1997-02-05,120.37666,120.59171
1997-02-06,120.39147,120.60632
1997-02-07,120.40628,120.62092
1997-02-08,120.4211,120.63553
1997-02-09,120.43592,120.65014
1997-02-10,120.45074,120.66475
1997-02-11,120.46556,120.67937
1997-02-12,120.48039,120.69398
1997-02-13,120.49521,120.7086
1997-02-14,120.51004,120.72322
1997-02-15,120.52487,120.73784
1997-02-16,120.5397,120.75246
1997-02-17,120.55453,120.76709
1997-02-18,120.56937,120.78172
1997-02-19,120.5842,120.79634
1997-02-20,120.59904,120.81097
1997-02-21,120.61388,120.8256
1997-02-22,120.62873,120.84024
1997-02-23,120.64357,120.85487
1997-02-24,120.65842,120.86951
1997-02-25,120.67326,120.88415
1997-02-26,120.68811,120.89879
1997-02-27,120.70296,120.91343
1997-02-28,120.71782,120.92807
1997-03-01,120.73291,120.94319
1997-03-02,120.748,120.95831
1997-03-03,120.76309,120.97343
1997-03-04,120.77819,120.98855
1997-03-05,120.79329,121.00367
1997-03-06,120.80838,121.0188
1997-03-07,120.82349,121.03393
1997-03-08,120.83859,121.04906
1997-03-09,120.85369,121.06419
1997-03-10,120.8688,121.07932
1997-03-11,120.88391,121.09445
1997-03-12,120.89902,121.10959
1997-03-13,120.91413,121.12473
1997-03-14,120.92925,121.13987
1997-03-15,120.94436,121.15501
1997-03-16,120.95948,121.17016
1997-03-17,120.9746,121.1853
1997-03-18,120.98972,121.20045
1997-03-19,121.00485,121.2156
1997-03-20,121.01997,121.23075
1997-03-21,121.0351,121.24591
1997-03-22,121.05023,121.26106
1997-03-23,121.06536,121.27622
1997-03-24,121.08049,121.29138
1997-03-25,121.09563,121.30654
1997-03-26,121.11076,121.32171
1997-03-27,121.1259,121.33687
1997-03-28,121.14104,121.35204
1997-03-29,121.15619,121.36721
1997-03-30,121.17133,121.38238
1997-03-31,121.18648,121.39755
1997-04-01,121.20126,121.41242
1997-04-02,121.21604,121.4273
1997-04-03,121.23082,121.44217
1997-04-04,121.2456,121.45705
1997-04-05,121.26039,121.47193
1997-04-06,121.27517,121.48681
1997-04-07,121.28996,121.50169
1997-04-08,121.30475,121.51657
1997-04-09,121.31954,121.53146
1997-04-10,121.33434,121.54634
1997-04-11,121.34913,121.56123
1997-04-12,121.36393,121.57613
1997-04-13,121.37873,121.59102
1997-04-14,121.39353,121.60591
1997-04-15,121.40834,121.62081
1997-04-16,121.42314,121.63571
1997-04-17,121.43795,121.65061
1997-04-18,121.45276,121.66551
1997-04-19,121.46757,121.68042
1997-04-20,121.48238,121.69532
1997-04-21,121.49719,121.71023
1997-04-22,121.51201,121.72514
1997-04-23,121.52683,121.74005
1997-04-24,121.54165,121.75496
1997-04-25,121.55647,121.76988
1997-04-26,121.57129,121.78479
1997-04-27,121.58612,121.79971
1997-04-28,121.60094,121.81463
1997-04-29,121.61577,121.82956
1997-04-30,121.6306,121.84448
1997-05-01,121.64513,121.8591
1997-05-02,121.65966,121.87372
1997-05-03,121.67419,121.88835
1997-05-04,121.68873,121.90298
1997-05-05,121.70326,121.9176
1997-05-06,121.7178,121.93223
1997-05-07,121.73234,121.94687
1997-05-08,121.74688,121.9615
1997-05-09,121.76142,121.97614
1997-05-10,121.77596,121.99077
1997-05-11,121.79051,122.00541
1997-05-12,121.80505,122.02005
1997-05-13,121.8196,122.03469
1997-05-14,121.83415,122.04934
1997-05-15,121.84871,122.06398
1997-05-16,121.86326,122.07863
1997-05-17,121.87782,122.09328
1997-05-18,121.89237,122.10793
1997-05-19,121.90693,122.12259
1997-05-20,121.92149,122.13724
1997-05-21,121.93606,122.1519
1997-05-22,121.95062,122.16656
1997-05-23,121.96519,122.18122
1997-05-24,121.97976,122.19588
1997-05-25,121.99433,122.21054
1997-05-26,122.0089,122.22521
1997-05-27,122.02347,122.23987
1997-05-28,122.03805,122.25454
1997-05-29,122.05262,122.26921
1997-05-30,122.0672,122.28388
1997-05-31,122.08178,122.29856
1997-06-01,122.09633,122.31317
1997-06-02,122.11088,122.32778
1997-06-03,122.12543,122.34239
1997-06-04,122.13998,122.357
1997-06-05,122.15454,122.37162
1997-06-06,122.1691,122.38623
1997-06-07,122.18365,122.40085
1997-06-08,122.19821,122.41547
1997-06-09,122.21278,122.43009
1997-06-10,122.22734,122.44472
1997-06-11,122.24191,122.45934
1997-06-12,122.25647,122.47397
1997-06-13,122.27104,122.4886
1997-06-14,122.28561,122.50323
1997-06-15,122.30019,122.51786
1997-06-16,122.31476,122.53249
1997-06-17,122.32933,122.54713
1997-06-18,122.34391,122.56177
1997-06-19,122.35849,122.57641
1997-06-20,122.37307,122.59105
1997-06-21,122.38766,122.60569
1997-06-22,122.40224,122.62034
1997-06-23,122.41683,122.63498
1997-06-24,122.43141,122.64963
1997-06-25,122.446,122.66428
1997-06-26,122.4606,122.67893
1997-06-27,122.47519,122.69358
1997-06-28,122.48978,122.70824
1997-06-29,122.50438,122.7229
1997-06-30,122.51898,122.73755
1997-07-01,122.53361,122.75225
1997-07-02,122.54825,122.76695
1997-07-03,122.56289,122.78164
1997-07-04,122.57753,122.79634
1997-07-05,122.59217,122.81104
1997-07-06,122.60681,122.82575
1997-07-07,122.62146,122.84045
1997-07-08,122.6361,122.85516
1997-07-09,122.65075,122.86987
1997-07-10,122.6654,122.88458
1997-07-11,122.68005,122.89929
1997-07-12,122.69471,122.914
1997-07-13,122.70936,122.92872
1997-07-14,122.72402,122.94344
1997-07-15,122.73868,122.95816
1997-07-16,122.75334,122.97288
1997-07-17,122.768,122.9876
1997-07-18,122.78266,123.00232
1997-07-19,122.79733,123.01705
1997-07-20,122.812,123.03178
1997-07-21,122.82666,123.04651
1997-07-22,122.84134,123.06124
1997-07-23,122.85601,123.07597
1997-07-24,122.87068,123.09071
1997-07-25,122.88536,123.10544
1997-07-26,122.90004,123.12018
1997-07-27,122.91472,123.13492
1997-07-28,122.9294,123.14966
1997-07-29,122.94408,123.16441
1997-07-30,122.95877,123.17915
1997-07-31,122.97345,123.1939
1997-08-01,122.98835,123.20903
1997-08-02,123.00324,123.22415
1997-08-03,123.01814,123.23928
1997-08-04,123.03304,123.25441
1997-08-05,123.04794,123.26955
1997-08-06,123.06284,123.28468
1997-08-07,123.07775,123.29982
1997-08-08,123.09265,123.31496
1997-08-09,123.10756,123.3301
1997-08-10,123.12247,123.34524
1997-08-11,123.13738,123.36038
1997-08-12,123.15229,123.37553
1997-08-13,123.16721,123.39068
1997-08-14,123.18213,123.40583
1997-08-15,123.19704,123.42098
1997-08-16,123.21197,123.43613
1997-08-17,123.22689,123.45129
1997-08-18,123.24181,123.46644
1997-08-19,123.25674,123.4816
1997-08-20,123.27167,123.49676
1997-08-21,123.28659,123.51193
1997-08-22,123.30153,123.52709
1997-08-23,123.31646,123.54226
1997-08-24,123.33139,123.55742
1997-08-25,123.34633,123.5726
1997-08-26,123.36127,123.58777
1997-08-27,123.37621,123.60294
1997-08-28,123.39115,123.61812
1997-08-29,123.4061,123.63329
1997-08-30,123.42104,123.64847
1997-08-31,123.43599,123.66365
1997-09-01,123.45077,123.6786
1997-09-02,123.46555,123.69354
1997-09-03,123.48033,123.70849
1997-09-04,123.49511,123.72344
1997-09-05,123.5099,123.73839
1997-09-06,123.52468,123.75334
1997-09-07,123.53947,123.76829
1997-09-08,123.55426,123.78325
1997-09-09,123.56906,123.7982
1997-09-10,123.58385,123.81316
1997-09-11,123.59865,123.82812
1997-09-12,123.61344,123.84309
1997-09-13,123.62824,123.85805
1997-09-14,123.64304,123.87302
1997-09-15,123.65785,123.88798
1997-09-16,123.67265,123.90295
1997-09-17,123.68746,123.91793
1997-09-18,123.70227,123.9329
1997-09-19,123.71708,123.94787
1997-09-20,123.73189,123.96285
1997-09-21,123.7467,123.97783
1997-09-22,123.76152,123.99281
1997-09-23,123.77633,124.00779
1997-09-24,123.79115,124.02278
1997-09-25,123.80597,124.03776
1997-09-26,123.82079,124.05275
1997-09-27,123.83562,124.06774
1997-09-28,123.85044,124.08273
1997-09-29,123.86527,124.09773
1997-09-30,123.8801,124.11272
1997-10-01,123.89538,124.12813
1997-10-02,123.91066,124.14355
1997-10-03,123.92594,124.15896
1997-10-04,123.94123,124.17438
1997-10-05,123.95651,124.18979
1997-10-06,123.9718,124.20521
1997-10-07,123.98709,124.22064
1997-10-08,124.00238,124.23606
1997-10-09,124.01768,124.25149
1997-10-10,124.03297,124.26691
1997-10-11,124.04827,124.28234
1997-10-12,124.06357,124.29778
1997-10-13,124.07887,124.31321
1997-10-14,124.09417,124.32865
1997-10-15,124.10948,124.34408
1997-10-16,124.12478,124.35952
1997-10-17,124.14009,124.37496
1997-10-18,124.1554,124.39041
1997-10-19,124.17072,124.40585
1997-10-20,124.18603,124.4213
1997-10-21,124.20135,124.43675
1997-10-22,124.21667,124.4522
1997-10-23,124.23199,124.46765
1997-10-24,124.24731,124.48311
1997-10-25,124.26263,124.49856
1997-10-26,124.27796,124.51402
1997-10-27,124.29328,124.52948
1997-10-28,124.30861,124.54494
1997-10-29,124.32395,124.56041
1997-10-30,124.33928,124.57588
1997-10-31,124.35461,124.59134
1997-11-01,124.37012,124.60695
1997-11-02,124.38564,124.62256
1997-11-03,124.40115,124.63817
1997-11-04,124.41666,124.65379
1997-11-05,124.43218,124.66941
1997-11-06,124.4477,124.68502
1997-11-07,124.46322,124.70064
1997-11-08,124.47875,124.71627
1997-11-09,124.49427,124.73189
1997-11-10,124.5098,124.74752
1997-11-11,124.52533,124.76314
1997-11-12,124.54086,124.77877
1997-11-13,124.55639,124.79441
1997-11-14,124.57193,124.81004
1997-11-15,124.58746,124.82568
1997-11-16,124.603,124.84131
1997-11-17,124.61854,124.85695
1997-11-18,124.63409,124.8726
1997-11-19,124.64963,124.88824
1997-11-20,124.66518,124.90389
1997-11-21,124.68073,124.91953
1997-11-22,124.69628,124.93518
1997-11-23,124.71183,124.95083
1997-11-24,124.72738,124.96649
1997-11-25,124.74294,124.98214
1997-11-26,124.7585,124.9978
1997-11-27,124.77406,125.01346
1997-11-28,124.78962,125.02912
1997-11-29,124.80518,125.04479
1997-11-30,124.82075,125.06045
1997-12-01,124.8359,125.07563
1997-12-02,124.85106,125.09081
1997-12-03,124.86621,125.106
1997-12-04,124.88137,125.12119
1997-12-05,124.89653,125.13637
1997-12-06,124.91169,125.15156
1997-12-07,124.92685,125.16676
1997-12-08,124.94202,125.18195
1997-12-09,124.95718,125.19715
1997-12-10,124.97235,125.21234
1997-12-11,124.98752,125.22754
1997-12-12,125.00269,125.24274
1997-12-13,125.01787,125.25795
1997-12-14,125.03304,125.27315
1997-12-15,125.04822,125.28836
1997-12-16,125.0634,125.30357
1997-12-17,125.07858,125.31878
1997-12-18,125.09376,125.33399
1997-12-19,125.10895,125.3492
1997-12-20,125.12414,125.36442
1997-12-21,125.13933,125.37964
1997-12-22,125.15452,125.39486
1997-12-23,125.16971,125.41008
1997-12-24,125.1849,125.4253
1997-12-25,125.2001,125.44053
1997-12-26,125.2153,125.45575
1997-12-27,125.2305,125.47098
1997-12-28,125.2457,125.48621
1997-12-29,125.2609,125.50145
1997-12-30,125.27611,125.51668
1997-12-31,125.29131,125.53192
1998-01-01,125.30614,125.54667
1998-01-02,125.32097,125.56142
1998-01-03,125.3358,125.57617
1998-01-04,125.35063,125.59093
1998-01-05,125.36546,125.60569
1998-01-06,125.3803,125.62044
1998-01-07,125.39513,125.6352
1998-01-08,125.40997,125.64997
1998-01-09,125.42481,125.66473
1998-01-10,125.43965,125.6795
1998-01-11,125.4545,125.69426
1998-01-12,125.46934,125.70903
1998-01-13,125.48419,125.7238
1998-01-14,125.49904,125.73858
1998-01-15,125.51389,125.75335
1998-01-16,125.52874,125.76813
1998-01-17,125.5436,125.7829
1998-01-18,125.55845,125.79768
1998-01-19,125.57331,125.81246
1998-01-20,125.58817,125.82725
1998-01-21,125.60303,125.84203
1998-01-22,125.61789,125.85682
1998-01-23,125.63276,125.87161
1998-01-24,125.64763,125.8864
1998-01-25,125.66249,125.90119
1998-01-26,125.67736,125.91598
1998-01-27,125.69224,125.93078
1998-01-28,125.70711,125.94557
1998-01-29,125.72198,125.96037
1998-01-30,125.73686,125.97517
1998-01-31,125.75174,125.98997
1998-02-01,125.76655,126.00464
1998-02-02,125.78136,126.0193
1998-02-03,125.79618,126.03397
1998-02-04,125.81099,126.04864
1998-02-05,125.82581,126.06331
1998-02-06,125.84063,126.07798
1998-02-07,125.85545,126.09266
1998-02-08,125.87028,126.10733
1998-02-09,125.8851,126.12201
1998-02-10,125.89993,126.13669
1998-02-11,125.91475,126.15137
1998-02-12,125.92958,126.16605
1998-02-13,125.94442,126.18074
1998-02-14,125.95925,126.19542
1998-02-15,125.97409,126.21011
1998-02-16,125.98892,126.2248
1998-02-17,126.00376,126.23949
1998-02-18,126.0186,126.25419
1998-02-19,126.03344,126.26888
1998-02-20,126.04829,126.28358
1998-02-21,126.06313,126.29827
1998-02-22,126.07798,126.31297
1998-02-23,126.09283,126.32768
1998-02-24,126.10768,126.34238
1998-02-25,126.12253,126.35708
1998-02-26,126.13739,126.37179
1998-02-27,126.15224,126.3865
1998-02-28,126.1671,126.40121
1998-03-01,126.18151,126.41539
1998-03-02,126.19591,126.42958
1998-03-03,126.21032,126.44377
1998-03-04,126.22473,126.45796
1998-03-05,126.23914,126.47215
1998-03-06,126.25355,126.48634
1998-03-07,126.26796,126.50054
1998-03-08,126.28238,126.51473
1998-03-09,126.2968,126.52893
1998-03-10,126.31122,126.54313
1998-03-11,126.32564,126.55733
1998-03-12,126.34006,126.57153
1998-03-13,126.35448,126.58574
1998-03-14,126.36891,126.59994
1998-03-15,126.38334,126.61415
1998-03-16,126.39776,126.62836
1998-03-17,126.41219,126.64257
1998-03-18,126.42663,126.65678
1998-03-19,126.44106,126.671
1998-03-20,126.4555,126.68521
1998-03-21,126.46993,126.69943
1998-03-22,126.48437,126.71365
1998-03-23,126.49881,126.72787
1998-03-24,126.51325,126.74209
1998-03-25,126.5277,126.75631
1998-03-26,126.54214,126.77054
1998-03-27,126.55659,126.78476
1998-03-28,126.57104,126.79899
1998-03-29,126.58549,126.81322
1998-03-30,126.59994,126.82745
1998-03-31,126.61439,126.84168
1998-04-01,126.62878,126.85599
1998-04-02,126.64316,126.8703
1998-04-03,126.65755,126.8846
1998-04-04,126.67194,126.89891
1998-04-05,126.68633,126.91323
1998-04-06,126.70073,126.92754
1998-04-07,126.71512,126.94185
1998-04-08,126.72952,126.95617
1998-04-09,126.74392,126.97049
1998-04-10,126.75832,126.98481
1998-04-11,126.77272,126.99913
1998-04-12,126.78712,127.01345
1998-04-13,126.80152,127.02777
1998-04-14,126.81593,127.0421
1998-04-15,126.83034,127.05643
1998-04-16,126.84475,127.07076
1998-04-17,126.85916,127.08509
1998-04-18,126.87357,127.09942
1998-04-19,126.88798,127.11375
1998-04-20,126.9024,127.12809
1998-04-21,126.91682,127.14243
1998-04-22,126.93124,127.15677
1998-04-23,126.94566,127.17111
1998-04-24,126.96008,127.18545
1998-04-25,126.9745,127.19979
1998-04-26,126.98893,127.21414
1998-04-27,127.00336,127.22848
1998-04-28,127.01779,127.24283
1998-04-29,127.03222,127.25718
1998-04-30,127.04665,127.27153
1998-05-01,127.06098,127.28585
1998-05-02,127.07531,127.30017
1998-05-03,127.08964,127.31449
1998-05-04,127.10397,127.32882
1998-05-05,127.11831,127.34314
1998-05-06,127.13264,127.35747
1998-05-07,127.14698,127.3718
1998-05-08,127.16132,127.38612
1998-05-09,127.17566,127.40046
1998-05-10,127.19,127.41479
1998-05-11,127.20435,127.42912
1998-05-12,127.21869,127.44346
1998-05-13,127.23304,127.4578
1998-05-14,127.24739,127.47213
1998-05-15,127.26174,127.48647
1998-05-16,127.27609,127.50082
1998-05-17,127.29045,127.51516
1998-05-18,127.3048,127.52951
1998-05-19,127.31916,127.54385
1998-05-20,127.33352,127.5582
1998-05-21,127.34788,127.57255
1998-05-22,127.36224,127.5869
1998-05-23,127.3766,127.60126
1998-05-24,127.39097,127.61561
1998-05-25,127.40534,127.62997
1998-05-26,127.4197,127.64433
1998-05-27,127.43407,127.65869
1998-05-28,127.44845,127.67305
1998-05-29,127.46282,127.68741
1998-05-30,127.47719,127.70178
1998-05-31,127.49157,127.71614
1998-06-01,127.50581,127.73041
1998-06-02,127.52005,127.74467
1998-06-03,127.53429,127.75893
1998-06-04,127.54853,127.7732
1998-06-05,127.56277,127.78747
1998-06-06,127.57701,127.80174
1998-06-07,127.59126,127.81601
1998-06-08,127.60551,127.83028
1998-06-09,127.61976,127.84456
1998-06-10,127.63401,127.85883
1998-06-11,127.64826,127.87311
1998-06-12,127.66251,127.88739
1998-06-13,127.67677,127.90167
1998-06-14,127.69103,127.91595
1998-06-15,127.70529,127.93024
1998-06-16,127.71955,127.94452
1998-06-17,127.73381,127.95881
1998-06-18,127.74807,127.9731
1998-06-19,127.76234,127.98739
1998-06-20,127.7766,128.00168
1998-06-21,127.79087,128.01597
1998-06-22,127.80514,128.03027
1998-06-23,127.81941,128.04457
1998-06-24,127.83369,128.05886
1998-06-25,127.84796,128.07316
1998-06-26,127.86224,128.08746
1998-06-27,127.87652,128.10177
1998-06-28,127.8908,128.11607
1998-06-29,127.90508,128.13038
1998-06-30,127.91936,128.14469
1998-07-01,127.9334,128.15875
1998-07-02,127.94743,128.17281
1998-07-03,127.96147,128.18687
1998-07-04,127.97551,128.20094
1998-07-05,127.98955,128.215
1998-07-06,128.0036,128.22907
1998-07-07,128.01764,128.24314
1998-07-08,128.03169,128.25721
1998-07-09,128.04574,128.27129
1998-07-10,128.05979,128.28536
1998-07-11,128.07384,128.29944
1998-07-12,128.08789,128.31351
1998-07-13,128.10194,128.32759
1998-07-14,128.116,128.34167
1998-07-15,128.13006,128.35575
1998-07-16,128.14411,128.36984
1998-07-17,128.15817,128.38392
1998-07-18,128.17224,128.39801
1998-07-19,128.1863,128.4121
1998-07-20,128.20036,128.42619
1998-07-21,128.21443,128.44028
1998-07-22,128.2285,128.45437
1998-07-23,128.24257,128.46846
1998-07-24,128.25664,128.48256
1998-07-25,128.27071,128.49666
1998-07-26,128.28479,128.51076
1998-07-27,128.29886,128.52486
1998-07-28,128.31294,128.53896
1998-07-29,128.32702,128.55306
1998-07-30,128.3411,128.56717
1998-07-31,128.35518,128.58127
1998-08-01,128.36919,128.59524
1998-08-02,128.38321,128.60921
1998-08-03,128.39722,128.62318
1998-08-04,128.41124,128.63715
1998-08-05,128.42526,128.65112
1998-08-06,128.43928,128.66509
1998-08-07,128.4533,128.67906
1998-08-08,128.46732,128.69304
1998-08-09,128.48134,128.70702
1998-08-10,128.49537,128.721
1998-08-11,128.5094,128.73498
1998-08-12,128.52343,128.74896
1998-08-13,128.53746,128.76294
1998-08-14,128.55149,128.77693
1998-08-15,128.56552,128.79091
1998-08-16,128.57956,128.8049
1998-08-17,128.59359,128.81889
1998-08-18,128.60763,128.83288
1998-08-19,128.62167,128.84688
1998-08-20,128.63571,128.86087
1998-08-21,128.64976,128.87487
1998-08-22,128.6638,128.88886
1998-08-23,128.67785,128.90286
1998-08-24,128.69189,128.91686
1998-08-25,128.70594,128.93086
1998-08-26,128.71999,128.94487
1998-08-27,128.73404,128.95887
1998-08-28,128.7481,128.97288
1998-08-29,128.76215,128.98689
1998-08-30,128.77621,129.0009
1998-08-31,128.79027,129.01491
1998-09-01,128.80433,129.0286
1998-09-02,128.81839,129.04229
1998-09-03,128.83245,129.05598
1998-09-04,128.84652,129.06968
1998-09-05,128.86058,129.08337
1998-09-06,128.87465,129.09707
1998-09-07,128.88872,129.11077
1998-09-08,128.90279,129.12447
1998-09-09,128.91686,129.13817
1998-09-10,128.93093,129.15187
1998-09-11,128.94501,129.16558
1998-09-12,128.95908,129.17928
1998-09-13,128.97316,129.19299
1998-09-14,128.98724,129.2067
1998-09-15,129.00132,129.22041
1998-09-16,129.01541,129.23412
1998-09-17,129.02949,129.24783
1998-09-18,129.04358,129.26155
1998-09-19,129.05766,129.27526
1998-09-20,129.07175,129.28898
1998-09-21,129.08584,129.3027
1998-09-22,129.09993,129.31642
1998-09-23,129.11403,129.33014
1998-09-24,129.12812,129.34387
1998-09-25,129.14222,129.35759
1998-09-26,129.15632,129.37132
1998-09-27,129.17042,129.38504
1998-09-28,129.18452,129.39877
1998-09-29,129.19862,129.4125
1998-09-30,129.21272,129.42624
1998-10-01,129.2264,129.43947
1998-10-02,129.24008,129.4527
1998-10-03,129.25375,129.46593
1998-10-04,129.26743,129.47917
1998-10-05,129.28111,129.4924
1998-10-06,129.2948,129.50564
1998-10-07,129.30848,129.51888
1998-10-08,129.32216,129.53212
1998-10-09,129.33585,129.54536
1998-10-10,129.34954,129.5586
1998-10-11,129.36323,129.57184
1998-10-12,129.37692,129.58509
1998-10-13,129.39061,129.59834
1998-10-14,129.40431,129.61158
1998-10-15,129.418,129.62483
1998-10-16,129.4317,129.63808
1998-10-17,129.4454,129.65133
1998-10-18,129.4591,129.66459
1998-10-19,129.4728,129.67784
1998-10-20,129.4865,129.6911
1998-10-21,129.5002,129.70436
1998-10-22,129.51391,129.71761
1998-10-23,129.52762,129.73087
1998-10-24,129.54132,129.74414
1998-10-25,129.55503,129.7574
1998-10-26,129.56875,129.77066
1998-10-27,129.58246,129.78393
1998-10-28,129.59617,129.7972
1998-10-29,129.60989,129.81046
1998-10-30,129.6236,129.82373
1998-10-31,129.63732,129.837
1998-11-01,129.65061,129.85006
1998-11-02,129.6639,129.86312
1998-11-03,129.67719,129.87618
1998-11-04,129.69048,129.88923
1998-11-05,129.70378,129.9023
1998-11-06,129.71707,129.91536
1998-11-07,129.73037,129.92842
1998-11-08,129.74366,129.94149
1998-11-09,129.75696,129.95455
1998-11-10,129.77026,129.96762
1998-11-11,129.78356,129.98069
1998-11-12,129.79687,129.99376
1998-11-13,129.81017,130.00683
1998-11-14,129.82348,130.0199
1998-11-15,129.83678,130.03298
1998-11-16,129.85009,130.04605
1998-11-17,129.8634,130.05913
1998-11-18,129.87671,130.07221
1998-11-19,129.89002,130.08529
1998-11-20,129.90334,130.09837
1998-11-21,129.91665,130.11145
1998-11-22,129.92997,130.12454
1998-11-23,129.94329,130.13762
1998-11-24,129.95661,130.15071
1998-11-25,129.96993,130.16379
1998-11-26,129.98325,130.17688
1998-11-27,129.99657,130.18997
1998-11-28,130.0099,130.20306
1998-11-29,130.02322,130.21616
1998-11-30,130.03655,130.22925
1998-12-01,130.04872,130.24126
1998-12-02,130.0609,130.25327
1998-12-03,130.07307,130.26528
1998-12-04,130.08525,130.2773
1998-12-05,130.09743,130.28931
1998-12-06,130.10961,130.30133
1998-12-07,130.12178,130.31334
1998-12-08,130.13397,130.32536
1998-12-09,130.14615,130.33738
1998-12-10,130.15833,130.3494
1998-12-11,130.17052,130.36142
1998-12-12,130.1827,130.37344
1998-12-13,130.19489,130.38547
1998-12-14,130.20707,130.39749
1998-12-15,130.21926,130.40952
1998-12-16,130.23145,130.42154
1998-12-17,130.24364,130.43357
1998-12-18,130.25584,130.4456
1998-12-19,130.26803,130.45763
1998-12-20,130.28022,130.46966
1998-12-21,130.29242,130.48169
1998-12-22,130.30462,130.49373
1998-12-23,130.31682,130.50576
1998-12-24,130.32901,130.5178
1998-12-25,130.34121,130.52983
1998-12-26,130.35342,130.54187
1998-12-27,130.36562,130.55391
1998-12-28,130.37782,130.56595
1998-12-29,130.39003,130.57799
1998-12-30,130.40223,130.59003
1998-12-31,130.41444,130.60208
1999-01-01,130.42579,130.61329
1999-01-02,130.43713,130.62451
1999-01-03,130.44848,130.63573
1999-01-04,130.45983,130.64694
1999-01-05,130.47118,130.65816
1999-01-06,130.48253,130.66938
1999-01-07,130.49389,130.6806
1999-01-08,130.50524,130.69183
1999-01-09,130.51659,130.70305
1999-01-10,130.52795,130.71427
1999-01-11,130.53931,130.7255
1999-01-12,130.55066,130.73672
1999-01-13,130.56202,130.74795
1999-01-14,130.57338,130.75918
1999-01-15,130.58474,130.77041
1999-01-16,130.5961,130.78164
1999-01-17,130.60746,130.79287
1999-01-18,130.61883,130.8041
1999-01-19,130.63019,130.81533
1999-01-20,130.64156,130.82657
1999-01-21,130.65292,130.8378
1999-01-22,130.66429,130.84904
1999-01-23,130.67566,130.86027
1999-01-24,130.68703,130.87151
1999-01-25,130.6984,130.88275
1999-01-26,130.70977,130.89399
1999-01-27,130.72114,130.90523
1999-01-28,130.73251,130.91647
1999-01-29,130.74389,130.92771
1999-01-30,130.75526,130.93895
1999-01-31,130.76664,130.9502
1999-02-01,130.77787,130.96126
1999-02-02,130.78911,130.97232
1999-02-03,130.80035,130.98338
1999-02-04,130.81159,130.99444
1999-02-05,130.82283,131.0055
1999-02-06,130.83407,131.01656
1999-02-07,130.84531,131.02762
1999-02-08,130.85656,131.03869
1999-02-09,130.8678,131.04975
1999-02-10,130.87905,131.06082
1999-02-11,130.89029,131.07189
1999-02-12,130.90154,131.08296
1999-02-13,130.91279,131.09403
1999-02-14,130.92404,131.1051
1999-02-15,130.93529,131.11617
1999-02-16,130.94654,131.12724
1999-02-17,130.95779,131.13831
1999-02-18,130.96904,131.14939
1999-02-19,130.9803,131.16046
1999-02-20,130.99155,131.17154
1999-02-21,131.00281,131.18261
1999-02-22,131.01406,131.19369
1999-02-23,131.02532,131.20477
1999-02-24,131.03658,131.21585
1999-02-25,131.04784,131.22693
1999-02-26,131.0591,131.23801
1999-02-27,131.07036,131.24909
1999-02-28,131.08163,131.26018
1999-03-01,131.09272,131.27121
1999-03-02,131.10381,131.28224
1999-03-03,131.11491,131.29327
1999-03-04,131.126,131.3043
1999-03-05,131.1371,131.31533
1999-03-06,131.1482,131.32637
1999-03-07,131.1593,131.3374
1999-03-08,131.1704,131.34844
1999-03-09,131.1815,131.35947
1999-03-10,131.1926,131.37051
1999-03-11,131.20371,131.38155
1999-03-12,131.21481,131.39259
1999-03-13,131.22591,131.40363
1999-03-14,131.23702,131.41467
1999-03-15,131.24813,131.42571
1999-03-16,131.25923,131.43676
1999-03-17,131.27034,131.4478
1999-03-18,131.28145,131.45885
1999-03-19,131.29256,131.46989
1999-03-20,131.30367,131.48094
1999-03-21,131.31479,131.49199
1999-03-22,131.3259,131.50304
1999-03-23,131.33701,131.51409
1999-03-24,131.34813,131.52514
1999-03-25,131.35924,131.53619
1999-03-26,131.37036,131.54724
1999-03-27,131.38148,131.55829
1999-03-28,131.3926,131.56935
1999-03-29,131.40372,131.5804
1999-03-30,131.41484,131.59146
1999-03-31,131.42596,131.60252
1999-04-01,131.4358,131.6124
1999-04-02,131.44565,131.62229
1999-04-03,131.45549,131.63218
1999-04-04,131.46534,131.64207
1999-04-05,131.47519,131.65195
1999-04-06,131.48504,131.66184
1999-04-07,131.49488,131.67173
1999-04-08,131.50473,131.68163
1999-04-09,131.51458,131.69152
1999-04-10,131.52443,131.70141
1999-04-11,131.53429,131.7113
1999-04-12,131.54414,131.7212
1999-04-13,131.55399,131.73109
1999-04-14,131.56384,131.74099
1999-04-15,131.5737,131.75088
1999-04-16,131.58355,131.76078
1999-04-17,131.59341,131.77068
1999-04-18,131.60327,131.78058
1999-04-19,131.61312,131.79048
1999-04-20,131.62298,131.80038
1999-04-21,131.63284,131.81028
1999-04-22,131.6427,131.82018
1999-04-23,131.65256,131.83008
1999-04-24,131.66242,131.83999
1999-04-25,131.67228,131.84989
1999-04-26,131.68214,131.85979
1999-04-27,131.69201,131.8697
1999-04-28,131.70187,131.87961
1999-04-29,131.71174,131.88951
1999-04-30,131.7216,131.89942
1999-05-01,131.73104,131.90894
1999-05-02,131.74047,131.91845
1999-05-03,131.74991,131.92797
1999-05-04,131.75935,131.93749
1999-05-05,131.76879,131.94701
1999-05-06,131.77823,131.95653
1999-05-07,131.78767,131.96606
1999-05-08,131.79711,131.97558
1999-05-09,131.80655,131.9851
1999-05-10,131.81599,131.99462
1999-05-11,131.82544,132.00415
1999-05-12,131.83488,132.01367
1999-05-13,131.84433,132.0232
1999-05-14,131.85377,132.03272
1999-05-15,131.86322,132.04225
1999-05-16,131.87266,132.05178
1999-05-17,131.88211,132.06131
1999-05-18,131.89156,132.07084
1999-05-19,131.90101,132.08037
1999-05-20,131.91045,132.0899
1999-05-21,131.9199,132.09943
1999-05-22,131.92935,132.10896
1999-05-23,131.93881,132.11849
1999-05-24,131.94826,132.12803
1999-05-25,131.95771,132.13756
1999-05-26,131.96716,132.14709
1999-05-27,131.97662,132.15663
1999-05-28,131.98607,132.16616
1999-05-29,131.99553,132.1757
1999-05-30,132.00498,132.18524
1999-05-31,132.01444,132.19478
1999-06-01,132.02407,132.20462
1999-06-02,132.0337,132.21446
1999-06-03,132.04334,132.2243
1999-06-04,132.05297,132.23415
1999-06-05,132.06261,132.24399
1999-06-06,132.07224,132.25384
1999-06-07,132.08188,132.26368
1999-06-08,132.09152,132.27353
1999-06-09,132.10115,132.28338
1999-06-10,132.11079,132.29322
1999-06-11,132.12043,132.30307
1999-06-12,132.13007,132.31292
1999-06-13,132.13971,132.32277
1999-06-14,132.14935,132.33262
1999-06-15,132.159,132.34248
1999-06-16,132.16864,132.35233
1999-06-17,132.17828,132.36218
1999-06-18,132.18793,132.37204
1999-06-19,132.19757,132.38189
1999-06-20,132.20722,132.39175
1999-06-21,132.21686,132.4016
1999-06-22,132.22651,132.41146
1999-06-23,132.23616,132.42132
1999-06-24,132.24581,132.43118
1999-06-25,132.25546,132.44103
1999-06-26,132.26511,132.45089
1999-06-27,132.27476,132.46075
1999-06-28,132.28441,132.47062
1999-06-29,132.29406,132.48048
1999-06-30,132.30371,132.49034
1999-07-01,132.31355,132.501
1999-07-02,132.32338,132.51167
1999-07-03,132.33322,132.52233
1999-07-04,132.34306,132.533
1999-07-05,132.3529,132.54367
1999-07-06,132.36274,132.55434
1999-07-07,132.37258,132.565
1999-07-08,132.38242,132.57567
1999-07-09,132.39226,132.58634
1999-07-10,132.40211,132.59702
1999-07-11,132.41195,132.60769
1999-07-12,132.42179,132.61836
1999-07-13,132.43164,132.62903
1999-07-14,132.44149,132.63971
1999-07-15,132.45133,132.65039
1999-07-16,132.46118,132.66106
1999-07-17,132.47103,132.67174
1999-07-18,132.48088,132.68242
1999-07-19,132.49073,132.6931
1999-07-20,132.50058,132.70378
1999-07-21,132.51043,132.71446
1999-07-22,132.52028,132.72514
1999-07-23,132.53013,132.73582
1999-07-24,132.53998,132.7465
1999-07-25,132.54984,132.75719
1999-07-26,132.55969,132.76787
1999-07-27,132.56955,132.77856
1999-07-28,132.5794,132.78925
1999-07-29,132.58926,132.79993
1999-07-30,132.59912,132.81062
1999-07-31,132.60898,132.82131
1999-08-01,132.6189,132.83258
1999-08-02,132.62883,132.84384
1999-08-03,132.63876,132.85511
1999-08-04,132.64869,132.86638
1999-08-05,132.65862,132.87765
1999-08-06,132.66855,132.88892
1999-08-07,132.67848,132.90019
1999-08-08,132.68842,132.91146
1999-08-09,132.69835,132.92273
1999-08-10,132.70828,132.93401
1999-08-11,132.71822,132.94528
1999-08-12,132.72815,132.95656
1999-08-13,132.73809,132.96783
1999-08-14,132.74803,132.97911
1999-08-15,132.75796,132.99039
1999-08-16,132.7679,133.00167
1999-08-17,132.77784,133.01295
1999-08-18,132.78778,133.02423
1999-08-19,132.79772,133.03551
1999-08-20,132.80767,133.04679
1999-08-21,132.81761,133.05808
1999-08-22,132.82755,133.06936
1999-08-23,132.83749,133.08065
1999-08-24,132.84744,133.09194
1999-08-25,132.85738,133.10322
1999-08-26,132.86733,133.11451
1999-08-27,132.87728,133.1258
1999-08-28,132.88722,133.13709
1999-08-29,132.89717,133.14839
1999-08-30,132.90712,133.15968
1999-08-31,132.91707,133.17097
1999-09-01,132.92714,133.18247
1999-09-02,132.93721,133.19396
1999-09-03,132.94728,133.20546
1999-09-04,132.95735,133.21695
1999-09-05,132.96742,133.22845
1999-09-06,132.97749,133.23995
1999-09-07,132.98756,133.25145
1999-09-08,132.99763,133.26295
1999-09-09,133.0077,133.27445
1999-09-10,133.01778,133.28595
1999-09-11,133.02785,133.29746
1999-09-12,133.03793,133.30896
1999-09-13,133.04801,133.32047
1999-09-14,133.05808,133.33197
1999-09-15,133.06816,133.34348
1999-09-16,133.07824,133.35499
1999-09-17,133.08832,133.3665
1999-09-18,133.0984,133.37801
1999-09-19,133.10848,133.38952
1999-09-20,133.11856,133.40104
1999-09-21,133.12864,133.41255
1999-09-22,133.13873,133.42406
1999-09-23,133.14881,133.43558
1999-09-24,133.1589,133.4471
1999-09-25,133.16898,133.45861
1999-09-26,133.17907,133.47013
1999-09-27,133.18916,133.48165
1999-09-28,133.19924,133.49317
1999-09-29,133.20933,133.50469
1999-09-30,133.21942,133.51622
1999-10-01,133.23191,133.52904
1999-10-02,133.24441,133.54186
1999-10-03,133.2569,133.55468
1999-10-04,133.2694,133.56751
1999-10-05,133.28189,133.58034
1999-10-06,133.29439,133.59316
1999-10-07,133.30689,133.60599
1999-10-08,133.31939,133.61882
1999-10-09,133.33189,133.63165
1999-10-10,133.34439,133.64449
1999-10-11,133.3569,133.65732
1999-10-12,133.3694,133.67016
1999-10-13,133.38191,133.68299
1999-10-14,133.39441,133.69583
1999-10-15,133.40692,133.70867
1999-10-16,133.41943,133.72151
1999-10-17,133.43194,133.73435
1999-10-18,133.44445,133.74719
1999-10-19,133.45697,133.76004
1999-10-20,133.46948,133.77288
1999-10-21,133.482,133.78573
1999-10-22,133.49451,133.79858
1999-10-23,133.50703,133.81142
1999-10-24,133.51955,133.82427
1999-10-25,133.53207,133.83713
1999-10-26,133.54459,133.84998
1999-10-27,133.55711,133.86283
1999-10-28,133.56964,133.87569
1999-10-29,133.58216,133.88854
1999-10-30,133.59469,133.9014
1999-10-31,133.60721,133.91426
1999-11-01,133.62008,133.92722
1999-11-02,133.63295,133.94018
1999-11-03,133.64583,133.95315
1999-11-04,133.6587,133.96611
1999-11-05,133.67157,133.97908
1999-11-06,133.68445,133.99204
1999-11-07,133.69733,134.00501
1999-11-08,133.7102,134.01798
1999-11-09,133.72308,134.03095
1999-11-10,133.73596,134.04393
1999-11-11,133.74885,134.0569
1999-11-12,133.76173,134.06988
1999-11-13,133.77461,134.08285
1999-11-14,133.7875,134.09583
1999-11-15,133.80039,134.10881
1999-11-16,133.81328,134.12179
1999-11-17,133.82617,134.13477
1999-11-18,133.83906,134.14775
1999-11-19,133.85195,134.16073
1999-11-20,133.86484,134.17372
1999-11-21,133.87774,134.18671
1999-11-22,133.89063,134.19969
1999-11-23,133.90353,134.21268
1999-11-24,133.91643,134.22567
1999-11-25,133.92933,134.23866
1999-11-26,133.94223,134.25166
1999-11-27,133.95513,134.26465
1999-11-28,133.96803,134.27764
1999-11-29,133.98094,134.29064
1999-11-30,133.99384,134.30364
1999-12-01,134.00667,134.31674
1999-12-02,134.0195,134.32984
1999-12-03,134.03232,134.34295
1999-12-04,134.04515,134.35605
1999-12-05,134.05799,134.36916
1999-12-06,134.07082,134.38226
1999-12-07,134.08365,134.39537
1999-12-08,134.09649,134.40848
1999-12-09,134.10932,134.42159
1999-12-10,134.12216,134.4347
1999-12-11,134.135,134.44782
1999-12-12,134.14784,134.46093
1999-12-13,134.16068,134.47405
1999-12-14,134.17352,134.48717
1999-12-15,134.18637,134.50029
1999-12-16,134.19921,134.51341
1999-12-17,134.21206,134.52653
1999-12-18,134.2249,134.53965
1999-12-19,134.23775,134.55277
1999-12-20,134.2506,134.5659
1999-12-21,134.26345,134.57903
1999-12-22,134.27631,134.59215
1999-12-23,134.28916,134.60528
1999-12-24,134.30201,134.61841
1999-12-25,134.31487,134.63154
1999-12-26,134.32773,134.64468
1999-12-27,134.34058,134.65781
1999-12-28,134.35344,134.67095
1999-12-29,134.36631,134.68408
1999-12-30,134.37917,134.69722
1999-12-31,134.39203,134.71036
2000-01-01,134.40451,134.72367
2000-01-02,134.41699,134.73698
2000-01-03,134.42947,134.75029
2000-01-04,134.44196,134.7636
2000-01-05,134.45444,134.77691
2000-01-06,134.46693,134.79023
2000-01-07,134.47942,134.80354
2000-01-08,134.49191,134.81686
2000-01-09,134.50439,134.83018
2000-01-10,134.51689,134.84349
2000-01-11,134.52938,134.85682
2000-01-12,134.54187,134.87014
2000-01-13,134.55436,134.88346
2000-01-14,134.56686,134.89678
2000-01-15,134.57936,134.91011
2000-01-16,134.59185,134.92344
2000-01-17,134.60435,134.93677
2000-01-18,134.61685,134.9501
2000-01-19,134.62935,134.96343
2000-01-20,134.64186,134.97676
2000-01-21,134.65436,134.99009
2000-01-22,134.66687,135.00343
2000-01-23,134.67937,135.01677
2000-01-24,134.69188,135.0301
2000-01-25,134.70439,135.04344
2000-01-26,134.7169,135.05678
2000-01-27,134.72941,135.07012
2000-01-28,134.74192,135.08347
2000-01-29,134.75443,135.09681
2000-01-30,134.76694,135.11016
2000-01-31,134.77946,135.1235
2000-02-01,134.7927,135.13752
2000-02-02,134.80594,135.15154
2000-02-03,134.81919,135.16556
2000-02-04,134.83243,135.17958
2000-02-05,134.84568,135.19361
2000-02-06,134.85893,135.20763
2000-02-07,134.87218,135.22166
2000-02-08,134.88543,135.23569
2000-02-09,134.89868,135.24972
2000-02-10,134.91193,135.26375
2000-02-11,134.92518,135.27778
2000-02-12,134.93844,135.29181
2000-02-13,134.9517,135.30585
2000-02-14,134.96495,135.31989
2000-02-15,134.97821,135.33392
2000-02-16,134.99148,135.34796
2000-02-17,135.00474,135.362
2000-02-18,135.018,135.37605
2000-02-19,135.03127,135.39009
2000-02-20,135.04453,135.40414
2000-02-21,135.0578,135.41818
2000-02-22,135.07107,135.43223
2000-02-23,135.08434,135.44628
2000-02-24,135.09761,135.46033
2000-02-25,135.11088,135.47439
2000-02-26,135.12415,135.48844
2000-02-27,135.13743,135.5025
2000-02-28,135.15071,135.51655
2000-02-29,135.16398,135.53061
2000-03-01,135.17805,135.54543
2000-03-02,135.19212,135.56025
2000-03-03,135.20619,135.57507
2000-03-04,135.22027,135.5899
2000-03-05,135.23434,135.60472
2000-03-06,135.24842,135.61955
2000-03-07,135.26249,135.63438
2000-03-08,135.27657,135.64921
2000-03-09,135.29065,135.66404
2000-03-10,135.30473,135.67887
2000-03-11,135.31882,135.69371
2000-03-12,135.3329,135.70854
2000-03-13,135.34699,135.72338
2000-03-14,135.36108,135.73822
2000-03-15,135.37516,135.75306
2000-03-16,135.38925,135.76791
2000-03-17,135.40335,135.78275
2000-03-18,135.41744,135.7976
2000-03-19,135.43153,135.81245
2000-03-20,135.44563,135.8273
2000-03-21,135.45973,135.84215
2000-03-22,135.47383,135.857
2000-03-23,135.48793,135.87185
2000-03-24,135.50203,135.88671
2000-03-25,135.51613,135.90157
2000-03-26,135.53024,135.91643
2000-03-27,135.54435,135.93129
2000-03-28,135.55845,135.94615
2000-03-29,135.57256,135.96102
2000-03-30,135.58668,135.97588
2000-03-31,135.60079,135.99075
2000-04-01,135.61557,136.00617
2000-04-02,135.63036,136.0216
2000-04-03,135.64515,136.03702
2000-04-04,135.65994,136.05245
2000-04-05,135.67473,136.06788
2000-04-06,135.68952,136.08331
2000-04-07,135.70432,136.09874
2000-04-08,135.71912,136.11418
2000-04-09,135.73391,136.12961
2000-04-10,135.74871,136.14505
2000-04-11,135.76351,136.16049
2000-04-12,135.77832,136.17593
2000-04-13,135.79312,136.19138
2000-04-14,135.80793,136.20682
2000-04-15,135.82274,136.22227
2000-04-16,135.83755,136.23772
2000-04-17,135.85236,136.25317
2000-04-18,135.86717,136.26862
2000-04-19,135.88198,136.28407
2000-04-20,135.8968,136.29953
2000-04-21,135.91162,136.31499
2000-04-22,135.92644,136.33045
2000-04-23,135.94126,136.34591
2000-04-24,135.95608,136.36137
2000-04-25,135.9709,136.37683
2000-04-26,135.98573,136.3923
2000-04-27,136.00056,136.40777
2000-04-28,136.01539,136.42324
2000-04-29,136.03022,136.43871
2000-04-30,136.04505,136.45418
2000-05-01,136.06153,136.4714
2000-05-02,136.07802,136.48863
2000-05-03,136.09451,136.50586
2000-05-04,136.111,136.52309
2000-05-05,136.12749,136.54032
2000-05-06,136.14398,136.55755
2000-05-07,136.16048,136.57479
2000-05-08,136.17698,136.59203
2000-05-09,136.19348,136.60927
2000-05-10,136.20998,136.62651
2000-05-11,136.22649,136.64376
2000-05-12,136.24299,136.661
2000-05-13,136.2595,136.67825
2000-05-14,136.27601,136.6955
2000-05-15,136.29252,136.71276
2000-05-16,136.30904,136.73001
2000-05-17,136.32555,136.74727
2000-05-18,136.34207,136.76453
2000-05-19,136.35859,136.78179
2000-05-20,136.37511,136.79906
2000-05-21,136.39164,136.81633
2000-05-22,136.40816,136.83359
2000-05-23,136.42469,136.85087
2000-05-24,136.44122,136.86814
2000-05-25,136.45776,136.88541
2000-05-26,136.47429,136.90269
2000-05-27,136.49083,136.91997
2000-05-28,136.50736,136.93725
2000-05-29,136.5239,136.95454
2000-05-30,136.54045,136.97182
2000-05-31,136.55699,136.98911
2000-06-01,136.57407,137.00693
2000-06-02,136.59115,137.02474
2000-06-03,136.60823,137.04256
2000-06-04,136.62531,137.06038
2000-06-05,136.64239,137.0782
2000-06-06,136.65948,137.09602
2000-06-07,136.67657,137.11385
2000-06-08,136.69366,137.13168
2000-06-09,136.71075,137.14951
2000-06-10,136.72785,137.16734
2000-06-11,136.74495,137.18518
2000-06-12,136.76205,137.20302
2000-06-13,136.77915,137.22086
2000-06-14,136.79625,137.2387
2000-06-15,136.81336,137.25655
2000-06-16,136.83047,137.2744
2000-06-17,136.84758,137.29224
2000-06-18,136.86469,137.3101
2000-06-19,136.8818,137.32795
2000-06-20,136.89892,137.34581
2000-06-21,136.91604,137.36367
2000-06-22,136.93316,137.38153
2000-06-23,136.95028,137.39939
2000-06-24,136.96741,137.41726
2000-06-25,136.98454,137.43513
2000-06-26,137.00167,137.453
2000-06-27,137.0188,137.47087
2000-06-28,137.03593,137.48875
2000-06-29,137.05307,137.50662
2000-06-30,137.07021,137.5245
2000-07-01,137.08766,137.54298
2000-07-02,137.10511,137.56146
2000-07-03,137.12256,137.57994
2000-07-04,137.14002,137.59843
2000-07-05,137.15748,137.61692
2000-07-06,137.17494,137.63541
2000-07-07,137.1924,137.6539
2000-07-08,137.20986,137.67239
2000-07-09,137.22733,137.69089
2000-07-10,137.2448,137.70939
2000-07-11,137.26227,137.72789
2000-07-12,137.27975,137.7464
2000-07-13,137.29722,137.7649
2000-07-14,137.3147,137.78341
2000-07-15,137.33218,137.80193
2000-07-16,137.34966,137.82044
2000-07-17,137.36715,137.83896
2000-07-18,137.38464,137.85748
2000-07-19,137.40213,137.876
2000-07-20,137.41962,137.89452
2000-07-21,137.43711,137.91305
2000-07-22,137.45461,137.93158
2000-07-23,137.47211,137.95011
2000-07-24,137.48961,137.96865
2000-07-25,137.50711,137.98718
2000-07-26,137.52461,138.00572
2000-07-27,137.54212,138.02427
2000-07-28,137.55963,138.04281
2000-07-29,137.57714,138.06136
2000-07-30,137.59466,138.07991
2000-07-31,137.61217,138.09846
2000-08-01,137.63043,138.11768
2000-08-02,137.6487,138.13691
2000-08-03,137.66696,138.15613
2000-08-04,137.68523,138.17536
2000-08-05,137.7035,138.1946
2000-08-06,137.72177,138.21383
2000-08-07,137.74005,138.23307
2000-08-08,137.75833,138.25231
2000-08-09,137.77661,138.27156
2000-08-10,137.79489,138.2908
2000-08-11,137.81317,138.31005
2000-08-12,137.83146,138.3293
2000-08-13,137.84975,138.34856
2000-08-14,137.86804,138.36782
2000-08-15,137.88634,138.38708
2000-08-16,137.90464,138.40634
2000-08-17,137.92294,138.4256
2000-08-18,137.94124,138.44487
2000-08-19,137.95954,138.46414
2000-08-20,137.97785,138.48342
2000-08-21,137.99616,138.50269
2000-08-22,138.01447,138.52197
2000-08-23,138.03278,138.54125
2000-08-24,138.0511,138.56054
2000-08-25,138.06942,138.57982
2000-08-26,138.08774,138.59911
2000-08-27,138.10606,138.6184
2000-08-28,138.12439,138.6377
2000-08-29,138.14272,138.657
2000-08-30,138.16105,138.6763
2000-08-31,138.17938,138.6956
2000-09-01,138.19801,138.71501
2000-09-02,138.21664,138.73442
2000-09-03,138.23527,138.75384
2000-09-04,138.25391,138.77325
2000-09-05,138.27254,138.79267
2000-09-06,138.29118,138.8121
2000-09-07,138.30982,138.83152
2000-09-08,138.32847,138.85095
2000-09-09,138.34711,138.87038
2000-09-10,138.36576,138.88982
2000-09-11,138.38441,138.90925
2000-09-12,138.40307,138.92869
2000-09-13,138.42173,138.94813
2000-09-14,138.44038,138.96758
2000-09-15,138.45905,138.98703
2000-09-16,138.47771,139.00648
2000-09-17,138.49638,139.02593
2000-09-18,138.51505,139.04539
2000-09-19,138.53372,139.06484
2000-09-20,138.55239,139.08431
2000-09-21,138.57107,139.10377
2000-09-22,138.58975,139.12324
2000-09-23,138.60843,139.1427
2000-09-24,138.62712,139.16218
2000-09-25,138.6458,139.18165
2000-09-26,138.66449,139.20113
2000-09-27,138.68318,139.22061
2000-09-28,138.70188,139.24009
2000-09-29,138.72058,139.25958
2000-09-30,138.73928,139.27907
2000-10-01,138.7587,139.29881
2000-10-02,138.77814,139.31856
2000-10-03,138.79757,139.33831
2000-10-04,138.81701,139.35806
2000-10-05,138.83644,139.37781
2000-10-06,138.85589,139.39757
2000-10-07,138.87533,139.41733
2000-10-08,138.89478,139.4371
2000-10-09,138.91423,139.45686
2000-10-10,138.93368,139.47663
2000-10-11,138.95314,139.49641
2000-10-12,138.9726,139.51618
2000-10-13,138.99206,139.53596
2000-10-14,139.01152,139.55574
2000-10-15,139.03099,139.57552
2000-10-16,139.05046,139.59531
2000-10-17,139.06993,139.6151
2000-10-18,139.0894,139.63489
2000-10-19,139.10888,139.65468
2000-10-20,139.12836,139.67448
2000-10-21,139.14784,139.69428
2000-10-22,139.16733,139.71408
2000-10-23,139.18682,139.73389
2000-10-24,139.20631,139.7537
2000-10-25,139.2258,139.77351
2000-10-26,139.2453,139.79332
2000-10-27,139.2648,139.81314
2000-10-28,139.2843,139.83296
2000-10-29,139.30381,139.85278
2000-10-30,139.32331,139.87261
2000-10-31,139.34282,139.89244
2000-11-01,139.36253,139.91237
2000-11-02,139.38224,139.93231
2000-11-03,139.40196,139.95226
2000-11-04,139.42168,139.9722
2000-11-05,139.4414,139.99215
2000-11-06,139.46112,140.0121
2000-11-07,139.48085,140.03206
2000-11-08,139.50057,140.05202
2000-11-09,139.52031,140.07198
2000-11-10,139.54004,140.09194
2000-11-11,139.55978,140.11191
2000-11-12,139.57952,140.13188
2000-11-13,139.59926,140.15185
2000-11-14,139.619,140.17182
2000-11-15,139.63875,140.1918
2000-11-16,139.6585,140.21178
2000-11-17,139.67826,140.23177
2000-11-18,139.69801,140.25175
2000-11-19,139.71777,140.27174
2000-11-20,139.73753,140.29173
2000-11-21,139.7573,140.31173
2000-11-22,139.77707,140.33172
2000-11-23,139.79684,140.35173
2000-11-24,139.81661,140.37173
2000-11-25,139.83639,140.39173
2000-11-26,139.85617,140.41174
2000-11-27,139.87595,140.43176
2000-11-28,139.89573,140.45177
2000-11-29,139.91552,140.47179
2000-11-30,139.93531,140.49181
2000-12-01,139.95451,140.51101
2000-12-02,139.97371,140.53021
2000-12-03,139.99291,140.54941
2000-12-04,140.01212,140.56862
2000-12-05,140.03133,140.58783
2000-12-06,140.05054,140.60704
2000-12-07,140.06976,140.62626
2000-12-08,140.08898,140.64548
2000-12-09,140.1082,140.6647
2000-12-10,140.12742,140.68392
2000-12-11,140.14664,140.70315
2000-12-12,140.16587,140.72237
2000-12-13,140.1851,140.7416
2000-12-14,140.20434,140.76084
2000-12-15,140.22357,140.78007
2000-12-16,140.24281,140.79931
2000-12-17,140.26205,140.81855
2000-12-18,140.28129,140.8378
2000-12-19,140.30054,140.85704
2000-12-20,140.31979,140.87629
2000-12-21,140.33904,140.89555
2000-12-22,140.3583,140.9148
2000-12-23,140.37755,140.93406
2000-12-24,140.39681,140.95332
2000-12-25,140.41608,140.97258
2000-12-26,140.43534,140.99184
2000-12-27,140.45461,141.01111
2000-12-28,140.47388,141.03038
2000-12-29,140.49315,141.04966
2000-12-30,140.51243,141.06893
2000-12-31,140.5317,141.08821
2001-01-01,140.55033,141.10653
2001-01-02,140.56895,141.12486
2001-01-03,140.58758,141.14318
2001-01-04,140.60621,141.16151
2001-01-05,140.62485,141.17985
2001-01-06,140.64348,141.19818
2001-01-07,140.66212,141.21652
2001-01-08,140.68076,141.23486
2001-01-09,140.6994,141.2532
2001-01-10,140.71805,141.27155
2001-01-11,140.7367,141.28989
2001-01-12,140.75535,141.30824
2001-01-13,140.774,141.32659
2001-01-14,140.79266,141.34495
2001-01-15,140.81131,141.3633
2001-01-16,140.82997,141.38166
2001-01-17,140.84864,141.40002
2001-01-18,140.8673,141.41839
2001-01-19,140.88597,141.43675
2001-01-20,140.90464,141.45512
2001-01-21,140.92331,141.47349
2001-01-22,140.94199,141.49186
2001-01-23,140.96066,141.51024
2001-01-24,140.97935,141.52862
2001-01-25,140.99803,141.547
2001-01-26,141.01671,141.56538
2001-01-27,141.0354,141.58376
2001-01-28,141.05409,141.60215
2001-01-29,141.07278,141.62054
2001-01-30,141.09148,141.63893
2001-01-31,141.11018,141.65733
2001-02-01,141.12882,141.67569
2001-02-02,141.14746,141.69405
2001-02-03,141.16611,141.71242
2001-02-04,141.18476,141.73079
2001-02-05,141.20341,141.74916
2001-02-06,141.22206,141.76754
2001-02-07,141.24072,141.78591
2001-02-08,141.25938,141.80429
2001-02-09,141.27804,141.82267
2001-02-10,141.2967,141.84105
2001-02-11,141.31537,141.85944
2001-02-12,141.33404,141.87783
2001-02-13,141.35271,141.89622
2001-02-14,141.37138,141.91461
2001-02-15,141.39006,141.93301
2001-02-16,141.40873,141.9514
2001-02-17,141.42741,141.9698
2001-02-18,141.4461,141.98821
2001-02-19,141.46478,142.00661
2001-02-20,141.48347,142.02502
2001-02-21,141.50216,142.04343
2001-02-22,141.52086,142.06184
2001-02-23,141.53955,142.08026
2001-02-24,141.55825,142.09867
2001-02-25,141.57695,142.11709
2001-02-26,141.59565,142.13551
2001-02-27,141.61436,142.15394
2001-02-28,141.63307,142.17236
2001-03-01,141.65159,142.19044
2001-03-02,141.67012,142.20852
2001-03-03,141.68865,142.2266
2001-03-04,141.70718,142.24468
2001-03-05,141.72572,142.26276
2001-03-06,141.74425,142.28085
2001-03-07,141.76279,142.29894
2001-03-08,141.78134,142.31703
2001-03-09,141.79988,142.33512
2001-03-10,141.81843,142.35322
2001-03-11,141.83698,142.37132
2001-03-12,141.85553,142.38942
2001-03-13,141.87408,142.40752
2001-03-14,141.89264,142.42563
2001-03-15,141.9112,142.44373
2001-03-16,141.92976,142.46184
2001-03-17,141.94832,142.47996
2001-03-18,141.96689,142.49807
2001-03-19,141.98546,142.51619
2001-03-20,142.00403,142.53431
2001-03-21,142.0226,142.55243
2001-03-22,142.04118,142.57055
2001-03-23,142.05976,142.58868
2001-03-24,142.07834,142.6068
2001-03-25,142.09692,142.62493
2001-03-26,142.1155,142.64307
2001-03-27,142.13409,142.6612
2001-03-28,142.15268,142.67934
2001-03-29,142.17128,142.69748
2001-03-30,142.18987,142.71562
2001-03-31,142.20847,142.73377
2001-04-01,142.22696,142.75187
2001-04-02,142.24546,142.76998
2001-04-03,142.26396,142.78809
2001-04-04,142.28246,142.8062
2001-04-05,142.30097,142.82431
2001-04-06,142.31948,142.84243
2001-04-07,142.33798,142.86055
2001-04-08,142.3565,142.87867
2001-04-09,142.37501,142.89679
2001-04-10,142.39353,142.91492
2001-04-11,142.41205,142.93305
2001-04-12,142.43057,142.95118
2001-04-13,142.44909,142.96931
2001-04-14,142.46762,142.98745
2001-04-15,142.48615,143.00558
2001-04-16,142.50468,143.02372
2001-04-17,142.52321,143.04186
2001-04-18,142.54175,143.06001
2001-04-19,142.56029,143.07816
2001-04-20,142.57883,143.0963
2001-04-21,142.59737,143.11446
2001-04-22,142.61592,143.13261
2001-04-23,142.63446,143.15076
2001-04-24,142.65301,143.16892
2001-04-25,142.67157,143.18708
2001-04-26,142.69012,143.20525
2001-04-27,142.70868,143.22341
2001-04-28,142.72724,143.24158
2001-04-29,142.7458,143.25975
2001-04-30,142.76437,143.27792
2001-05-01,142.78275,143.29606
2001-05-02,142.80114,143.3142
2001-05-03,142.81954,143.33234
2001-05-04,142.83793,143.35049
2001-05-05,142.85633,143.36864
2001-05-06,142.87473,143.38679
2001-05-07,142.89313,143.40494
2001-05-08,142.91153,143.4231
2001-05-09,142.92994,143.44126
2001-05-10,142.94835,143.45942
2001-05-11,142.96676,143.47758
2001-05-12,142.98517,143.49575
2001-05-13,143.00359,143.51391
2001-05-14,143.02201,143.53208
2001-05-15,143.04043,143.55025
2001-05-16,143.05885,143.56843
2001-05-17,143.07728,143.58661
2001-05-18,143.09571,143.60478
2001-05-19,143.11414,143.62297
2001-05-20,143.13257,143.64115
2001-05-21,143.151,143.65933
2001-05-22,143.16944,143.67752
2001-05-23,143.18788,143.69571
2001-05-24,143.20632,143.71391
2001-05-25,143.22477,143.7321
2001-05-26,143.24321,143.7503
2001-05-27,143.26166,143.7685
2001-05-28,143.28012,143.7867
2001-05-29,143.29857,143.8049
2001-05-30,143.31703,143.82311
2001-05-31,143.33548,143.84132
2001-06-01,143.35322,143.85871
2001-06-02,143.37095,143.8761
2001-06-03,143.38869,143.8935
2001-06-04,143.40643,143.9109
2001-06-05,143.42417,143.9283
2001-06-06,143.44191,143.9457
2001-06-07,143.45966,143.96311
2001-06-08,143.4774,143.98052
2001-06-09,143.49515,143.99793
2001-06-10,143.5129,144.01534
2001-06-11,143.53066,144.03275
2001-06-12,143.54841,144.05017
2001-06-13,143.56617,144.06758
2001-06-14,143.58393,144.085
2001-06-15,143.6017,144.10242
2001-06-16,143.61946,144.11985
2001-06-17,143.63723,144.13728
2001-06-18,143.655,144.1547
2001-06-19,143.67277,144.17213
2001-06-20,143.69054,144.18957
2001-06-21,143.70832,144.207
2001-06-22,143.7261,144.22444
2001-06-23,143.74388,144.24188
2001-06-24,143.76166,144.25932
2001-06-25,143.77945,144.27676
2001-06-26,143.79723,144.2942
2001-06-27,143.81502,144.31165
2001-06-28,143.83281,144.3291
2001-06-29,143.85061,144.34655
2001-06-30,143.8684,144.36401
2001-07-01,143.88625,144.3816
2001-07-02,143.90411,144.3992
2001-07-03,143.92197,144.41679
2001-07-04,143.93982,144.43439
2001-07-05,143.95769,144.452
2001-07-06,143.97555,144.4696
2001-07-07,143.99341,144.48721
2001-07-08,144.01128,144.50482
2001-07-09,144.02915,144.52243
2001-07-10,144.04702,144.54004
2001-07-11,144.0649,144.55765
2001-07-12,144.08278,144.57527
2001-07-13,144.10065,144.59289
2001-07-14,144.11854,144.61051
2001-07-15,144.13642,144.62814
2001-07-16,144.1543,144.64576
2001-07-17,144.17219,144.66339
2001-07-18,144.19008,144.68102
2001-07-19,144.20797,144.69865
2001-07-20,144.22587,144.71629
2001-07-21,144.24376,144.73392
2001-07-22,144.26166,144.75156
2001-07-23,144.27956,144.7692
2001-07-24,144.29747,144.78685
2001-07-25,144.31537,144.80449
2001-07-26,144.33328,144.82214
2001-07-27,144.35119,144.83979
2001-07-28,144.3691,144.85744
2001-07-29,144.38702,144.87509
2001-07-30,144.40493,144.89275
2001-07-31,144.42285,144.91041
2001-08-01,144.44032,144.92741
2001-08-02,144.45778,144.94442
2001-08-03,144.47525,144.96143
2001-08-04,144.49273,144.97845
2001-08-05,144.5102,144.99546
2001-08-06,144.52768,145.01248
2001-08-07,144.54515,145.02949
2001-08-08,144.56263,145.04652
2001-08-09,144.58012,145.06354
2001-08-10,144.5976,145.08056
2001-08-11,144.61509,145.09759
2001-08-12,144.63257,145.11462
2001-08-13,144.65007,145.13165
2001-08-14,144.66756,145.14868
2001-08-15,144.68505,145.16571
2001-08-16,144.70255,145.18275
2001-08-17,144.72005,145.19979
2001-08-18,144.73755,145.21683
2001-08-19,144.75505,145.23387
2001-08-20,144.77256,145.25092
2001-08-21,144.79007,145.26796
2001-08-22,144.80758,145.28501
2001-08-23,144.82509,145.30206
2001-08-24,144.8426,145.31911
2001-08-25,144.86012,145.33617
2001-08-26,144.87764,145.35323
2001-08-27,144.89516,145.37028
2001-08-28,144.91268,145.38734
2001-08-29,144.9302,145.40441
2001-08-30,144.94773,145.42147
2001-08-31,144.96526,145.43854
2001-09-01,144.9813,145.4542
2001-09-02,144.99734,145.46986
2001-09-03,145.01338,145.48552
2001-09-04,145.02942,145.50118
2001-09-05,145.04547,145.51684
2001-09-06,145.06151,145.53251
2001-09-07,145.07756,145.54818
2001-09-08,145.09361,145.56385
2001-09-09,145.10967,145.57952
2001-09-10,145.12572,145.59519
2001-09-11,145.14178,145.61087
2001-09-12,145.15783,145.62654
2001-09-13,145.17389,145.64222
2001-09-14,145.18995,145.6579
2001-09-15,145.20602,145.67358
2001-09-16,145.22208,145.68927
2001-09-17,145.23815,145.70495
2001-09-18,145.25422,145.72064
2001-09-19,145.27029,145.73633
2001-09-20,145.28636,145.75202
2001-09-21,145.30243,145.76771
2001-09-22,145.31851,145.7834
2001-09-23,145.33459,145.7991
2001-09-24,145.35066,145.81479
2001-09-25,145.36675,145.83049
2001-09-26,145.38283,145.84619
2001-09-27,145.39891,145.86189
2001-09-28,145.415,145.8776
2001-09-29,145.43109,145.8933
2001-09-30,145.44718,145.90901
2001-10-01,145.46172,145.92303
2001-10-02,145.47627,145.93705
2001-10-03,145.49081,145.95107
2001-10-04,145.50536,145.9651
2001-10-05,145.51991,145.97913
2001-10-06,145.53446,145.99315
2001-10-07,145.54902,146.00718
2001-10-08,145.56357,146.02121
2001-10-09,145.57813,146.03524
2001-10-10,145.59268,146.04928
2001-10-11,145.60724,146.06331
2001-10-12,145.6218,146.07735
2001-10-13,145.63636,146.09138
2001-10-14,145.65093,146.10542
2001-10-15,145.66549,146.11946
2001-10-16,145.68006,146.1335
2001-10-17,145.69463,146.14755
2001-10-18,145.70919,146.16159
2001-10-19,145.72376,146.17563
2001-10-20,145.73834,146.18968
2001-10-21,145.75291,146.20373
2001-10-22,145.76748,146.21778
2001-10-23,145.78206,146.23183
2001-10-24,145.79664,146.24588
2001-10-25,145.81122,146.25993
2001-10-26,145.8258,146.27399
2001-10-27,145.84038,146.28804
2001-10-28,145.85496,146.3021
2001-10-29,145.86955,146.31616
2001-10-30,145.88413,146.33022
2001-10-31,145.89872,146.34428
2001-11-01,145.91244,146.35754
2001-11-02,145.92617,146.37081
2001-11-03,145.93989,146.38407
2001-11-04,145.95362,146.39734
2001-11-05,145.96734,146.4106
2001-11-06,145.98107,146.42387
2001-11-07,145.9948,146.43714
2001-11-08,146.00853,146.45041
2001-11-09,146.02226,146.46368
2001-11-10,146.03599,146.47696
2001-11-11,146.04973,146.49023
2001-11-12,146.06346,146.50351
2001-11-13,146.0772,146.51678
2001-11-14,146.09094,146.53006
2001-11-15,146.10468,146.54334
2001-11-16,146.11842,146.55662
2001-11-17,146.13216,146.5699
2001-11-18,146.1459,146.58319
2001-11-19,146.15965,146.59647
2001-11-20,146.17339,146.60975
2001-11-21,146.18714,146.62304
2001-11-22,146.20089,146.63633
2001-11-23,146.21464,146.64962
2001-11-24,146.22839,146.66291
2001-11-25,146.24214,146.6762
2001-11-26,146.2559,146.68949
2001-11-27,146.26965,146.70278
2001-11-28,146.28341,146.71608
2001-11-29,146.29716,146.72937
2001-11-30,146.31092,146.74267
2001-12-01,146.32452,146.75594
2001-12-02,146.33811,146.76921
2001-12-03,146.35171,146.78249
2001-12-04,146.36531,146.79576
2001-12-05,146.37891,146.80904
2001-12-06,146.39251,146.82231
2001-12-07,146.40611,146.83559
2001-12-08,146.41971,146.84887
2001-12-09,146.43332,146.86215
2001-12-10,146.44692,146.87543
2001-12-11,146.46053,146.88871
2001-12-12,146.47414,146.902
2001-12-13,146.48775,146.91528
2001-12-14,146.50136,146.92857
2001-12-15,146.51497,146.94186
2001-12-16,146.52858,146.95514
2001-12-17,146.5422,146.96843
2001-12-18,146.55581,146.98172
2001-12-19,146.56943,146.99502
2001-12-20,146.58305,147.00831
2001-12-21,146.59667,147.0216
2001-12-22,146.61029,147.0349
2001-12-23,146.62391,147.0482
2001-12-24,146.63753,147.06149
2001-12-25,146.65116,147.07479
2001-12-26,146.66479,147.08809
2001-12-27,146.67841,147.1014
2001-12-28,146.69204,147.1147
2001-12-29,146.70567,147.128
2001-12-30,146.7193,147.14131
2001-12-31,146.73293,147.15462
2002-01-01,146.74654,147.16828
2002-01-02,146.76015,147.18194
2002-01-03,146.77376,147.19561
2002-01-04,146.78738,147.20927
2002-01-05,146.80099,147.22294
2002-01-06,146.8146,147.23661
2002-01-07,146.82822,147.25028
2002-01-08,146.84184,147.26395
2002-01-09,146.85546,147.27762
2002-01-10,146.86908,147.29129
2002-01-11,146.8827,147.30497
2002-01-12,146.89632,147.31864
2002-01-13,146.90994,147.33232
2002-01-14,146.92357,147.346
2002-01-15,146.93719,147.35968
2002-01-16,146.95082,147.37336
2002-01-17,146.96445,147.38704
2002-01-18,146.97808,147.40073
2002-01-19,146.99171,147.41441
2002-01-20,147.00534,147.4281
2002-01-21,147.01898,147.44179
2002-01-22,147.03261,147.45548
2002-01-23,147.04625,147.46917
2002-01-24,147.05989,147.48286
2002-01-25,147.07353,147.49655
2002-01-26,147.08717,147.51024
2002-01-27,147.10081,147.52394
2002-01-28,147.11445,147.53764
2002-01-29,147.12809,147.55133
2002-01-30,147.14174,147.56503
2002-01-31,147.15539,147.57873
2002-02-01,147.16911,147.59266
2002-02-02,147.18283,147.60659
2002-02-03,147.19656,147.62052
2002-02-04,147.21028,147.63445
2002-02-05,147.22401,147.64839
2002-02-06,147.23774,147.66232
2002-02-07,147.25147,147.67626
2002-02-08,147.2652,147.69019
2002-02-09,147.27894,147.70413
2002-02-10,147.29267,147.71807
2002-02-11,147.30641,147.73201
2002-02-12,147.32014,147.74595
2002-02-13,147.33388,147.7599
2002-02-14,147.34762,147.77384
2002-02-15,147.36136,147.78779
2002-02-16,147.3751,147.80174
2002-02-17,147.38885,147.81569
2002-02-18,147.40259,147.82964
2002-02-19,147.41634,147.84359
2002-02-20,147.43008,147.85754
2002-02-21,147.44383,147.8715
2002-02-22,147.45758,147.88545
2002-02-23,147.47133,147.89941
2002-02-24,147.48508,147.91337
2002-02-25,147.49884,147.92733
2002-02-26,147.51259,147.94129
2002-02-27,147.52635,147.95525
2002-02-28,147.5401,147.96921
2002-03-01,147.554,147.9836
2002-03-02,147.5679,147.99799
2002-03-03,147.5818,148.01238
2002-03-04,147.5957,148.02677
2002-03-05,147.6096,148.04116
2002-03-06,147.6235,148.05555
2002-03-07,147.63741,148.06995
2002-03-08,147.65131,148.08434
2002-03-09,147.66522,148.09874
2002-03-10,147.67913,148.11314
2002-03-11,147.69304,148.12754
2002-03-12,147.70695,148.14194
2002-03-13,147.72086,148.15634
2002-03-14,147.73478,148.17075
2002-03-15,147.74869,148.18515
2002-03-16,147.76261,148.19956
2002-03-17,147.77653,148.21397
2002-03-18,147.79044,148.22838
2002-03-19,147.80436,148.24279
2002-03-20,147.81829,148.2572
2002-03-21,147.83221,148.27162
2002-03-22,147.84613,148.28603
2002-03-23,147.86006,148.30045
2002-03-24,147.87399,148.31487
2002-03-25,147.88791,148.32929
2002-03-26,147.90184,148.34371
2002-03-27,147.91577,148.35813
2002-03-28,147.92971,148.37256
2002-03-29,147.94364,148.38698
2002-03-30,147.95757,148.40141
2002-03-31,147.97151,148.41584
2002-04-01,147.98551,148.43042
2002-04-02,147.99952,148.445
2002-04-03,148.01352,148.45958
2002-04-04,148.02753,148.47416
2002-04-05,148.04154,148.48874
2002-04-06,148.05555,148.50333
2002-04-07,148.06956,148.51791
2002-04-08,148.08357,148.5325
2002-04-09,148.09759,148.54709
2002-04-10,148.1116,148.56168
2002-04-11,148.12562,148.57627
2002-04-12,148.13964,148.59087
2002-04-13,148.15366,148.60546
2002-04-14,148.16768,148.62006
2002-04-15,148.1817,148.63466
2002-04-16,148.19572,148.64925
2002-04-17,148.20975,148.66386
2002-04-18,148.22377,148.67846
2002-04-19,148.2378,148.69306
2002-04-20,148.25183,148.70767
2002-04-21,148.26586,148.72227
2002-04-22,148.27989,148.73688
2002-04-23,148.29392,148.75149
2002-04-24,148.30796,148.7661
2002-04-25,148.32199,148.78071
2002-04-26,148.33603,148.79533
2002-04-27,148.35007,148.80994
2002-04-28,148.36411,148.82456
2002-04-29,148.37815,148.83917
2002-04-30,148.39219,148.85379
2002-05-01,148.40648,148.86879
2002-05-02,148.42078,148.88378
2002-05-03,148.43507,148.89878
2002-05-04,148.44937,148.91378
2002-05-05,148.46366,148.92878
2002-05-06,148.47796,148.94378
2002-05-07,148.49226,148.95879
2002-05-08,148.50656,148.97379
2002-05-09,148.52086,148.9888
2002-05-10,148.53517,149.00381
2002-05-11,148.54947,149.01882
2002-05-12,148.56378,149.03383
2002-05-13,148.57809,149.04884
2002-05-14,148.5924,149.06385
2002-05-15,148.60671,149.07887
2002-05-16,148.62102,149.09389
2002-05-17,148.63533,149.1089
2002-05-18,148.64965,149.12392
2002-05-19,148.66397,149.13895
2002-05-20,148.67828,149.15397
2002-05-21,148.6926,149.16899
2002-05-22,148.70692,149.18402
2002-05-23,148.72124,149.19905
2002-05-24,148.73557,149.21408
2002-05-25,148.74989,149.22911
2002-05-26,148.76422,149.24414
2002-05-27,148.77855,149.25917
2002-05-28,148.79287,149.27421
2002-05-29,148.80721,149.28925
2002-05-30,148.82154,149.30428
2002-05-31,148.83587,149.31932
2002-06-01,148.85019,149.33421
2002-06-02,148.86451,149.34911
2002-06-03,148.87884,149.364
2002-06-04,148.89316,149.3789
2002-06-05,148.90749,149.3938
2002-06-06,148.92182,149.4087
2002-06-07,148.93615,149.4236
2002-06-08,148.95048,149.4385
2002-06-09,148.96481,149.4534
2002-06-10,148.97914,149.46831
2002-06-11,148.99348,149.48321
2002-06-12,149.00782,149.49812
2002-06-13,149.02215,149.51303
2002-06-14,149.03649,149.52794
2002-06-15,149.05083,149.54285
2002-06-16,149.06518,149.55777
2002-06-17,149.07952,149.57268
2002-06-18,149.09386,149.5876
2002-06-19,149.10821,149.60252
2002-06-20,149.12256,149.61744
2002-06-21,149.13691,149.63236
2002-06-22,149.15126,149.64728
2002-06-23,149.16561,149.66221
2002-06-24,149.17996,149.67713
2002-06-25,149.19432,149.69206
2002-06-26,149.20867,149.70699
2002-06-27,149.22303,149.72192
2002-06-28,149.23739,149.73685
2002-06-29,149.25175,149.75179
2002-06-30,149.26611,149.76672
2002-07-01,149.28025,149.78121
2002-07-02,149.29439,149.79571
2002-07-03,149.30853,149.8102
2002-07-04,149.32267,149.8247
2002-07-05,149.33682,149.8392
2002-07-06,149.35096,149.8537
2002-07-07,149.36511,149.8682
2002-07-08,149.37926,149.8827
2002-07-09,149.39341,149.8972
2002-07-10,149.40756,149.91171
2002-07-11,149.42171,149.92622
2002-07-12,149.43586,149.94072
2002-07-13,149.45002,149.95523
2002-07-14,149.46417,149.96974
2002-07-15,149.47833,149.98426
2002-07-16,149.49249,149.99877
2002-07-17,149.50665,150.01328
2002-07-18,149.52081,150.0278
2002-07-19,149.53498,150.04232
2002-07-20,149.54914,150.05684
2002-07-21,149.56331,150.07136
2002-07-22,149.57747,150.08588
2002-07-23,149.59164,150.1004
2002-07-24,149.60581,150.11493
2002-07-25,149.61998,150.12945
2002-07-26,149.63415,150.14398
2002-07-27,149.64833,150.15851
2002-07-28,149.6625,150.17304
2002-07-29,149.67668,150.18757
2002-07-30,149.69086,150.20211
2002-07-31,149.70504,150.21664
2002-08-01,149.71897,150.23074
2002-08-02,149.73291,150.24485
2002-08-03,149.74686,150.25895
2002-08-04,149.7608,150.27306
2002-08-05,149.77474,150.28717
2002-08-06,149.78869,150.30128
2002-08-07,149.80263,150.31539
2002-08-08,149.81658,150.3295
2002-08-09,149.83053,150.34361
2002-08-10,149.84448,150.35773
2002-08-11,149.85843,150.37184
2002-08-12,149.87239,150.38596
2002-08-13,149.88634,150.40008
2002-08-14,149.9003,150.4142
2002-08-15,149.91425,150.42832
2002-08-16,149.92821,150.44244
2002-08-17,149.94217,150.45657
2002-08-18,149.95613,150.47069
2002-08-19,149.9701,150.48482
2002-08-20,149.98406,150.49895
2002-08-21,149.99802,150.51308
2002-08-22,150.01199,150.52721
2002-08-23,150.02596,150.54134
2002-08-24,150.03993,150.55547
2002-08-25,150.0539,150.56961
2002-08-26,150.06787,150.58374
2002-08-27,150.08184,150.59788
2002-08-28,150.09581,150.61202
2002-08-29,150.10979,150.62616
2002-08-30,150.12377,150.6403
2002-08-31,150.13774,150.65444
2002-09-01,150.15155,150.66812
2002-09-02,150.16535,150.68181
2002-09-03,150.17916,150.69549
2002-09-04,150.19297,150.70918
2002-09-05,150.20678,150.72287
2002-09-06,150.22059,150.73655
2002-09-07,150.2344,150.75024
2002-09-08,150.24822,150.76394
2002-09-09,150.26203,150.77763
2002-09-10,150.27585,150.79132
2002-09-11,150.28967,150.80502
2002-09-12,150.30349,150.81871
2002-09-13,150.31731,150.83241
2002-09-14,150.33113,150.84611
2002-09-15,150.34495,150.85981
2002-09-16,150.35877,150.87351
2002-09-17,150.3726,150.88721
2002-09-18,150.38643,150.90091
2002-09-19,150.40025,150.91462
2002-09-20,150.41408,150.92833
2002-09-21,150.42791,150.94203
2002-09-22,150.44175,150.95574
2002-09-23,150.45558,150.96945
2002-09-24,150.46941,150.98316
2002-09-25,150.48325,150.99687
2002-09-26,150.49708,151.01059
2002-09-27,150.51092,151.0243
2002-09-28,150.52476,151.03802
2002-09-29,150.5386,151.05174
2002-09-30,150.55244,151.06546
2002-10-01,150.56608,151.07875
2002-10-02,150.57972,151.09204
2002-10-03,150.59336,151.10534
2002-10-04,150.60701,151.11863
2002-10-05,150.62065,151.13193
2002-10-06,150.63429,151.14523
2002-10-07,150.64794,151.15852
2002-10-08,150.66159,151.17182
2002-10-09,150.67524,151.18513
2002-10-10,150.68889,151.19843
2002-10-11,150.70254,151.21173
2002-10-12,150.71619,151.22504
2002-10-13,150.72984,151.23834
2002-10-14,150.7435,151.25165
2002-10-15,150.75715,151.26496
2002-10-16,150.77081,151.27827
2002-10-17,150.78447,151.29158
2002-10-18,150.79813,151.30489
2002-10-19,150.81179,151.31821
2002-10-20,150.82545,151.33152
2002-10-21,150.83911,151.34484
2002-10-22,150.85278,151.35815
2002-10-23,150.86645,151.37147
2002-10-24,150.88011,151.38479
2002-10-25,150.89378,151.39811
2002-10-26,150.90745,151.41143
2002-10-27,150.92112,151.42475
2002-10-28,150.93479,151.43808
2002-10-29,150.94847,151.4514
2002-10-30,150.96214,151.46473
2002-10-31,150.97582,151.47806
2002-11-01,150.98892,151.49083
2002-11-02,151.00202,151.50361
2002-11-03,151.01513,151.51639
2002-11-04,151.02823,151.52917
2002-11-05,151.04134,151.54196
2002-11-06,151.05445,151.55474
2002-11-07,151.06755,151.56753
2002-11-08,151.08066,151.58031
2002-11-09,151.09377,151.5931
2002-11-10,151.10689,151.60589
2002-11-11,151.12,151.61868
2002-11-12,151.13311,151.63147
2002-11-13,151.14623,151.64426
2002-11-14,151.15935,151.65705
2002-11-15,151.17247,151.66984
2002-11-16,151.18558,151.68264
2002-11-17,151.1987,151.69543
2002-11-18,151.21183,151.70823
2002-11-19,151.22495,151.72103
2002-11-20,151.23807,151.73383
2002-11-21,151.2512,151.74663
2002-11-22,151.26432,151.75943
2002-11-23,151.27745,151.77223
2002-11-24,151.29058,151.78503
2002-11-25,151.30371,151.79784
2002-11-26,151.31684,151.81064
2002-11-27,151.32997,151.82345
2002-11-28,151.3431,151.83625
2002-11-29,151.35623,151.84906
2002-11-30,151.36937,151.86187
2002-12-01,151.38174,151.87407
2002-12-02,151.3941,151.88628
2002-12-03,151.40647,151.89848
2002-12-04,151.41884,151.91068
2002-12-05,151.43121,151.92289
2002-12-06,151.44358,151.93509
2002-12-07,151.45595,151.9473
2002-12-08,151.46833,151.95951
2002-12-09,151.4807,151.97172
2002-12-10,151.49308,151.98393
2002-12-11,151.50545,151.99614
2002-12-12,151.51783,152.00835
2002-12-13,151.53021,152.02056
2002-12-14,151.54259,152.03278
2002-12-15,151.55497,152.04499
2002-12-16,151.56735,152.05721
2002-12-17,151.57973,152.06942
2002-12-18,151.59212,152.08164
2002-12-19,151.6045,152.09386
2002-12-20,151.61689,152.10608
2002-12-21,151.62927,152.1183
2002-12-22,151.64166,152.13052
2002-12-23,151.65405,152.14274
2002-12-24,151.66644,152.15497
2002-12-25,151.67883,152.16719
2002-12-26,151.69122,152.17942
2002-12-27,151.70361,152.19164
2002-12-28,151.71601,152.20387
2002-12-29,151.7284,152.2161
2002-12-30,151.7408,152.22833
2002-12-31,151.75319,152.24056
2003-01-01,151.76513,152.25222
2003-01-02,151.77707,152.26389
2003-01-03,151.78901,152.27556
2003-01-04,151.80095,152.28722
2003-01-05,151.81289,152.29889
2003-01-06,151.82483,152.31056
2003-01-07,151.83677,152.32223
2003-01-08,151.84872,152.3339
2003-01-09,151.86066,152.34557
2003-01-10,151.87261,152.35724
2003-01-11,151.88455,152.36891
2003-01-12,151.8965,152.38059
2003-01-13,151.90845,152.39226
2003-01-14,151.9204,152.40394
2003-01-15,151.93235,152.41561
2003-01-16,151.9443,152.42729
2003-01-17,151.95625,152.43897
2003-01-18,151.96821,152.45065
2003-01-19,151.98016,152.46233
2003-01-20,151.99212,152.47401
2003-01-21,152.00407,152.48569
2003-01-22,152.01603,152.49737
2003-01-23,152.02799,152.50906
2003-01-24,152.03994,152.52074
2003-01-25,152.0519,152.53243
2003-01-26,152.06386,152.54411
2003-01-27,152.07583,152.5558
2003-01-28,152.08779,152.56749
2003-01-29,152.09975,152.57918
2003-01-30,152.11172,152.59087
2003-01-31,152.12368,152.60256
2003-02-01,152.13504,152.61348
2003-02-02,152.1464,152.62441
2003-02-03,152.15775,152.63534
2003-02-04,152.16911,152.64627
2003-02-05,152.18047,152.6572
2003-02-06,152.19183,152.66813
2003-02-07,152.20319,152.67906
2003-02-08,152.21456,152.68999
2003-02-09,152.22592,152.70093
2003-02-10,152.23728,152.71186
2003-02-11,152.24865,152.72279
2003-02-12,152.26001,152.73373
2003-02-13,152.27138,152.74467
2003-02-14,152.28275,152.7556
2003-02-15,152.29411,152.76654
2003-02-16,152.30548,152.77748
2003-02-17,152.31685,152.78842
2003-02-18,152.32822,152.79936
2003-02-19,152.3396,152.8103
2003-02-20,152.35097,152.82124
2003-02-21,152.36234,152.83218
2003-02-22,152.37372,152.84313
2003-02-23,152.38509,152.85407
2003-02-24,152.39647,152.86502
2003-02-25,152.40784,152.87596
2003-02-26,152.41922,152.88691
2003-02-27,152.4306,152.89785
2003-02-28,152.44198,152.9088
2003-03-01,152.45269,152.91921
2003-03-02,152.4634,152.92962
2003-03-03,152.47412,152.94003
2003-03-04,152.48483,152.95044
2003-03-05,152.49555,152.96086
2003-03-06,152.50627,152.97127
2003-03-07,152.51699,152.98168
2003-03-08,152.5277,152.9921
2003-03-09,152.53842,153.00251
2003-03-10,152.54914,153.01293
2003-03-11,152.55986,153.02334
2003-03-12,152.57058,153.03376
2003-03-13,152.58131,153.04418
2003-03-14,152.59203,153.0546
2003-03-15,152.60275,153.06502
2003-03-16,152.61348,153.07544
2003-03-17,152.6242,153.08586
2003-03-18,152.63493,153.09628
2003-03-19,152.64566,153.1067
2003-03-20,152.65638,153.11712
2003-03-21,152.66711,153.12755
2003-03-22,152.67784,153.13797
2003-03-23,152.68857,153.1484
2003-03-24,152.6993,153.15882
2003-03-25,152.71003,153.16925
2003-03-26,152.72076,153.17968
2003-03-27,152.7315,153.1901
2003-03-28,152.74223,153.20053
2003-03-29,152.75296,153.21096
2003-03-30,152.7637,153.22139
2003-03-31,152.77443,153.23182
2003-04-01,152.78518,153.24233
2003-04-02,152.79594,153.25284
2003-04-03,152.80669,153.26336
2003-04-04,152.81744,153.27387
2003-04-05,152.8282,153.28438
2003-04-06,152.83895,153.2949
2003-04-07,152.84971,153.30541
2003-04-08,152.86046,153.31593
2003-04-09,152.87122,153.32645
2003-04-10,152.88198,153.33696
2003-04-11,152.89273,153.34748
2003-04-12,152.90349,153.358
2003-04-13,152.91425,153.36852
2003-04-14,152.92501,153.37904
2003-04-15,152.93578,153.38956
2003-04-16,152.94654,153.40009
2003-04-17,152.9573,153.41061
2003-04-18,152.96806,153.42113
2003-04-19,152.97883,153.43166
2003-04-20,152.98959,153.44218
2003-04-21,153.00036,153.45271
2003-04-22,153.01113,153.46323
2003-04-23,153.02189,153.47376
2003-04-24,153.03266,153.48429
2003-04-25,153.04343,153.49481
2003-04-26,153.0542,153.50534
2003-04-27,153.06497,153.51587
2003-04-28,153.07574,153.5264
2003-04-29,153.08652,153.53694
2003-04-30,153.09729,153.54747
2003-05-01,153.1075,153.55731
2003-05-02,153.11771,153.56716
2003-05-03,153.12792,153.57701
2003-05-04,153.13813,153.58685
2003-05-05,153.14834,153.5967
2003-05-06,153.15855,153.60655
2003-05-07,153.16876,153.6164
2003-05-08,153.17898,153.62625
2003-05-09,153.18919,153.6361
2003-05-10,153.19941,153.64595
2003-05-11,153.20962,153.65581
2003-05-12,153.21984,153.66566
2003-05-13,153.23006,153.67551
2003-05-14,153.24027,153.68537
2003-05-15,153.25049,153.69522
2003-05-16,153.26071,153.70507
2003-05-17,153.27093,153.71493
2003-05-18,153.28115,153.72479
2003-05-19,153.29137,153.73464
2003-05-20,153.30159,153.7445
2003-05-21,153.31181,153.75436
2003-05-22,153.32204,153.76422
2003-05-23,153.33226,153.77408
2003-05-24,153.34249,153.78394
2003-05-25,153.35271,153.7938
2003-05-26,153.36294,153.80366
2003-05-27,153.37316,153.81352
2003-05-28,153.38339,153.82339
2003-05-29,153.39362,153.83325
2003-05-30,153.40385,153.84311
2003-05-31,153.41408,153.85298
2003-06-01,153.42325,153.86189
2003-06-02,153.43242,153.87079
2003-06-03,153.44159,153.8797
2003-06-04,153.45076,153.88861
2003-06-05,153.45993,153.89752
2003-06-06,153.4691,153.90643
2003-06-07,153.47828,153.91534
2003-06-08,153.48745,153.92426
2003-06-09,153.49663,153.93317
2003-06-10,153.5058,153.94208
2003-06-11,153.51498,153.95099
2003-06-12,153.52415,153.95991
2003-06-13,153.53333,153.96882
2003-06-14,153.54251,153.97773
2003-06-15,153.55169,153.98665
2003-06-16,153.56086,153.99557
2003-06-17,153.57004,154.00448
2003-06-18,153.57922,154.0134
2003-06-19,153.5884,154.02232
2003-06-20,153.59758,154.03123
2003-06-21,153.60676,154.04015
2003-06-22,153.61595,154.04907
2003-06-23,153.62513,154.05799
2003-06-24,153.63431,154.06691
2003-06-25,153.64349,154.07583
2003-06-26,153.65268,154.08475
2003-06-27,153.66186,154.09367
2003-06-28,153.67105,154.10259
2003-06-29,153.68023,154.11151
2003-06-30,153.68942,154.12044
2003-07-01,153.69851,154.1294
2003-07-02,153.70761,154.13835
2003-07-03,153.7167,154.14731
2003-07-04,153.7258,154.15627
2003-07-05,153.73489,154.16523
2003-07-06,153.74399,154.1742
2003-07-07,153.75308,154.18316
2003-07-08,153.76218,154.19212
2003-07-09,153.77128,154.20108
2003-07-10,153.78038,154.21004
2003-07-11,153.78948,154.21901
2003-07-12,153.79858,154.22797
2003-07-13,153.80768,154.23694
2003-07-14,153.81678,154.2459
2003-07-15,153.82588,154.25487
2003-07-16,153.83498,154.26383
2003-07-17,153.84408,154.2728
2003-07-18,153.85318,154.28177
2003-07-19,153.86229,154.29073
2003-07-20,153.87139,154.2997
2003-07-21,153.88049,154.30867
2003-07-22,153.8896,154.31764
2003-07-23,153.8987,154.32661
2003-07-24,153.90781,154.33558
2003-07-25,153.91692,154.34455
2003-07-26,153.92602,154.35352
2003-07-27,153.93513,154.3625
2003-07-28,153.94424,154.37147
2003-07-29,153.95335,154.38044
2003-07-30,153.96246,154.38941
2003-07-31,153.97157,154.39839
2003-08-01,153.98072,154.4077
2003-08-02,153.98988,154.41702
2003-08-03,153.99903,154.42634
2003-08-04,154.00819,154.43565
2003-08-05,154.01735,154.44497
2003-08-06,154.0265,154.45429
2003-08-07,154.03566,154.46361
2003-08-08,154.04482,154.47293
2003-08-09,154.05398,154.48225
2003-08-10,154.06314,154.49157
2003-08-11,154.0723,154.50089
2003-08-12,154.08146,154.51021
2003-08-13,154.09062,154.51954
2003-08-14,154.09978,154.52886
2003-08-15,154.10894,154.53818
2003-08-16,154.11811,154.54751
2003-08-17,154.12727,154.55683
2003-08-18,154.13643,154.56616
2003-08-19,154.1456,154.57548
2003-08-20,154.15476,154.58481
2003-08-21,154.16393,154.59414
2003-08-22,154.17309,154.60347
2003-08-23,154.18226,154.61279
2003-08-24,154.19143,154.62212
2003-08-25,154.20059,154.63145
2003-08-26,154.20976,154.64078
2003-08-27,154.21893,154.65011
2003-08-28,154.2281,154.65944
2003-08-29,154.23727,154.66877
2003-08-30,154.24644,154.67811
2003-08-31,154.25561,154.68744
2003-09-01,154.26481,154.6968
2003-09-02,154.27401,154.70615
2003-09-03,154.28322,154.71551
2003-09-04,154.29242,154.72487
2003-09-05,154.30162,154.73423
2003-09-06,154.31083,154.74359
2003-09-07,154.32003,154.75295
2003-09-08,154.32924,154.76231
2003-09-09,154.33844,154.77167
2003-09-10,154.34765,154.78103
2003-09-11,154.35685,154.7904
2003-09-12,154.36606,154.79976
2003-09-13,154.37527,154.80912
2003-09-14,154.38448,154.81849
2003-09-15,154.39368,154.82785
2003-09-16,154.40289,154.83722
2003-09-17,154.4121,154.84659
2003-09-18,154.42131,154.85595
2003-09-19,154.43052,154.86532
2003-09-20,154.43974,154.87469
2003-09-21,154.44895,154.88406
2003-09-22,154.45816,154.89342
2003-09-23,154.46737,154.90279
2003-09-24,154.47659,154.91216
2003-09-25,154.4858,154.92153
2003-09-26,154.49502,154.93091
2003-09-27,154.50423,154.94028
2003-09-28,154.51345,154.94965
2003-09-29,154.52266,154.95902
2003-09-30,154.53188,154.9684
2003-10-01,154.54108,154.97775
2003-10-02,154.55028,154.9871
2003-10-03,154.55949,154.99646
2003-10-04,154.56869,155.00581
2003-10-05,154.57789,155.01516
2003-10-06,154.5871,155.02452
2003-10-07,154.5963,155.03388
2003-10-08,154.60551,155.04323
2003-10-09,154.61471,155.05259
2003-10-10,154.62392,155.06195
2003-10-11,154.63313,155.07131
2003-10-12,154.64233,155.08066
2003-10-13,154.65154,155.09002
2003-10-14,154.66075,155.09938
2003-10-15,154.66996,155.10874
2003-10-16,154.67917,155.1181
2003-10-17,154.68838,155.12747
2003-10-18,154.69759,155.13683
2003-10-19,154.7068,155.14619
2003-10-20,154.71601,155.15555
2003-10-21,154.72522,155.16492
2003-10-22,154.73444,155.17428
2003-10-23,154.74365,155.18365
2003-10-24,154.75286,155.19301
2003-10-25,154.76208,155.20238
2003-10-26,154.77129,155.21175
2003-10-27,154.78051,155.22111
2003-10-28,154.78973,155.23048
2003-10-29,154.79894,155.23985
2003-10-30,154.80816,155.24922
2003-10-31,154.81738,155.25859
2003-11-01,154.82666,155.26818
2003-11-02,154.83595,155.27777
2003-11-03,154.84523,155.28737
2003-11-04,154.85452,155.29696
2003-11-05,154.86381,155.30655
2003-11-06,154.8731,155.31615
2003-11-07,154.88238,155.32574
2003-11-08,154.89167,155.33534
2003-11-09,154.90096,155.34494
2003-11-10,154.91025,155.35453
2003-11-11,154.91954,155.36413
2003-11-12,154.92883,155.37373
2003-11-13,154.93813,155.38333
2003-11-14,154.94742,155.39293
2003-11-15,154.95671,155.40253
2003-11-16,154.966,155.41213
2003-11-17,154.9753,155.42173
2003-11-18,154.98459,155.43133
2003-11-19,154.99389,155.44093
2003-11-20,155.00318,155.45054
2003-11-21,155.01248,155.46014
2003-11-22,155.02178,155.46974
2003-11-23,155.03107,155.47935
2003-11-24,155.04037,155.48895
2003-11-25,155.04967,155.49856
2003-11-26,155.05897,155.50817
2003-11-27,155.06827,155.51777
2003-11-28,155.07757,155.52738
2003-11-29,155.08687,155.53699
2003-11-30,155.09617,155.5466
2003-12-01,155.10542,155.5561
2003-12-02,155.11466,155.56561
2003-12-03,155.12391,155.57511
2003-12-04,155.13316,155.58462
2003-12-05,155.14241,155.59412
2003-12-06,155.15166,155.60363
2003-12-07,155.16091,155.61313
2003-12-08,155.17016,155.62264
2003-12-09,155.17941,155.63215
2003-12-10,155.18866,155.64166
2003-12-11,155.19792,155.65117
2003-12-12,155.20717,155.66068
2003-12-13,155.21642,155.67019
2003-12-14,155.22568,155.6797
2003-12-15,155.23493,155.68921
2003-12-16,155.24419,155.69872
2003-12-17,155.25344,155.70823
2003-12-18,155.2627,155.71775
2003-12-19,155.27195,155.72726
2003-12-20,155.28121,155.73678
2003-12-21,155.29047,155.74629
2003-12-22,155.29973,155.75581
2003-12-23,155.30899,155.76532
2003-12-24,155.31825,155.77484
2003-12-25,155.32751,155.78436
2003-12-26,155.33677,155.79387
2003-12-27,155.34603,155.80339
2003-12-28,155.35529,155.81291
2003-12-29,155.36455,155.82243
2003-12-30,155.37382,155.83195
2003-12-31,155.38308,155.84147
2004-01-01,155.3921,155.85063
2004-01-02,155.40112,155.85979
2004-01-03,155.41014,155.86895
2004-01-04,155.41916,155.87811
2004-01-05,155.42818,155.88727
2004-01-06,155.4372,155.89643
2004-01-07,155.44622,155.90559
2004-01-08,155.45524,155.91475
2004-01-09,155.46427,155.92391
2004-01-10,155.47329,155.93307
2004-01-11,155.48231,155.94224
2004-01-12,155.49134,155.9514
2004-01-13,155.50036,155.96056
2004-01-14,155.50939,155.96973
2004-01-15,155.51841,155.97889
2004-01-16,155.52744,155.98806
2004-01-17,155.53647,155.99722
2004-01-18,155.54549,156.00639
2004-01-19,155.55452,156.01556
2004-01-20,155.56355,156.02473
2004-01-21,155.57258,156.03389
2004-01-22,155.58161,156.04306
2004-01-23,155.59064,156.05223
2004-01-24,155.59967,156.0614
2004-01-25,155.6087,156.07057
2004-01-26,155.61773,156.07974
2004-01-27,155.62677,156.08892
2004-01-28,155.6358,156.09809
2004-01-29,155.64483,156.10726
2004-01-30,155.65386,156.11643
2004-01-31,155.6629,156.12561
2004-02-01,155.67185,156.13465
2004-02-02,155.68081,156.1437
2004-02-03,155.68976,156.15275
2004-02-04,155.69871,156.16179
2004-02-05,155.70767,156.17084
2004-02-06,155.71662,156.17989
2004-02-07,155.72558,156.18894
2004-02-08,155.73454,156.19799
2004-02-09,155.74349,156.20704
2004-02-10,155.75245,156.21609
2004-02-11,155.76141,156.22514
2004-02-12,155.77037,156.2342
2004-02-13,155.77933,156.24325
2004-02-14,155.78829,156.2523
2004-02-15,155.79725,156.26135
2004-02-16,155.80621,156.27041
2004-02-17,155.81517,156.27946
2004-02-18,155.82413,156.28852
2004-02-19,155.83309,156.29757
2004-02-20,155.84206,156.30663
2004-02-21,155.85102,156.31569
2004-02-22,155.85998,156.32474
2004-02-23,155.86895,156.3338
2004-02-24,155.87791,156.34286
2004-02-25,155.88688,156.35192
2004-02-26,155.89584,156.36098
2004-02-27,155.90481,156.37004
2004-02-28,155.91378,156.3791
2004-02-29,155.92275,156.38816
2004-03-01,155.93153,156.39693
2004-03-02,155.94032,156.4057
2004-03-03,155.94911,156.41447
2004-03-04,155.9579,156.42324
2004-03-05,155.96669,156.43201
2004-03-06,155.97548,156.44078
2004-03-07,155.98427,156.44955
2004-03-08,155.99306,156.45832
2004-03-09,156.00185,156.46709
2004-03-10,156.01064,156.47587
2004-03-11,156.01943,156.48464
2004-03-12,156.02822,156.49342
2004-03-13,156.03702,156.50219
2004-03-14,156.04581,156.51097
2004-03-15,156.05461,156.51974
2004-03-16,156.0634,156.52852
2004-03-17,156.0722,156.53729
2004-03-18,156.08099,156.54607
2004-03-19,156.08979,156.55485
2004-03-20,156.09858,156.56363
2004-03-21,156.10738,156.5724
2004-03-22,156.11618,156.58118
2004-03-23,156.12498,156.58996
2004-03-24,156.13378,156.59874
2004-03-25,156.14257,156.60752
2004-03-26,156.15137,156.6163
2004-03-27,156.16017,156.62509
2004-03-28,156.16897,156.63387
2004-03-29,156.17778,156.64265
2004-03-30,156.18658,156.65143
2004-03-31,156.19538,156.66022
2004-04-01,156.20427,156.66919
2004-04-02,156.21316,156.67816
2004-04-03,156.22205,156.68713
2004-04-04,156.23094,156.6961
2004-04-05,156.23983,156.70507
2004-04-06,156.24872,156.71405
2004-04-07,156.25761,156.72302
2004-04-08,156.26651,156.732
2004-04-09,156.2754,156.74097
2004-04-10,156.28429,156.74995
2004-04-11,156.29319,156.75892
2004-04-12,156.30208,156.7679
2004-04-13,156.31098,156.77687
2004-04-14,156.31987,156.78585
2004-04-15,156.32877,156.79483
2004-04-16,156.33766,156.80381
2004-04-17,156.34656,156.81279
2004-04-18,156.35546,156.82177
2004-04-19,156.36436,156.83075
2004-04-20,156.37326,156.83973
2004-04-21,156.38216,156.84871
2004-04-22,156.39106,156.85769
2004-04-23,156.39996,156.86667
2004-04-24,156.40886,156.87565
2004-04-25,156.41776,156.88463
2004-04-26,156.42666,156.89362
2004-04-27,156.43556,156.9026
2004-04-28,156.44446,156.91159
2004-04-29,156.45337,156.92057
2004-04-30,156.46227,156.92956
2004-05-01,156.47134,156.93887
2004-05-02,156.4804,156.94818
2004-05-03,156.48947,156.95749
2004-05-04,156.49854,156.96681
2004-05-05,156.5076,156.97612
2004-05-06,156.51667,156.98543
2004-05-07,156.52574,156.99475
2004-05-08,156.53481,157.00406
2004-05-09,156.54388,157.01338
2004-05-10,156.55295,157.0227
2004-05-11,156.56202,157.03201
2004-05-12,156.57109,157.04133
2004-05-13,156.58016,157.05065
2004-05-14,156.58924,157.05997
2004-05-15,156.59831,157.06929
2004-05-16,156.60738,157.0786
2004-05-17,156.61646,157.08793
2004-05-18,156.62553,157.09725
2004-05-19,156.63461,157.10657
2004-05-20,156.64368,157.11589
2004-05-21,156.65276,157.12521
2004-05-22,156.66183,157.13453
2004-05-23,156.67091,157.14386
2004-05-24,156.67999,157.15318
2004-05-25,156.68907,157.16251
2004-05-26,156.69814,157.17183
2004-05-27,156.70722,157.18116
2004-05-28,156.7163,157.19048
2004-05-29,156.72538,157.19981
2004-05-30,156.73446,157.20914
2004-05-31,156.74355,157.21847
2004-06-01,156.75274,157.22802
2004-06-02,156.76194,157.23758
2004-06-03,156.77114,157.24714
2004-06-04,156.78034,157.2567
2004-06-05,156.78954,157.26626
2004-06-06,156.79875,157.27582
2004-06-07,156.80795,157.28538
2004-06-08,156.81715,157.29494
2004-06-09,156.82635,157.3045
2004-06-10,156.83556,157.31407
2004-06-11,156.84476,157.32363
2004-06-12,156.85396,157.33319
2004-06-13,156.86317,157.34276
2004-06-14,156.87238,157.35232
2004-06-15,156.88158,157.36189
2004-06-16,156.89079,157.37145
2004-06-17,156.9,157.38102
2004-06-18,156.9092,157.39059
2004-06-19,156.91841,157.40016
2004-06-20,156.92762,157.40972
2004-06-21,156.93683,157.41929
2004-06-22,156.94604,157.42886
2004-06-23,156.95525,157.43843
2004-06-24,156.96446,157.448
2004-06-25,156.97367,157.45757
2004-06-26,156.98288,157.46715
2004-06-27,156.9921,157.47672
2004-06-28,157.00131,157.48629
2004-06-29,157.01052,157.49587
2004-06-30,157.01974,157.50544
2004-07-01,157.02897,157.51501
2004-07-02,157.0382,157.52458
2004-07-03,157.04743,157.53416
2004-07-04,157.05666,157.54373
2004-07-05,157.06589,157.55331
2004-07-06,157.07512,157.56288
2004-07-07,157.08436,157.57246
2004-07-08,157.09359,157.58203
2004-07-09,157.10282,157.59161
2004-07-10,157.11206,157.60119
2004-07-11,157.12129,157.61076
2004-07-12,157.13053,157.62034
2004-07-13,157.13976,157.62992
2004-07-14,157.149,157.6395
2004-07-15,157.15824,157.64908
2004-07-16,157.16747,157.65866
2004-07-17,157.17671,157.66824
2004-07-18,157.18595,157.67783
2004-07-19,157.19519,157.68741
2004-07-20,157.20443,157.69699
2004-07-21,157.21367,157.70658
2004-07-22,157.22291,157.71616
2004-07-23,157.23215,157.72574
2004-07-24,157.2414,157.73533
2004-07-25,157.25064,157.74492
2004-07-26,157.25988,157.7545
2004-07-27,157.26912,157.76409
2004-07-28,157.27837,157.77368
2004-07-29,157.28761,157.78327
2004-07-30,157.29686,157.79285
2004-07-31,157.3061,157.80244
2004-08-01,157.31534,157.81195
2004-08-02,157.32458,157.82146
2004-08-03,157.33382,157.83097
2004-08-04,157.34306,157.84048
2004-08-05,157.3523,157.84999
2004-08-06,157.36154,157.8595
2004-08-07,157.37079,157.86901
2004-08-08,157.38003,157.87852
2004-08-09,157.38927,157.88804
2004-08-10,157.39851,157.89755
2004-08-11,157.40776,157.90706
2004-08-12,157.417,157.91658
2004-08-13,157.42625,157.92609
2004-08-14,157.43549,157.93561
2004-08-15,157.44474,157.94512
2004-08-16,157.45399,157.95464
2004-08-17,157.46323,157.96416
2004-08-18,157.47248,157.97368
2004-08-19,157.48173,157.98319
2004-08-20,157.49098,157.99271
2004-08-21,157.50023,158.00223
2004-08-22,157.50948,158.01175
2004-08-23,157.51873,158.02127
2004-08-24,157.52798,158.03079
2004-08-25,157.53723,158.04032
2004-08-26,157.54648,158.04984
2004-08-27,157.55574,158.05936
2004-08-28,157.56499,158.06888
2004-08-29,157.57424,158.07841
2004-08-30,157.5835,158.08793
2004-08-31,157.59275,158.09746
2004-09-01,157.60203,158.10712
2004-09-02,157.6113,158.11678
2004-09-03,157.62058,158.12645
2004-09-04,157.62985,158.13611
2004-09-05,157.63913,158.14578
2004-09-06,157.64841,158.15544
2004-09-07,157.65768,158.16511
2004-09-08,157.66696,158.17478
2004-09-09,157.67624,158.18445
2004-09-10,157.68552,158.19411
2004-09-11,157.6948,158.20378
2004-09-12,157.70408,158.21345
2004-09-13,157.71336,158.22312
2004-09-14,157.72264,158.23279
2004-09-15,157.73192,158.24246
2004-09-16,157.74121,158.25214
2004-09-17,157.75049,158.26181
2004-09-18,157.75977,158.27148
2004-09-19,157.76906,158.28115
2004-09-20,157.77834,158.29083
2004-09-21,157.78763,158.3005
2004-09-22,157.79691,158.31018
2004-09-23,157.8062,158.31985
2004-09-24,157.81549,158.32953
2004-09-25,157.82477,158.33921
2004-09-26,157.83406,158.34889
2004-09-27,157.84335,158.35856
2004-09-28,157.85264,158.36824
2004-09-29,157.86193,158.37792
2004-09-30,157.87122,158.3876
2004-10-01,157.88064,158.39724
2004-10-02,157.89005,158.40688
2004-10-03,157.89947,158.41652
2004-10-04,157.90889,158.42616
2004-10-05,157.91831,158.4358
2004-10-06,157.92773,158.44544
2004-10-07,157.93715,158.45508
2004-10-08,157.94657,158.46472
2004-10-09,157.95599,158.47437
2004-10-10,157.96541,158.48401
2004-10-11,157.97483,158.49365
2004-10-12,157.98426,158.5033
2004-10-13,157.99368,158.51294
2004-10-14,158.0031,158.52259
2004-10-15,158.01253,158.53223
2004-10-16,158.02195,158.54188
2004-10-17,158.03138,158.55153
2004-10-18,158.04081,158.56118
2004-10-19,158.05023,158.57082
2004-10-20,158.05966,158.58047
2004-10-21,158.06909,158.59012
2004-10-22,158.07852,158.59977
2004-10-23,158.08795,158.60942
2004-10-24,158.09737,158.61908
2004-10-25,158.10681,158.62873
2004-10-26,158.11624,158.63838
2004-10-27,158.12567,158.64803
2004-10-28,158.1351,158.65769
2004-10-29,158.14453,158.66734
2004-10-30,158.15396,158.677
2004-10-31,158.1634,158.68665
2004-11-01,158.17293,158.69643
2004-11-02,158.18247,158.7062
2004-11-03,158.19201,158.71598
2004-11-04,158.20154,158.72575
2004-11-05,158.21108,158.73553
2004-11-06,158.22062,158.7453
2004-11-07,158.23016,158.75508
2004-11-08,158.2397,158.76486
2004-11-09,158.24924,158.77464
2004-11-10,158.25878,158.78442
2004-11-11,158.26832,158.7942
2004-11-12,158.27786,158.80398
2004-11-13,158.2874,158.81376
2004-11-14,158.29694,158.82354
2004-11-15,158.30649,158.83332
2004-11-16,158.31603,158.84311
2004-11-17,158.32557,158.85289
2004-11-18,158.33512,158.86267
2004-11-19,158.34466,158.87246
2004-11-20,158.35421,158.88224
2004-11-21,158.36376,158.89203
2004-11-22,158.3733,158.90182
2004-11-23,158.38285,158.9116
2004-11-24,158.3924,158.92139
2004-11-25,158.40195,158.93118
2004-11-26,158.4115,158.94097
2004-11-27,158.42105,158.95076
2004-11-28,158.4306,158.96055
2004-11-29,158.44015,158.97034
2004-11-30,158.4497,158.98013
2004-12-01,158.45927,158.98987
2004-12-02,158.46883,158.99962
2004-12-03,158.4784,159.00936
2004-12-04,158.48797,159.01911
2004-12-05,158.49753,159.02886
2004-12-06,158.5071,159.0386
2004-12-07,158.51667,159.04835
2004-12-08,158.52624,159.0581
2004-12-09,158.53581,159.06785
2004-12-10,158.54538,159.0776
2004-12-11,158.55495,159.08735
2004-12-12,158.56452,159.0971
2004-12-13,158.57409,159.10685
2004-12-14,158.58366,159.1166
2004-12-15,158.59324,159.12635
2004-12-16,158.60281,159.13611
2004-12-17,158.61239,159.14586
2004-12-18,158.62196,159.15561
2004-12-19,158.63154,159.16537
2004-12-20,158.64111,159.17513
2004-12-21,158.65069,159.18488
2004-12-22,158.66027,159.19464
2004-12-23,158.66984,159.20439
2004-12-24,158.67942,159.21415
2004-12-25,158.689,159.22391
2004-12-26,158.69858,159.23367
2004-12-27,158.70816,159.24343
2004-12-28,158.71774,159.25319
2004-12-29,158.72732,159.26295
2004-12-30,158.7369,159.27271
2004-12-31,158.74649,159.28247
2005-01-01,158.75595,159.29217
2005-01-02,158.76541,159.30187
2005-01-03,158.77487,159.31157
2005-01-04,158.78433,159.32127
2005-01-05,158.79379,159.33097
2005-01-06,158.80326,159.34067
2005-01-07,158.81272,159.35038
2005-01-08,158.82219,159.36008
2005-01-09,158.83165,159.36978
2005-01-10,158.84112,159.37949
2005-01-11,158.85058,159.38919
2005-01-12,158.86005,159.3989
2005-01-13,158.86952,159.4086
2005-01-14,158.87898,159.41831
2005-01-15,158.88845,159.42801
2005-01-16,158.89792,159.43772
2005-01-17,158.90739,159.44743
2005-01-18,158.91686,159.45714
2005-01-19,158.92633,159.46685
2005-01-20,158.9358,159.47656
2005-01-21,158.94527,159.48627
2005-01-22,158.95475,159.49598
2005-01-23,158.96422,159.50569
2005-01-24,158.97369,159.5154
2005-01-25,158.98317,159.52511
2005-01-26,158.99264,159.53483
2005-01-27,159.00212,159.54454
2005-01-28,159.01159,159.55426
2005-01-29,159.02107,159.56397
2005-01-30,159.03055,159.57369
2005-01-31,159.04002,159.5834
2005-02-01,159.04947,159.59309
2005-02-02,159.05892,159.60277
2005-02-03,159.06837,159.61246
2005-02-04,159.07781,159.62214
2005-02-05,159.08726,159.63183
2005-02-06,159.09671,159.64152
2005-02-07,159.10616,159.6512
2005-02-08,159.11561,159.66089
2005-02-09,159.12506,159.67058
2005-02-10,159.13452,159.68027
2005-02-11,159.14397,159.68996
2005-02-12,159.15342,159.69965
2005-02-13,159.16288,159.70934
2005-02-14,159.17233,159.71903
2005-02-15,159.18178,159.72873
2005-02-16,159.19124,159.73842
2005-02-17,159.2007,159.74811
2005-02-18,159.21015,159.75781
2005-02-19,159.21961,159.7675
2005-02-20,159.22907,159.7772
2005-02-21,159.23852,159.78689
2005-02-22,159.24798,159.79659
2005-02-23,159.25744,159.80629
2005-02-24,159.2669,159.81598
2005-02-25,159.27636,159.82568
2005-02-26,159.28582,159.83538
2005-02-27,159.29528,159.84508
2005-02-28,159.30475,159.85478
2005-03-01,159.3142,159.86451
2005-03-02,159.32366,159.87424
2005-03-03,159.33312,159.88398
2005-03-04,159.34258,159.89371
2005-03-05,159.35204,159.90345
2005-03-06,159.3615,159.91318
2005-03-07,159.37096,159.92292
2005-03-08,159.38042,159.93266
2005-03-09,159.38988,159.94239
2005-03-10,159.39934,159.95213
2005-03-11,159.40881,159.96187
2005-03-12,159.41827,159.97161
2005-03-13,159.42773,159.98135
2005-03-14,159.4372,159.99109
2005-03-15,159.44666,160.00083
2005-03-16,159.45613,160.01057
2005-03-17,159.4656,160.02031
2005-03-18,159.47506,160.03006
2005-03-19,159.48453,160.0398
2005-03-20,159.494,160.04954
2005-03-21,159.50347,160.05929
2005-03-22,159.51294,160.06903
2005-03-23,159.52241,160.07878
2005-03-24,159.53188,160.08852
2005-03-25,159.54135,160.09827
2005-03-26,159.55082,160.10802
2005-03-27,159.56029,160.11777
2005-03-28,159.56976,160.12751
2005-03-29,159.57924,160.13726
2005-03-30,159.58871,160.14701
2005-03-31,159.59818,160.15676
2005-04-01,159.60766,160.16643
2005-04-02,159.61713,160.17609
2005-04-03,159.62661,160.18576
2005-04-04,159.63609,160.19542
2005-04-05,159.64556,160.20509
2005-04-06,159.65504,160.21476
2005-04-07,159.66452,160.22442
2005-04-08,159.674,160.23409
2005-04-09,159.68348,160.24376
2005-04-10,159.69296,160.25343
2005-04-11,159.70244,160.2631
2005-04-12,159.71192,160.27277
2005-04-13,159.7214,160.28244
2005-04-14,159.73089,160.29211
2005-04-15,159.74037,160.30178
2005-04-16,159.74985,160.31145
2005-04-17,159.75934,160.32113
2005-04-18,159.76882,160.3308
2005-04-19,159.77831,160.34048
2005-04-20,159.78779,160.35015
2005-04-21,159.79728,160.35983
2005-04-22,159.80676,160.3695
2005-04-23,159.81625,160.37918
2005-04-24,159.82574,160.38886
2005-04-25,159.83523,160.39853
2005-04-26,159.84472,160.40821
2005-04-27,159.85421,160.41789
2005-04-28,159.8637,160.42757
2005-04-29,159.87319,160.43725
2005-04-30,159.88268,160.44693
2005-05-01,159.89212,160.45649
2005-05-02,159.90156,160.46605
2005-05-03,159.911,160.4756
2005-05-04,159.92044,160.48516
2005-05-05,159.92989,160.49472
2005-05-06,159.93933,160.50428
2005-05-07,159.94877,160.51384
2005-05-08,159.95822,160.5234
2005-05-09,159.96766,160.53296
2005-05-10,159.97711,160.54252
2005-05-11,159.98655,160.55208
2005-05-12,159.996,160.56164
2005-05-13,160.00545,160.5712
2005-05-14,160.01489,160.58077
2005-05-15,160.02434,160.59033
2005-05-16,160.03379,160.5999
2005-05-17,160.04324,160.60946
2005-05-18,160.05269,160.61903
2005-05-19,160.06214,160.62859
2005-05-20,160.07159,160.63816
2005-05-21,160.08104,160.64773
2005-05-22,160.0905,160.65729
2005-05-23,160.09995,160.66686
2005-05-24,160.1094,160.67643
2005-05-25,160.11885,160.686
2005-05-26,160.12831,160.69557
2005-05-27,160.13776,160.70514
2005-05-28,160.14722,160.71471
2005-05-29,160.15668,160.72429
2005-05-30,160.16613,160.73386
2005-05-31,160.17559,160.74343
2005-06-01,160.18498,160.75284
2005-06-02,160.19437,160.76225
2005-06-03,160.20377,160.77166
2005-06-04,160.21316,160.78106
2005-06-05,160.22256,160.79047
2005-06-06,160.23195,160.79988
2005-06-07,160.24135,160.8093
2005-06-08,160.25075,160.81871
2005-06-09,160.26014,160.82812
2005-06-10,160.26954,160.83753
2005-06-11,160.27894,160.84694
2005-06-12,160.28834,160.85636
2005-06-13,160.29774,160.86577
2005-06-14,160.30714,160.87519
2005-06-15,160.31654,160.8846
2005-06-16,160.32594,160.89402
2005-06-17,160.33534,160.90343
2005-06-18,160.34474,160.91285
2005-06-19,160.35414,160.92227
2005-06-20,160.36355,160.93169
2005-06-21,160.37295,160.9411
2005-06-22,160.38236,160.95052
2005-06-23,160.39176,160.95994
2005-06-24,160.40117,160.96936
2005-06-25,160.41057,160.97878
2005-06-26,160.41998,160.98821
2005-06-27,160.42939,160.99763
2005-06-28,160.43879,161.00705
2005-06-29,160.4482,161.01647
2005-06-30,160.45761,161.0259
2005-07-01,160.46706,161.03544
2005-07-02,160.4765,161.04499
2005-07-03,160.48595,161.05454
2005-07-04,160.4954,161.06409
2005-07-05,160.50485,161.07364
2005-07-06,160.5143,161.08319
2005-07-07,160.52375,161.09274
2005-07-08,160.5332,161.10229
2005-07-09,160.54265,161.11185
2005-07-10,160.5521,161.1214
2005-07-11,160.56155,161.13095
2005-07-12,160.57101,161.14051
2005-07-13,160.58046,161.15006
2005-07-14,160.58991,161.15961
2005-07-15,160.59937,161.16917
2005-07-16,160.60882,161.17873
2005-07-17,160.61828,161.18828
2005-07-18,160.62773,161.19784
2005-07-19,160.63719,161.2074
2005-07-20,160.64665,161.21696
2005-07-21,160.65611,161.22652
2005-07-22,160.66556,161.23607
2005-07-23,160.67502,161.24563
2005-07-24,160.68448,161.2552
2005-07-25,160.69394,161.26476
2005-07-26,160.7034,161.27432
2005-07-27,160.71286,161.28388
2005-07-28,160.72233,161.29344
2005-07-29,160.73179,161.30301
2005-07-30,160.74125,161.31257
2005-07-31,160.75071,161.32214
2005-08-01,160.76024,161.33181
2005-08-02,160.76976,161.34149
2005-08-03,160.77928,161.35117
2005-08-04,160.78881,161.36085
2005-08-05,160.79833,161.37053
2005-08-06,160.80786,161.38021
2005-08-07,160.81738,161.38989
2005-08-08,160.82691,161.39957
2005-08-09,160.83643,161.40925
2005-08-10,160.84596,161.41893
2005-08-11,160.85549,161.42862
2005-08-12,160.86502,161.4383
2005-08-13,160.87455,161.44798
2005-08-14,160.88408,161.45767
2005-08-15,160.89361,161.46735
2005-08-16,160.90314,161.47704
2005-08-17,160.91267,161.48673
2005-08-18,160.9222,161.49641
2005-08-19,160.93173,161.5061
2005-08-20,160.94126,161.51579
2005-08-21,160.9508,161.52548
2005-08-22,160.96033,161.53517
2005-08-23,160.96987,161.54486
2005-08-24,160.9794,161.55455
2005-08-25,160.98894,161.56424
2005-08-26,160.99847,161.57393
2005-08-27,161.00801,161.58362
2005-08-28,161.01755,161.59332
2005-08-29,161.02709,161.60301
2005-08-30,161.03662,161.6127
2005-08-31,161.04616,161.6224
2005-09-01,161.05573,161.63213
2005-09-02,161.0653,161.64185
2005-09-03,161.07487,161.65158
2005-09-04,161.08444,161.66131
2005-09-05,161.09402,161.67104
2005-09-06,161.10359,161.68077
2005-09-07,161.11316,161.6905
2005-09-08,161.12273,161.70023
2005-09-09,161.13231,161.70996
2005-09-10,161.14188,161.7197
2005-09-11,161.15146,161.72943
2005-09-12,161.16103,161.73916
2005-09-13,161.17061,161.7489
2005-09-14,161.18019,161.75863
2005-09-15,161.18976,161.76837
2005-09-16,161.19934,161.7781
2005-09-17,161.20892,161.78784
2005-09-18,161.2185,161.79758
2005-09-19,161.22808,161.80731
2005-09-20,161.23766,161.81705
2005-09-21,161.24724,161.82679
2005-09-22,161.25682,161.83653
2005-09-23,161.2664,161.84627
2005-09-24,161.27599,161.85601
2005-09-25,161.28557,161.86575
2005-09-26,161.29515,161.87549
2005-09-27,161.30474,161.88524
2005-09-28,161.31432,161.89498
2005-09-29,161.32391,161.90472
2005-09-30,161.33349,161.91447
2005-10-01,161.34334,161.92469
2005-10-02,161.35318,161.93491
2005-10-03,161.36303,161.94513
2005-10-04,161.37287,161.95535
2005-10-05,161.38272,161.96557
2005-10-06,161.39257,161.97579
2005-10-07,161.40242,161.98601
2005-10-08,161.41226,161.99624
2005-10-09,161.42211,162.00646
2005-10-10,161.43196,162.01668
2005-10-11,161.44181,162.02691
2005-10-12,161.45166,162.03714
2005-10-13,161.46151,162.04736
2005-10-14,161.47137,162.05759
2005-10-15,161.48122,162.06782
2005-10-16,161.49107,162.07805
2005-10-17,161.50093,162.08828
2005-10-18,161.51078,162.0985
2005-10-19,161.52063,162.10874
2005-10-20,161.53049,162.11897
2005-10-21,161.54035,162.1292
2005-10-22,161.5502,162.13943
2005-10-23,161.56006,162.14966
2005-10-24,161.56992,162.1599
2005-10-25,161.57978,162.17013
2005-10-26,161.58964,162.18037
2005-10-27,161.5995,162.1906
2005-10-28,161.60936,162.20084
2005-10-29,161.61922,162.21108
2005-10-30,161.62908,162.22131
2005-10-31,161.63894,162.23155
2005-11-01,161.64954,162.24282
2005-11-02,161.66014,162.25409
2005-11-03,161.67074,162.26535
2005-11-04,161.68135,162.27662
2005-11-05,161.69195,162.28789
2005-11-06,161.70255,162.29917
2005-11-07,161.71316,162.31044
2005-11-08,161.72376,162.32171
2005-11-09,161.73437,162.33298
2005-11-10,161.74497,162.34426
2005-11-11,161.75558,162.35553
2005-11-12,161.76619,162.36681
2005-11-13,161.7768,162.37808
2005-11-14,161.78741,162.38936
2005-11-15,161.79802,162.40064
2005-11-16,161.80863,162.41192
2005-11-17,161.81924,162.4232
2005-11-18,161.82985,162.43448
2005-11-19,161.84046,162.44576
2005-11-20,161.85108,162.45704
2005-11-21,161.86169,162.46832
2005-11-22,161.87231,162.47961
2005-11-23,161.88292,162.49089
2005-11-24,161.89354,162.50218
2005-11-25,161.90415,162.51346
2005-11-26,161.91477,162.52475
2005-11-27,161.92539,162.53604
2005-11-28,161.93601,162.54733
2005-11-29,161.94663,162.55861
2005-11-30,161.95725,162.5699
2005-12-01,161.96837,162.58165
2005-12-02,161.9795,162.59339
2005-12-03,161.99063,162.60514
2005-12-04,162.00175,162.61688
2005-12-05,162.01288,162.62863
2005-12-06,162.02401,162.64037
2005-12-07,162.03514,162.65212
2005-12-08,162.04627,162.66387
2005-12-09,162.0574,162.67562
2005-12-10,162.06853,162.68737
2005-12-11,162.07967,162.69912
2005-12-12,162.0908,162.71087
2005-12-13,162.10193,162.72263
2005-12-14,162.11307,162.73438
2005-12-15,162.1242,162.74613
2005-12-16,162.13534,162.75789
2005-12-17,162.14648,162.76965
2005-12-18,162.15762,162.7814
2005-12-19,162.16875,162.79316
2005-12-20,162.17989,162.80492
2005-12-21,162.19103,162.81668
2005-12-22,162.20217,162.82844
2005-12-23,162.21332,162.8402
2005-12-24,162.22446,162.85196
2005-12-25,162.2356,162.86373
2005-12-26,162.24675,162.87549
2005-12-27,162.25789,162.88725
2005-12-28,162.26904,162.89902
2005-12-29,162.28018,162.91079
2005-12-30,162.29133,162.92255
2005-12-31,162.30248,162.93432
2006-01-01,162.3138,162.94632
2006-01-02,162.32513,162.95832
2006-01-03,162.33645,162.97032
2006-01-04,162.34778,162.98232
2006-01-05,162.3591,162.99432
2006-01-06,162.37043,163.00632
2006-01-07,162.38176,163.01832
2006-01-08,162.39309,163.03032
2006-01-09,162.40442,163.04233
2006-01-10,162.41575,163.05433
2006-01-11,162.42708,163.06634
2006-01-12,162.43841,163.07835
2006-01-13,162.44975,163.09035
2006-01-14,162.46108,163.10236
2006-01-15,162.47242,163.11437
2006-01-16,162.48375,163.12638
2006-01-17,162.49509,163.13839
2006-01-18,162.50642,163.1504
2006-01-19,162.51776,163.16242
2006-01-20,162.5291,163.17443
2006-01-21,162.54044,163.18645
2006-01-22,162.55178,163.19846
2006-01-23,162.56312,163.21048
2006-01-24,162.57446,163.2225
2006-01-25,162.58581,163.23451
2006-01-26,162.59715,163.24653
2006-01-27,162.60849,163.25855
2006-01-28,162.61984,163.27057
2006-01-29,162.63119,163.2826
2006-01-30,162.64253,163.29462
2006-01-31,162.65388,163.30664
2006-02-01,162.66563,163.319
2006-02-02,162.67738,163.33136
2006-02-03,162.68913,163.34373
2006-02-04,162.70088,163.35609
2006-02-05,162.71263,163.36846
2006-02-06,162.72438,163.38082
2006-02-07,162.73614,163.39319
2006-02-08,162.74789,163.40555
2006-02-09,162.75965,163.41792
2006-02-10,162.77141,163.43029
2006-02-11,162.78316,163.44266
2006-02-12,162.79492,163.45503
2006-02-13,162.80668,163.4674
2006-02-14,162.81844,163.47978
2006-02-15,162.8302,163.49215
2006-02-16,162.84196,163.50453
2006-02-17,162.85372,163.5169
2006-02-18,162.86549,163.52928
2006-02-19,162.87725,163.54166
2006-02-20,162.88902,163.55403
2006-02-21,162.90078,163.56641
2006-02-22,162.91255,163.57879
2006-02-23,162.92432,163.59118
2006-02-24,162.93608,163.60356
2006-02-25,162.94785,163.61594
2006-02-26,162.95962,163.62833
2006-02-27,162.9714,163.64071
2006-02-28,162.98317,163.6531
2006-03-01,162.99549,163.66615
2006-03-02,163.00782,163.67921
2006-03-03,163.02015,163.69227
2006-03-04,163.03248,163.70533
2006-03-05,163.04481,163.71839
2006-03-06,163.05714,163.73145
2006-03-07,163.06947,163.74451
2006-03-08,163.0818,163.75757
2006-03-09,163.09414,163.77064
2006-03-10,163.10647,163.7837
2006-03-11,163.11881,163.79677
2006-03-12,163.13114,163.80984
2006-03-13,163.14348,163.82291
2006-03-14,163.15582,163.83598
2006-03-15,163.16816,163.84905
2006-03-16,163.1805,163.86212
2006-03-17,163.19284,163.87519
2006-03-18,163.20518,163.88827
2006-03-19,163.21752,163.90134
2006-03-20,163.22987,163.91442
2006-03-21,163.24221,163.92749
2006-03-22,163.25456,163.94057
2006-03-23,163.2669,163.95365
2006-03-24,163.27925,163.96673
2006-03-25,163.2916,163.97981
2006-03-26,163.30395,163.99289
2006-03-27,163.3163,164.00598
2006-03-28,163.32865,164.01906
2006-03-29,163.341,164.03215
2006-03-30,163.35336,164.04523
2006-03-31,163.36571,164.05832
2006-04-01,163.37839,164.07179
2006-04-02,163.39107,164.08526
2006-04-03,163.40375,164.09874
2006-04-04,163.41643,164.11221
2006-04-05,163.42911,164.12569
2006-04-06,163.44179,164.13916
2006-04-07,163.45448,164.15264
2006-04-08,163.46716,164.16612
2006-04-09,163.47985,164.1796
2006-04-10,163.49253,164.19308
2006-04-11,163.50522,164.20656
2006-04-12,163.51791,164.22005
2006-04-13,163.5306,164.23353
2006-04-14,163.54329,164.24702
2006-04-15,163.55598,164.2605
2006-04-16,163.56868,164.27399
2006-04-17,163.58137,164.28748
2006-04-18,163.59406,164.30097
2006-04-19,163.60676,164.31446
2006-04-20,163.61946,164.32796
2006-04-21,163.63215,164.34145
2006-04-22,163.64485,164.35494
2006-04-23,163.65755,164.36844
2006-04-24,163.67025,164.38194
2006-04-25,163.68295,164.39543
2006-04-26,163.69566,164.40893
2006-04-27,163.70836,164.42243
2006-04-28,163.72107,164.43593
2006-04-29,163.73377,164.44944
2006-04-30,163.74648,164.46294
2006-05-01,163.75962,164.47691
2006-05-02,163.77276,164.49088
2006-05-03,163.7859,164.50486
2006-05-04,163.79905,164.51883
2006-05-05,163.81219,164.53281
2006-05-06,163.82534,164.54678
2006-05-07,163.83848,164.56076
2006-05-08,163.85163,164.57474
2006-05-09,163.86478,164.58872
2006-05-10,163.87793,164.6027
2006-05-11,163.89108,164.61669
2006-05-12,163.90423,164.63067
2006-05-13,163.91739,164.64466
2006-05-14,163.93054,164.65864
2006-05-15,163.9437,164.67263
2006-05-16,163.95685,164.68662
2006-05-17,163.97001,164.70061
2006-05-18,163.98317,164.7146
2006-05-19,163.99633,164.72859
2006-05-20,164.00949,164.74259
2006-05-21,164.02265,164.75658
2006-05-22,164.03582,164.77058
2006-05-23,164.04898,164.78457
2006-05-24,164.06214,164.79857
2006-05-25,164.07531,164.81257
2006-05-26,164.08848,164.82657
2006-05-27,164.10165,164.84057
2006-05-28,164.11481,164.85458
2006-05-29,164.12798,164.86858
2006-05-30,164.14116,164.88259
2006-05-31,164.15433,164.89659
2006-06-01,164.16794,164.91106
2006-06-02,164.18156,164.92553
2006-06-03,164.19517,164.93999
2006-06-04,164.20879,164.95446
2006-06-05,164.22241,164.96893
2006-06-06,164.23603,164.9834
2006-06-07,164.24965,164.99788
2006-06-08,164.26327,165.01235
2006-06-09,164.2769,165.02683
2006-06-10,164.29052,165.0413
2006-06-11,164.30415,165.05578
2006-06-12,164.31777,165.07026
2006-06-13,164.3314,165.08474
2006-06-14,164.34503,165.09922
2006-06-15,164.35866,165.11371
2006-06-16,164.37229,165.12819
2006-06-17,164.38592,165.14268
2006-06-18,164.39956,165.15716
2006-06-19,164.41319,165.17165
2006-06-20,164.42683,165.18614
2006-06-21,164.44046,165.20063
2006-06-22,164.4541,165.21512
2006-06-23,164.46774,165.22962
2006-06-24,164.48138,165.24411
2006-06-25,164.49502,165.25861
2006-06-26,164.50867,165.2731
2006-06-27,164.52231,165.2876
2006-06-28,164.53595,165.3021
2006-06-29,164.5496,165.3166
2006-06-30,164.56325,165.33111
2006-07-01,164.57743,165.3462
2006-07-02,164.59161,165.3613
2006-07-03,164.60579,165.3764
2006-07-04,164.61998,165.39151
2006-07-05,164.63416,165.40661
2006-07-06,164.64835,165.42171
2006-07-07,164.66254,165.43682
2006-07-08,164.67673,165.45193
2006-07-09,164.69092,165.46704
2006-07-10,164.70511,165.48215
2006-07-11,164.7193,165.49726
2006-07-12,164.7335,165.51237
2006-07-13,164.74769,165.52749
2006-07-14,164.76189,165.5426
2006-07-15,164.77609,165.55772
2006-07-16,164.79029,165.57284
2006-07-17,164.80449,165.58796
2006-07-18,164.81869,165.60308
2006-07-19,164.83289,165.6182
2006-07-20,164.84709,165.63333
2006-07-21,164.8613,165.64845
2006-07-22,164.87551,165.66358
2006-07-23,164.88971,165.67871
2006-07-24,164.90392,165.69384
2006-07-25,164.91813,165.70897
2006-07-26,164.93234,165.7241
2006-07-27,164.94656,165.73924
2006-07-28,164.96077,165.75437
2006-07-29,164.97499,165.76951
2006-07-30,164.9892,165.78465
2006-07-31,165.00342,165.79979
2006-08-01,165.01821,165.81549
2006-08-02,165.033,165.83119
2006-08-03,165.04779,165.8469
2006-08-04,165.06258,165.86261
2006-08-05,165.07737,165.87832
2006-08-06,165.09217,165.89403
2006-08-07,165.10696,165.90974
2006-08-08,165.12176,165.92545
2006-08-09,165.13656,165.94117
2006-08-10,165.15136,165.95688
2006-08-11,165.16616,165.9726
2006-08-12,165.18097,165.98832
2006-08-13,165.19577,166.00404
2006-08-14,165.21058,166.01976
2006-08-15,165.22538,166.03549
2006-08-16,165.24019,166.05121
2006-08-17,165.255,166.06694
2006-08-18,165.26981,166.08267
2006-08-19,165.28462,166.0984
2006-08-20,165.29944,166.11413
2006-08-21,165.31425,166.12986
2006-08-22,165.32907,166.14559
2006-08-23,165.34389,166.16133
2006-08-24,165.3587,166.17707
2006-08-25,165.37352,166.19281
2006-08-26,165.38835,166.20855
2006-08-27,165.40317,166.22429
2006-08-28,165.41799,166.24003
2006-08-29,165.43282,166.25578
2006-08-30,165.44765,166.27152
2006-08-31,165.46247,166.28727
2006-09-01,165.4778,166.30356
2006-09-02,165.49314,166.31986
2006-09-03,165.50847,166.33616
2006-09-04,165.5238,166.35245
2006-09-05,165.53914,166.36875
2006-09-06,165.55448,166.38506
2006-09-07,165.56981,166.40136
2006-09-08,165.58515,166.41766
2006-09-09,165.6005,166.43397
2006-09-10,165.61584,166.45028
2006-09-11,165.63118,166.46659
2006-09-12,165.64653,166.4829
2006-09-13,165.66187,166.49921
2006-09-14,165.67722,166.51553
2006-09-15,165.69257,166.53184
2006-09-16,165.70792,166.54816
2006-09-17,165.72328,166.56448
2006-09-18,165.73863,166.5808
2006-09-19,165.75399,166.59712
2006-09-20,165.76934,166.61345
2006-09-21,165.7847,166.62977
2006-09-22,165.80006,166.6461
2006-09-23,165.81542,166.66243
2006-09-24,165.83079,166.67876
2006-09-25,165.84615,166.69509
2006-09-26,165.86152,166.71143
2006-09-27,165.87688,166.72776
2006-09-28,165.89225,166.7441
2006-09-29,165.90762,166.76044
2006-09-30,165.92299,166.77678
2006-10-01,165.93913,166.79366
2006-10-02,165.95528,166.81055
2006-10-03,165.97142,166.82743
2006-10-04,165.98756,166.84432
2006-10-05,166.00371,166.86121
2006-10-06,166.01986,166.87811
2006-10-07,166.03601,166.895
2006-10-08,166.05216,166.9119
2006-10-09,166.06831,166.9288
2006-10-10,166.08447,166.9457
2006-10-11,166.10063,166.9626
2006-10-12,166.11678,166.9795
2006-10-13,166.13294,166.99641
2006-10-14,166.1491,167.01331
2006-10-15,166.16527,167.03022
2006-10-16,166.18143,167.04713
2006-10-17,166.1976,167.06404
2006-10-18,166.21376,167.08095
2006-10-19,166.22993,167.09787
2006-10-20,166.2461,167.11479
2006-10-21,166.26228,167.1317
2006-10-22,166.27845,167.14863
2006-10-23,166.29462,167.16555
2006-10-24,166.3108,167.18247
2006-10-25,166.32698,167.1994
2006-10-26,166.34316,167.21632
2006-10-27,166.35934,167.23325
2006-10-28,166.37552,167.25018
2006-10-29,166.39171,167.26711
2006-10-30,166.40789,167.28405
2006-10-31,166.42408,167.30098
2006-11-01,166.44071,167.31831
2006-11-02,166.45734,167.33564
2006-11-03,166.47398,167.35297
2006-11-04,166.49061,167.3703
2006-11-05,166.50725,167.38763
2006-11-06,166.52388,167.40496
2006-11-07,166.54052,167.4223
2006-11-08,166.55716,167.43964
2006-11-09,166.57381,167.45698
2006-11-10,166.59045,167.47432
2006-11-11,166.6071,167.49166
2006-11-12,166.62374,167.50901
2006-11-13,166.64039,167.52636
2006-11-14,166.65705,167.54371
2006-11-15,166.6737,167.56106
2006-11-16,166.69035,167.57841
2006-11-17,166.70701,167.59576
2006-11-18,166.72367,167.61312
2006-11-19,166.74033,167.63048
2006-11-20,166.75699,167.64784
2006-11-21,166.77365,167.6652
2006-11-22,166.79031,167.68256
2006-11-23,166.80698,167.69993
2006-11-24,166.82365,167.71729
2006-11-25,166.84032,167.73466
2006-11-26,166.85699,167.75203
2006-11-27,166.87366,167.7694
2006-11-28,166.89033,167.78678
2006-11-29,166.90701,167.80415
2006-11-30,166.92369,167.82153
2006-12-01,166.94077,167.8392
2006-12-02,166.95785,167.85686
2006-12-03,166.97494,167.87453
2006-12-04,166.99203,167.8922
2006-12-05,167.00912,167.90988
2006-12-06,167.02621,167.92755
2006-12-07,167.0433,167.94523
2006-12-08,167.0604,167.96291
2006-12-09,167.0775,167.98059
2006-12-10,167.09459,167.99827
2006-12-11,167.11169,168.01595
2006-12-12,167.1288,168.03364
2006-12-13,167.1459,168.05133
2006-12-14,167.16301,168.06901
2006-12-15,167.18011,168.08671
2006-12-16,167.19722,168.1044
2006-12-17,167.21433,168.12209
2006-12-18,167.23145,168.13979
2006-12-19,167.24856,168.15749
2006-12-20,167.26568,168.17519
2006-12-21,167.28279,168.19289
2006-12-22,167.29991,168.2106
2006-12-23,167.31704,168.2283
2006-12-24,167.33416,168.24601
2006-12-25,167.35128,168.26372
2006-12-26,167.36841,168.28143
2006-12-27,167.38554,168.29915
2006-12-28,167.40267,168.31686
2006-12-29,167.4198,168.33458
2006-12-30,167.43693,168.3523
2006-12-31,167.45407,168.37002
2007-01-01,167.47152,168.38821
2007-01-02,167.48897,168.4064
2007-01-03,167.50643,168.4246
2007-01-04,167.52389,168.4428
2007-01-05,167.54135,168.461
2007-01-06,167.55881,168.4792
2007-01-07,167.57627,168.4974
2007-01-08,167.59373,168.51561
2007-01-09,167.6112,168.53382
2007-01-10,167.62867,168.55203
2007-01-11,167.64614,168.57024
2007-01-12,167.66361,168.58845
2007-01-13,167.68108,168.60667
2007-01-14,167.69856,168.62488
2007-01-15,167.71604,168.6431
2007-01-16,167.73352,168.66132
2007-01-17,167.751,168.67955
2007-01-18,167.76848,168.69777
2007-01-19,167.78596,168.716
2007-01-20,167.80345,168.73423
2007-01-21,167.82094,168.75246
2007-01-22,167.83843,168.77069
2007-01-23,167.85592,168.78893
2007-01-24,167.87341,168.80717
2007-01-25,167.89091,168.8254
2007-01-26,167.90841,168.84365
2007-01-27,167.92591,168.86189
2007-01-28,167.94341,168.88013
2007-01-29,167.96091,168.89838
2007-01-30,167.97841,168.91663
2007-01-31,167.99592,168.93488
2007-02-01,168.01374,168.95339
2007-02-02,168.03156,168.9719
2007-02-03,168.04938,168.99041
2007-02-04,168.0672,169.00893
2007-02-05,168.08503,169.02745
2007-02-06,168.10286,169.04597
2007-02-07,168.12069,169.06449
2007-02-08,168.13852,169.08301
2007-02-09,168.15635,169.10154
2007-02-10,168.17418,169.12007
2007-02-11,168.19202,169.1386
2007-02-12,168.20986,169.15713
2007-02-13,168.2277,169.17566
2007-02-14,168.24554,169.1942
2007-02-15,168.26339,169.21273
2007-02-16,168.28123,169.23127
2007-02-17,168.29908,169.24982
2007-02-18,168.31693,169.26836
2007-02-19,168.33478,169.28691
2007-02-20,168.35264,169.30545
2007-02-21,168.37049,169.324
2007-02-22,168.38835,169.34256
2007-02-23,168.40621,169.36111
2007-02-24,168.42407,169.37967
2007-02-25,168.44193,169.39822
2007-02-26,168.4598,169.41678
2007-02-27,168.47767,169.43535
2007-02-28,168.49554,169.45391
2007-03-01,168.51375,169.47272
2007-03-02,168.53196,169.49153
2007-03-03,168.55018,169.51035
2007-03-04,168.56839,169.52917
2007-03-05,168.58661,169.54799
2007-03-06,168.60483,169.56681
2007-03-07,168.62306,169.58563
2007-03-08,168.64128,169.60446
2007-03-09,168.65951,169.62328
2007-03-10,168.67774,169.64211
2007-03-11,168.69597,169.66095
2007-03-12,168.7142,169.67978
2007-03-13,168.73243,169.69862
2007-03-14,168.75067,169.71745
2007-03-15,168.76891,169.73629
2007-03-16,168.78715,169.75514
2007-03-17,168.80539,169.77398
2007-03-18,168.82364,169.79283
2007-03-19,168.84188,169.81167
2007-03-20,168.86013,169.83053
2007-03-21,168.87838,169.84938
2007-03-22,168.89664,169.86823
2007-03-23,168.91489,169.88709
2007-03-24,168.93315,169.90595
2007-03-25,168.95141,169.92481
2007-03-26,168.96967,169.94367
2007-03-27,168.98793,169.96254
2007-03-28,169.00619,169.98141
2007-03-29,169.02446,170.00027
2007-03-30,169.04273,170.01915
2007-03-31,169.061,170.03802
2007-04-01,169.07967,170.05737
2007-04-02,169.09834,170.07673
2007-04-03,169.11701,170.09609
2007-04-04,169.13568,170.11545
2007-04-05,169.15436,170.13481
2007-04-06,169.17304,170.15417
2007-04-07,169.19172,170.17354
2007-04-08,169.2104,170.19291
2007-04-09,169.22909,170.21228
2007-04-10,169.24777,170.23165
2007-04-11,169.26646,170.25102
2007-04-12,169.28515,170.2704
2007-04-13,169.30385,170.28978
2007-04-14,169.32254,170.30916
2007-04-15,169.34124,170.32855
2007-04-16,169.35994,170.34793
2007-04-17,169.37864,170.36732
2007-04-18,169.39734,170.38671
2007-04-19,169.41605,170.4061
2007-04-20,169.43476,170.4255
2007-04-21,169.45347,170.4449
2007-04-22,169.47218,170.4643
2007-04-23,169.49089,170.4837
2007-04-24,169.50961,170.5031
2007-04-25,169.52833,170.52251
2007-04-26,169.54705,170.54191
2007-04-27,169.56577,170.56133
2007-04-28,169.58449,170.58074
2007-04-29,169.60322,170.60015
2007-04-30,169.62195,170.61957
2007-05-01,169.64113,170.63946
2007-05-02,169.66031,170.65935
2007-05-03,169.6795,170.67924
2007-05-04,169.69869,170.69914
2007-05-05,169.71788,170.71904
2007-05-06,169.73708,170.73894
2007-05-07,169.75627,170.75884
2007-05-08,169.77547,170.77875
2007-05-09,169.79467,170.79866
2007-05-10,169.81388,170.81857
2007-05-11,169.83308,170.83848
2007-05-12,169.85229,170.8584
2007-05-13,169.8715,170.87831
2007-05-14,169.89071,170.89823
2007-05-15,169.90992,170.91816
2007-05-16,169.92914,170.93808
2007-05-17,169.94835,170.95801
2007-05-18,169.96757,170.97793
2007-05-19,169.9868,170.99787
2007-05-20,170.00602,171.0178
2007-05-21,170.02525,171.03774
2007-05-22,170.04448,171.05767
2007-05-23,170.06371,171.07761
2007-05-24,170.08294,171.09756
2007-05-25,170.10218,171.1175
2007-05-26,170.12141,171.13745
2007-05-27,170.14065,171.1574
2007-05-28,170.15989,171.17735
2007-05-29,170.17914,171.19731
2007-05-30,170.19838,171.21726
2007-05-31,170.21763,171.23722
2007-06-01,170.23725,171.25759
2007-06-02,170.25686,171.27797
2007-06-03,170.27648,171.29835
2007-06-04,170.29609,171.31873
2007-06-05,170.31571,171.33911
2007-06-06,170.33534,171.35949
2007-06-07,170.35496,171.37988
2007-06-08,170.37459,171.40027
2007-06-09,170.39422,171.42066
2007-06-10,170.41385,171.44105
2007-06-11,170.43349,171.46145
2007-06-12,170.45312,171.48185
2007-06-13,170.47276,171.50225
2007-06-14,170.4924,171.52265
2007-06-15,170.51205,171.54306
2007-06-16,170.53169,171.56347
2007-06-17,170.55134,171.58388
2007-06-18,170.57099,171.60429
2007-06-19,170.59064,171.62471
2007-06-20,170.6103,171.64513
2007-06-21,170.62995,171.66555
2007-06-22,170.64961,171.68597
2007-06-23,170.66928,171.7064
2007-06-24,170.68894,171.72683
2007-06-25,170.7086,171.74726
2007-06-26,170.72827,171.76769
2007-06-27,170.74794,171.78812
2007-06-28,170.76762,171.80856
2007-06-29,170.78729,171.829
2007-06-30,170.80697,171.84945
2007-07-01,170.82697,171.87025
2007-07-02,170.84698,171.89106
2007-07-03,170.86699,171.91187
2007-07-04,170.887,171.93268
2007-07-05,170.90701,171.9535
2007-07-06,170.92703,171.97432
2007-07-07,170.94705,171.99514
2007-07-08,170.96707,172.01596
2007-07-09,170.98709,172.03679
2007-07-10,171.00712,172.05762
2007-07-11,171.02714,172.07845
2007-07-12,171.04717,172.09928
2007-07-13,171.06721,172.12012
2007-07-14,171.08724,172.14096
2007-07-15,171.10728,172.1618
2007-07-16,171.12732,172.18264
2007-07-17,171.14736,172.20349
2007-07-18,171.1674,172.22434
2007-07-19,171.18745,172.24519
2007-07-20,171.2075,172.26604
2007-07-21,171.22755,172.2869
2007-07-22,171.2476,172.30776
2007-07-23,171.26766,172.32862
2007-07-24,171.28772,172.34948
2007-07-25,171.30778,172.37035
2007-07-26,171.32784,172.39122
2007-07-27,171.34791,172.41209
2007-07-28,171.36797,172.43296
2007-07-29,171.38804,172.45384
2007-07-30,171.40812,172.47472
2007-07-31,171.42819,172.4956
2007-08-01,171.44983,172.51761
2007-08-02,171.47147,172.53963
2007-08-03,171.49311,172.56164
2007-08-04,171.51475,172.58366
2007-08-05,171.5364,172.60569
2007-08-06,171.55805,172.62771
2007-08-07,171.5797,172.64974
2007-08-08,171.60136,172.67177
2007-08-09,171.62302,172.6938
2007-08-10,171.64468,172.71584
2007-08-11,171.66634,172.73788
2007-08-12,171.68801,172.75992
2007-08-13,171.70968,172.78197
2007-08-14,171.73135,172.80402
2007-08-15,171.75302,172.82607
2007-08-16,171.7747,172.84812
2007-08-17,171.79638,172.87018
2007-08-18,171.81806,172.89224
2007-08-19,171.83975,172.9143
2007-08-20,171.86143,172.93636
2007-08-21,171.88313,172.95843
2007-08-22,171.90482,172.9805
2007-08-23,171.92652,173.00257
2007-08-24,171.94821,173.02465
2007-08-25,171.96992,173.04673
2007-08-26,171.99162,173.06881
2007-08-27,172.01333,173.09089
2007-08-28,172.03504,173.11298
2007-08-29,172.05675,173.13507
2007-08-30,172.07847,173.15716
2007-08-31,172.10018,173.17926
2007-09-01,172.12285,173.20212
2007-09-02,172.14552,173.22498
2007-09-03,172.1682,173.24784
2007-09-04,172.19087,173.2707
2007-09-05,172.21355,173.29357
2007-09-06,172.23624,173.31644
2007-09-07,172.25892,173.33932
2007-09-08,172.28161,173.3622
2007-09-09,172.3043,173.38508
2007-09-10,172.327,173.40796
2007-09-11,172.3497,173.43085
2007-09-12,172.3724,173.45374
2007-09-13,172.3951,173.47663
2007-09-14,172.41781,173.49953
2007-09-15,172.44052,173.52243
2007-09-16,172.46323,173.54533
2007-09-17,172.48595,173.56823
2007-09-18,172.50867,173.59114
2007-09-19,172.53139,173.61405
2007-09-20,172.55411,173.63696
2007-09-21,172.57684,173.65988
2007-09-22,172.59957,173.6828
2007-09-23,172.6223,173.70572
2007-09-24,172.64504,173.72865
2007-09-25,172.66778,173.75158
2007-09-26,172.69052,173.77451
2007-09-27,172.71327,173.79745
2007-09-28,172.73602,173.82038
2007-09-29,172.75877,173.84333
2007-09-30,172.78152,173.86627
2007-10-01,172.80402,173.88879
2007-10-02,172.82652,173.91132
2007-10-03,172.84902,173.93385
2007-10-04,172.87153,173.95638
2007-10-05,172.89404,173.97891
2007-10-06,172.91655,174.00145
2007-10-07,172.93907,174.02399
2007-10-08,172.96158,174.04653
2007-10-09,172.9841,174.06908
2007-10-10,173.00663,174.09163
2007-10-11,173.02915,174.11418
2007-10-12,173.05168,174.13673
2007-10-13,173.07422,174.15929
2007-10-14,173.09675,174.18185
2007-10-15,173.11929,174.20441
2007-10-16,173.14183,174.22698
2007-10-17,173.16437,174.24955
2007-10-18,173.18692,174.27212
2007-10-19,173.20947,174.29469
2007-10-20,173.23202,174.31727
2007-10-21,173.25458,174.33985
2007-10-22,173.27714,174.36244
2007-10-23,173.2997,174.38502
2007-10-24,173.32226,174.40761
2007-10-25,173.34483,174.43021
2007-10-26,173.3674,174.4528
2007-10-27,173.38997,174.4754
2007-10-28,173.41255,174.498
2007-10-29,173.43513,174.52061
2007-10-30,173.45771,174.54321
2007-10-31,173.4803,174.56582
2007-11-01,173.50265,174.58827
2007-11-02,173.52501,174.61073
2007-11-03,173.54736,174.63318
2007-11-04,173.56973,174.65564
2007-11-05,173.59209,174.6781
2007-11-06,173.61446,174.70056
2007-11-07,173.63683,174.72303
2007-11-08,173.6592,174.7455
2007-11-09,173.68158,174.76797
2007-11-10,173.70395,174.79045
2007-11-11,173.72634,174.81293
2007-11-12,173.74872,174.83541
2007-11-13,173.77111,174.8579
2007-11-14,173.7935,174.88038
2007-11-15,173.81589,174.90287
2007-11-16,173.83829,174.92537
2007-11-17,173.86069,174.94786
2007-11-18,173.88309,174.97036
2007-11-19,173.90549,174.99286
2007-11-20,173.9279,175.01537
2007-11-21,173.95031,175.03788
2007-11-22,173.97272,175.06039
2007-11-23,173.99514,175.0829
2007-11-24,174.01756,175.10542
2007-11-25,174.03998,175.12793
2007-11-26,174.0624,175.15046
2007-11-27,174.08483,175.17298
2007-11-28,174.10726,175.19551
2007-11-29,174.1297,175.21804
2007-11-30,174.15213,175.24057
2007-12-01,174.17559,175.26403
2007-12-02,174.19904,175.2875
2007-12-03,174.2225,175.31096
2007-12-04,174.24597,175.33443
2007-12-05,174.26944,175.3579
2007-12-06,174.29291,175.38138
2007-12-07,174.31638,175.40486
2007-12-08,174.33985,175.42834
2007-12-09,174.36333,175.45182
2007-12-10,174.38682,175.47531
2007-12-11,174.4103,175.4988
2007-12-12,174.43379,175.5223
2007-12-13,174.45728,175.54579
2007-12-14,174.48078,175.5693
2007-12-15,174.50428,175.5928
2007-12-16,174.52778,175.61631
2007-12-17,174.55128,175.63982
2007-12-18,174.57479,175.66333
2007-12-19,174.5983,175.68685
2007-12-20,174.62182,175.71036
2007-12-21,174.64534,175.73389
2007-12-22,174.66886,175.75741
2007-12-23,174.69238,175.78094
2007-12-24,174.71591,175.80447
2007-12-25,174.73944,175.82801
2007-12-26,174.76297,175.85155
2007-12-27,174.78651,175.87509
2007-12-28,174.81005,175.89863
2007-12-29,174.83359,175.92218
2007-12-30,174.85714,175.94573
2007-12-31,174.88069,175.96929
2008-01-01,174.90246,175.99129
2008-01-02,174.92423,176.01329
2008-01-03,174.946,176.0353
2008-01-04,174.96778,176.05731
2008-01-05,174.98956,176.07933
2008-01-06,175.01135,176.10134
2008-01-07,175.03314,176.12336
2008-01-08,175.05492,176.14539
2008-01-09,175.07672,176.16741
2008-01-10,175.09851,176.18944
2008-01-11,175.12031,176.21147
2008-01-12,175.14211,176.2335
2008-01-13,175.16391,176.25554
2008-01-14,175.18572,176.27758
2008-01-15,175.20753,176.29962
2008-01-16,175.22934,176.32166
2008-01-17,175.25115,176.34371
2008-01-18,175.27297,176.36576
2008-01-19,175.29479,176.38781
2008-01-20,175.31661,176.40987
2008-01-21,175.33843,176.43192
2008-01-22,175.36026,176.45398
2008-01-23,175.38209,176.47605
2008-01-24,175.40392,176.49811
2008-01-25,175.42576,176.52018
2008-01-26,175.4476,176.54225
2008-01-27,175.46944,176.56433
2008-01-28,175.49128,176.58641
2008-01-29,175.51313,176.60849
2008-01-30,175.53498,176.63057
2008-01-31,175.55683,176.65265
2008-02-01,175.5781,176.67403
2008-02-02,175.59938,176.69541
2008-02-03,175.62065,176.71679
2008-02-04,175.64193,176.73818
2008-02-05,175.66322,176.75957
2008-02-06,175.6845,176.78096
2008-02-07,175.70579,176.80235
2008-02-08,175.72708,176.82375
2008-02-09,175.74837,176.84514
2008-02-10,175.76967,176.86654
2008-02-11,175.79097,176.88795
2008-02-12,175.81227,176.90935
2008-02-13,175.83357,176.93076
2008-02-14,175.85487,176.95217
2008-02-15,175.87618,176.97359
2008-02-16,175.89749,176.995
2008-02-17,175.91881,177.01642
2008-02-18,175.94012,177.03784
2008-02-19,175.96144,177.05927
2008-02-20,175.98276,177.08069
2008-02-21,176.00409,177.10212
2008-02-22,176.02541,177.12355
2008-02-23,176.04674,177.14499
2008-02-24,176.06807,177.16642
2008-02-25,176.08941,177.18786
2008-02-26,176.11074,177.20931
2008-02-27,176.13208,177.23075
2008-02-28,176.15342,177.2522
2008-02-29,176.17477,177.27365
2008-03-01,176.19726,177.29627
2008-03-02,176.21976,177.31889
2008-03-03,176.24226,177.34151
2008-03-04,176.26476,177.36413
2008-03-05,176.28727,177.38676
2008-03-06,176.30977,177.40939
2008-03-07,176.33228,177.43203
2008-03-08,176.3548,177.45467
2008-03-09,176.37731,177.47731
2008-03-10,176.39983,177.49995
2008-03-11,176.42236,177.5226
2008-03-12,176.44488,177.54524
2008-03-13,176.46741,177.5679
2008-03-14,176.48994,177.59055
2008-03-15,176.51247,177.61321
2008-03-16,176.53501,177.63587
2008-03-17,176.55755,177.65853
2008-03-18,176.58009,177.6812
2008-03-19,176.60264,177.70387
2008-03-20,176.62518,177.72654
2008-03-21,176.64774,177.74922
2008-03-22,176.67029,177.77189
2008-03-23,176.69285,177.79457
2008-03-24,176.71541,177.81726
2008-03-25,176.73797,177.83994
2008-03-26,176.76053,177.86263
2008-03-27,176.7831,177.88533
2008-03-28,176.80567,177.90802
2008-03-29,176.82825,177.93072
2008-03-30,176.85082,177.95342
2008-03-31,176.8734,177.97612
2008-04-01,176.89691,177.99983
2008-04-02,176.92041,178.02354
2008-04-03,176.94392,178.04725
2008-04-04,176.96743,178.07097
2008-04-05,176.99094,178.09469
2008-04-06,177.01446,178.11841
2008-04-07,177.03798,178.14214
2008-04-08,177.06151,178.16587
2008-04-09,177.08503,178.1896
2008-04-10,177.10856,178.21334
2008-04-11,177.1321,178.23708
2008-04-12,177.15563,178.26082
2008-04-13,177.17917,178.28456
2008-04-14,177.20272,178.30831
2008-04-15,177.22626,178.33206
2008-04-16,177.24981,178.35582
2008-04-17,177.27336,178.37958
2008-04-18,177.29692,178.40334
2008-04-19,177.32048,178.4271
2008-04-20,177.34404,178.45087
2008-04-21,177.3676,178.47464
2008-04-22,177.39117,178.49841
2008-04-23,177.41474,178.52219
2008-04-24,177.43832,178.54597
2008-04-25,177.46189,178.56975
2008-04-26,177.48547,178.59354
2008-04-27,177.50906,178.61733
2008-04-28,177.53264,178.64112
2008-04-29,177.55623,178.66492
2008-04-30,177.57982,178.68872
2008-05-01,177.60379,178.71303
2008-05-02,177.62775,178.73734
2008-05-03,177.65172,178.76165
2008-05-04,177.67569,178.78597
2008-05-05,177.69966,178.81029
2008-05-06,177.72364,178.83462
2008-05-07,177.74762,178.85895
2008-05-08,177.7716,178.88328
2008-05-09,177.79558,178.90762
2008-05-10,177.81957,178.93195
2008-05-11,177.84357,178.9563
2008-05-12,177.86756,178.98064
2008-05-13,177.89156,179.00499
2008-05-14,177.91556,179.02934
2008-05-15,177.93957,179.0537
2008-05-16,177.96358,179.07806
2008-05-17,177.98759,179.10242
2008-05-18,178.01161,179.12678
2008-05-19,178.03562,179.15115
2008-05-20,178.05965,179.17552
2008-05-21,178.08367,179.1999
2008-05-22,178.1077,179.22428
2008-05-23,178.13173,179.24866
2008-05-24,178.15577,179.27305
2008-05-25,178.1798,179.29743
2008-05-26,178.20385,179.32183
2008-05-27,178.22789,179.34622
2008-05-28,178.25194,179.37062
2008-05-29,178.27599,179.39502
2008-05-30,178.30004,179.41943
2008-05-31,178.3241,179.44383
2008-06-01,178.34857,179.4692
2008-06-02,178.37305,179.49456
2008-06-03,178.39753,179.51993
2008-06-04,178.42201,179.54531
2008-06-05,178.4465,179.57069
2008-06-06,178.47099,179.59607
2008-06-07,178.49548,179.62145
2008-06-08,178.51998,179.64684
2008-06-09,178.54448,179.67223
2008-06-10,178.56898,179.69763
2008-06-11,178.59348,179.72303
2008-06-12,178.61799,179.74843
2008-06-13,178.64251,179.77383
2008-06-14,178.66702,179.79924
2008-06-15,178.69154,179.82466
2008-06-16,178.71607,179.85007
2008-06-17,178.74059,179.87549
2008-06-18,178.76512,179.90092
2008-06-19,178.78966,179.92635
2008-06-20,178.81419,179.95178
2008-06-21,178.83873,179.97721
2008-06-22,178.86328,180.00265
2008-06-23,178.88782,180.02809
2008-06-24,178.91237,180.05354
2008-06-25,178.93693,180.07899
2008-06-26,178.96148,180.10444
2008-06-27,178.98604,180.1299
2008-06-28,179.01061,180.15536
2008-06-29,179.03517,180.18082
2008-06-30,179.05974,180.20629
2008-07-01,179.08442,180.23206
2008-07-02,179.1091,180.25783
2008-07-03,179.13378,180.28361
2008-07-04,179.15846,180.30939
2008-07-05,179.18315,180.33518
2008-07-06,179.20785,180.36097
2008-07-07,179.23254,180.38676
2008-07-08,179.25724,180.41255
2008-07-09,179.28194,180.43835
2008-07-10,179.30665,180.46416
2008-07-11,179.33136,180.48996
2008-07-12,179.35607,180.51578
2008-07-13,179.38079,180.54159
2008-07-14,179.40551,180.56741
2008-07-15,179.43023,180.59323
2008-07-16,179.45496,180.61906
2008-07-17,179.47969,180.64489
2008-07-18,179.50442,180.67072
2008-07-19,179.52916,180.69656
2008-07-20,179.5539,180.7224
2008-07-21,179.57864,180.74824
2008-07-22,179.60339,180.77409
2008-07-23,179.62814,180.79994
2008-07-24,179.65289,180.82579
2008-07-25,179.67765,180.85165
2008-07-26,179.70241,180.87752
2008-07-27,179.72717,180.90338
2008-07-28,179.75194,180.92925
2008-07-29,179.77671,180.95513
2008-07-30,179.80149,180.981
2008-07-31,179.82626,181.00689
2008-08-01,179.85107,181.03283
2008-08-02,179.87587,181.05878
2008-08-03,179.90068,181.08473
2008-08-04,179.92549,181.11069
2008-08-05,179.95031,181.13665
2008-08-06,179.97513,181.16261
2008-08-07,179.99995,181.18858
2008-08-08,180.02478,181.21455
2008-08-09,180.04961,181.24053
2008-08-10,180.07444,181.26651
2008-08-11,180.09927,181.29249
2008-08-12,180.12411,181.31847
2008-08-13,180.14896,181.34446
2008-08-14,180.1738,181.37046
2008-08-15,180.19865,181.39646
2008-08-16,180.22351,181.42246
2008-08-17,180.24836,181.44846
2008-08-18,180.27322,181.47447
2008-08-19,180.29809,181.50048
2008-08-20,180.32295,181.5265
2008-08-21,180.34783,181.55252
2008-08-22,180.3727,181.57854
2008-08-23,180.39758,181.60457
2008-08-24,180.42246,181.6306
2008-08-25,180.44734,181.65663
2008-08-26,180.47223,181.68267
2008-08-27,180.49712,181.70871
2008-08-28,180.52201,181.73476
2008-08-29,180.54691,181.76081
2008-08-30,180.57181,181.78686
2008-08-31,180.59672,181.81292
2008-09-01,180.6219,181.83928
2008-09-02,180.64708,181.86564
2008-09-03,180.67227,181.892
2008-09-04,180.69746,181.91837
2008-09-05,180.72265,181.94475
2008-09-06,180.74785,181.97112
2008-09-07,180.77305,181.9975
2008-09-08,180.79825,182.02389
2008-09-09,180.82346,182.05028
2008-09-10,180.84867,182.07667
2008-09-11,180.87388,182.10306
2008-09-12,180.8991,182.12946
2008-09-13,180.92432,182.15587
2008-09-14,180.94955,182.18227
2008-09-15,180.97477,182.20869
2008-09-16,181.00001,182.2351
2008-09-17,181.02524,182.26152
2008-09-18,181.05048,182.28794
2008-09-19,181.07572,182.31437
2008-09-20,181.10097,182.3408
2008-09-21,181.12622,182.36723
2008-09-22,181.15147,182.39367
2008-09-23,181.17673,182.42011
2008-09-24,181.20199,182.44656
2008-09-25,181.22725,182.47301
2008-09-26,181.25252,182.49946
2008-09-27,181.27779,182.52592
2008-09-28,181.30306,182.55238
2008-09-29,181.32834,182.57884
2008-09-30,181.35362,182.60531
2008-10-01,181.37938,182.63158
2008-10-02,181.40514,182.65785
2008-10-03,181.43091,182.68412
2008-10-04,181.45667,182.7104
2008-10-05,181.48245,182.73668
2008-10-06,181.50822,182.76296
2008-10-07,181.534,182.78925
2008-10-08,181.55978,182.81554
2008-10-09,181.58557,182.84184
2008-10-10,181.61136,182.86813
2008-10-11,181.63716,182.89444
2008-10-12,181.66295,182.92074
2008-10-13,181.68876,182.94705
2008-10-14,181.71456,182.97337
2008-10-15,181.74037,182.99969
2008-10-16,181.76618,183.02601
2008-10-17,181.792,183.05233
2008-10-18,181.81782,183.07866
2008-10-19,181.84364,183.105
2008-10-20,181.86947,183.13133
2008-10-21,181.8953,183.15768
2008-10-22,181.92114,183.18402
2008-10-23,181.94697,183.21037
2008-10-24,181.97282,183.23672
2008-10-25,181.99866,183.26308
2008-10-26,182.02451,183.28944
2008-10-27,182.05036,183.3158
2008-10-28,182.07622,183.34217
2008-10-29,182.10208,183.36854
2008-10-30,182.12795,183.39491
2008-10-31,182.15381,183.42129
2008-11-01,182.17526,183.44317
2008-11-02,182.19671,183.46506
2008-11-03,182.21816,183.48695
2008-11-04,182.23961,183.50884
2008-11-05,182.26106,183.53073
2008-11-06,182.28252,183.55262
2008-11-07,182.30398,183.57452
2008-11-08,182.32544,183.59642
2008-11-09,182.34691,183.61832
2008-11-10,182.36838,183.64023
2008-11-11,182.38985,183.66214
2008-11-12,182.41132,183.68405
2008-11-13,182.4328,183.70596
2008-11-14,182.45427,183.72788
2008-11-15,182.47575,183.7498
2008-11-16,182.49724,183.77172
2008-11-17,182.51872,183.79364
2008-11-18,182.54021,183.81557
2008-11-19,182.5617,183.8375
2008-11-20,182.58319,183.85943
2008-11-21,182.60469,183.88136
2008-11-22,182.62619,183.9033
2008-11-23,182.64769,183.92524
2008-11-24,182.66919,183.94718
2008-11-25,182.6907,183.96912
2008-11-26,182.71221,183.99107
2008-11-27,182.73372,184.01302
2008-11-28,182.75523,184.03497
2008-11-29,182.77675,184.05693
2008-11-30,182.79826,184.07889
2008-12-01,182.81498,184.09609
2008-12-02,182.8317,184.1133
2008-12-03,182.84843,184.13052
2008-12-04,182.86515,184.14773
2008-12-05,182.88187,184.16494
2008-12-06,182.8986,184.18216
2008-12-07,182.91533,184.19938
2008-12-08,182.93206,184.2166
2008-12-09,182.94879,184.23382
2008-12-10,182.96552,184.25104
2008-12-11,182.98226,184.26826
2008-12-12,182.99899,184.28549
2008-12-13,183.01573,184.30272
2008-12-14,183.03247,184.31994
2008-12-15,183.04921,184.33717
2008-12-16,183.06595,184.35441
2008-12-17,183.0827,184.37164
2008-12-18,183.09944,184.38888
2008-12-19,183.11619,184.40611
2008-12-20,183.13294,184.42335
2008-12-21,183.14969,184.44059
2008-12-22,183.16644,184.45783
2008-12-23,183.18319,184.47508
2008-12-24,183.19994,184.49232
2008-12-25,183.2167,184.50957
2008-12-26,183.23346,184.52682
2008-12-27,183.25022,184.54407
2008-12-28,183.26698,184.56132
2008-12-29,183.28374,184.57857
2008-12-30,183.3005,184.59583
2008-12-31,183.31727,184.61308
2009-01-01,183.32977,184.6261
2009-01-02,183.34228,184.63912
2009-01-03,183.3548,184.65214
2009-01-04,183.36731,184.66517
2009-01-05,183.37982,184.67819
2009-01-06,183.39233,184.69121
2009-01-07,183.40485,184.70424
2009-01-08,183.41736,184.71726
2009-01-09,183.42988,184.73029
2009-01-10,183.44239,184.74332
2009-01-11,183.45491,184.75635
2009-01-12,183.46743,184.76938
2009-01-13,183.47995,184.78241
2009-01-14,183.49247,184.79544
2009-01-15,183.50499,184.80847
2009-01-16,183.51751,184.82151
2009-01-17,183.53003,184.83454
2009-01-18,183.54256,184.84758
2009-01-19,183.55508,184.86061
2009-01-20,183.56761,184.87365
2009-01-21,183.58013,184.88669
2009-01-22,183.59266,184.89973
2009-01-23,183.60519,184.91277
2009-01-24,183.61772,184.92581
2009-01-25,183.63025,184.93885
2009-01-26,183.64278,184.95189
2009-01-27,183.65531,184.96493
2009-01-28,183.66784,184.97798
2009-01-29,183.68037,184.99102
2009-01-30,183.69291,185.00407
2009-01-31,183.70544,185.01712
2009-02-01,183.71536,185.02757
2009-02-02,183.72527,185.03803
2009-02-03,183.73519,185.04848
2009-02-04,183.74511,185.05894
2009-02-05,183.75502,185.06939
2009-02-06,183.76494,185.07985
2009-02-07,183.77486,185.09031
2009-02-08,183.78478,185.10076
2009-02-09,183.7947,185.11122
2009-02-10,183.80462,185.12168
2009-02-11,183.81454,185.13214
2009-02-12,183.82446,185.1426
2009-02-13,183.83438,185.15306
2009-02-14,183.8443,185.16352
2009-02-15,183.85423,185.17399
2009-02-16,183.86415,185.18445
2009-02-17,183.87407,185.19491
2009-02-18,183.884,185.20537
2009-02-19,183.89392,185.21584
2009-02-20,183.90385,185.2263
2009-02-21,183.91377,185.23677
2009-02-22,183.9237,185.24724
2009-02-23,183.93363,185.2577
2009-02-24,183.94356,185.26817
2009-02-25,183.95348,185.27864
2009-02-26,183.96341,185.28911
2009-02-27,183.97334,185.29958
2009-02-28,183.98327,185.31004
2009-03-01,183.99163,185.31918
2009-03-02,183.99999,185.32831
2009-03-03,184.00835,185.33745
2009-03-04,184.01671,185.34659
2009-03-05,184.02507,185.35572
2009-03-06,184.03343,185.36486
2009-03-07,184.04179,185.374
2009-03-08,184.05015,185.38313
2009-03-09,184.05851,185.39227
2009-03-10,184.06687,185.40141
2009-03-11,184.07523,185.41055
2009-03-12,184.08359,185.41969
2009-03-13,184.09196,185.42883
2009-03-14,184.10032,185.43797
2009-03-15,184.10868,185.44711
2009-03-16,184.11705,185.45625
2009-03-17,184.12541,185.46539
2009-03-18,184.13378,185.47453
2009-03-19,184.14214,185.48368
2009-03-20,184.15051,185.49282
2009-03-21,184.15887,185.50196
2009-03-22,184.16724,185.51111
2009-03-23,184.17561,185.52025
2009-03-24,184.18397,185.5294
2009-03-25,184.19234,185.53854
2009-03-26,184.20071,185.54769
2009-03-27,184.20908,185.55683
2009-03-28,184.21744,185.56598
2009-03-29,184.22581,185.57513
2009-03-30,184.23418,185.58428
2009-03-31,184.24255,185.59342
2009-04-01,184.24983,185.60171
2009-04-02,184.25711,185.61001
2009-04-03,184.26439,185.6183
2009-04-04,184.27167,185.62659
2009-04-05,184.27895,185.63488
2009-04-06,184.28623,185.64318
2009-04-07,184.29351,185.65147
2009-04-08,184.30079,185.65976
2009-04-09,184.30807,185.66806
2009-04-10,184.31536,185.67635
2009-04-11,184.32264,185.68465
2009-04-12,184.32992,185.69294
2009-04-13,184.3372,185.70124
2009-04-14,184.34449,185.70954
2009-04-15,184.35177,185.71783
2009-04-16,184.35905,185.72613
2009-04-17,184.36634,185.73443
2009-04-18,184.37362,185.74272
2009-04-19,184.3809,185.75102
2009-04-20,184.38819,185.75932
2009-04-21,184.39547,185.76762
2009-04-22,184.40276,185.77592
2009-04-23,184.41005,185.78422
2009-04-24,184.41733,185.79252
2009-04-25,184.42462,185.80082
2009-04-26,184.4319,185.80912
2009-04-27,184.43919,185.81742
2009-04-28,184.44648,185.82572
2009-04-29,184.45376,185.83402
2009-04-30,184.46105,185.84233
2009-05-01,184.46762,185.84997
2009-05-02,184.47419,185.85761
2009-05-03,184.48075,185.86525
2009-05-04,184.48732,185.87289
2009-05-05,184.49389,185.88054
2009-05-06,184.50046,185.88818
2009-05-07,184.50703,185.89582
2009-05-08,184.5136,185.90347
2009-05-09,184.52017,185.91111
2009-05-10,184.52673,185.91875
2009-05-11,184.5333,185.9264
2009-05-12,184.53987,185.93404
2009-05-13,184.54644,185.94169
2009-05-14,184.55302,185.94934
2009-05-15,184.55959,185.95698
2009-05-16,184.56616,185.96463
2009-05-17,184.57273,185.97227
2009-05-18,184.5793,185.97992
2009-05-19,184.58587,185.98757
2009-05-20,184.59244,185.99522
2009-05-21,184.59901,186.00286
2009-05-22,184.60559,186.01051
2009-05-23,184.61216,186.01816
2009-05-24,184.61873,186.02581
2009-05-25,184.6253,186.03346
2009-05-26,184.63188,186.04111
2009-05-27,184.63845,186.04876
2009-05-28,184.64502,186.05641
2009-05-29,184.6516,186.06406
2009-05-30,184.65817,186.07171
2009-05-31,184.66475,186.07936
2009-06-01,184.67105,186.08678
2009-06-02,184.67734,186.0942
2009-06-03,184.68364,186.10162
2009-06-04,184.68994,186.10904
2009-06-05,184.69624,186.11646
2009-06-06,184.70254,186.12389
2009-06-07,184.70884,186.13131
2009-06-08,184.71514,186.13873
2009-06-09,184.72144,186.14615
2009-06-10,184.72774,186.15358
2009-06-11,184.73404,186.161
2009-06-12,184.74035,186.16842
2009-06-13,184.74665,186.17585
2009-06-14,184.75295,186.18327
2009-06-15,184.75925,186.1907
2009-06-16,184.76555,186.19812
2009-06-17,184.77185,186.20555
2009-06-18,184.77816,186.21297
2009-06-19,184.78446,186.2204
2009-06-20,184.79076,186.22783
2009-06-21,184.79706,186.23525
2009-06-22,184.80337,186.24268
2009-06-23,184.80967,186.25011
2009-06-24,184.81597,186.25753
2009-06-25,184.82228,186.26496
2009-06-26,184.82858,186.27239
2009-06-27,184.83489,186.27982
2009-06-28,184.84119,186.28725
2009-06-29,184.8475,186.29468
2009-06-30,184.8538,186.30211
2009-07-01,184.85881,186.30838
2009-07-02,184.86381,186.31466
2009-07-03,184.86882,186.32094
2009-07-04,184.87383,186.32721
2009-07-05,184.87883,186.33349
2009-07-06,184.88384,186.33977
2009-07-07,184.88885,186.34605
2009-07-08,184.89385,186.35232
2009-07-09,184.89886,186.3586
2009-07-10,184.90387,186.36488
2009-07-11,184.90888,186.37116
2009-07-12,184.91388,186.37744
2009-07-13,184.91889,186.38372
2009-07-14,184.9239,186.39
2009-07-15,184.92891,186.39628
2009-07-16,184.93392,186.40256
2009-07-17,184.93892,186.40884
2009-07-18,184.94393,186.41512
2009-07-19,184.94894,186.4214
2009-07-20,184.95395,186.42768
2009-07-21,184.95896,186.43396
2009-07-22,184.96397,186.44024
2009-07-23,184.96898,186.44652
2009-07-24,184.97399,186.4528
2009-07-25,184.979,186.45909
2009-07-26,184.98401,186.46537
2009-07-27,184.98902,186.47165
2009-07-28,184.99403,186.47793
2009-07-29,184.99904,186.48421
2009-07-30,185.00405,186.4905
2009-07-31,185.00906,186.49678
2009-08-01,185.01348,186.50256
2009-08-02,185.0179,186.50834
2009-08-03,185.02232,186.51412
2009-08-04,185.02675,186.5199
2009-08-05,185.03117,186.52567
2009-08-06,185.03559,186.53145
2009-08-07,185.04001,186.53723
2009-08-08,185.04444,186.54301
2009-08-09,185.04886,186.54879
2009-08-10,185.05328,186.55457
2009-08-11,185.05771,186.56035
2009-08-12,185.06213,186.56613
2009-08-13,185.06655,186.57191
2009-08-14,185.07098,186.57769
2009-08-15,185.0754,186.58348
2009-08-16,185.07982,186.58926
2009-08-17,185.08425,186.59504
2009-08-18,185.08867,186.60082
2009-08-19,185.09309,186.6066
2009-08-20,185.09752,186.61238
2009-08-21,185.10194,186.61817
2009-08-22,185.10637,186.62395
2009-08-23,185.11079,186.62973
2009-08-24,185.11522,186.63551
2009-08-25,185.11964,186.6413
2009-08-26,185.12407,186.64708
2009-08-27,185.12849,186.65286
2009-08-28,185.13292,186.65864
2009-08-29,185.13734,186.66443
2009-08-30,185.14177,186.67021
2009-08-31,185.14619,186.676
2009-09-01,185.15016,186.6814
2009-09-02,185.15413,186.6868
2009-09-03,185.1581,186.69221
2009-09-04,185.16207,186.69761
2009-09-05,185.16605,186.70302
2009-09-06,185.17002,186.70843
2009-09-07,185.17399,186.71383
2009-09-08,185.17796,186.71924
2009-09-09,185.18193,186.72464
2009-09-10,185.1859,186.73005
2009-09-11,185.18987,186.73546
2009-09-12,185.19385,186.74086
2009-09-13,185.19782,186.74627
2009-09-14,185.20179,186.75167
2009-09-15,185.20576,186.75708
2009-09-16,185.20973,186.76249
2009-09-17,185.21371,186.7679
2009-09-18,185.21768,186.7733
2009-09-19,185.22165,186.77871
2009-09-20,185.22562,186.78412
2009-09-21,185.2296,186.78953
2009-09-22,185.23357,186.79493
2009-09-23,185.23754,186.80034
2009-09-24,185.24151,186.80575
2009-09-25,185.24549,186.81116
2009-09-26,185.24946,186.81657
2009-09-27,185.25343,186.82198
2009-09-28,185.25741,186.82738
2009-09-29,185.26138,186.83279
2009-09-30,185.26535,186.8382
2009-10-01,185.26915,186.84348
2009-10-02,185.27294,186.84876
2009-10-03,185.27674,186.85403
2009-10-04,185.28053,186.85931
2009-10-05,185.28433,186.86459
2009-10-06,185.28813,186.86986
2009-10-07,185.29192,186.87514
2009-10-08,185.29572,186.88042
2009-10-09,185.29951,186.8857
2009-10-10,185.30331,186.89097
2009-10-11,185.30711,186.89625
2009-10-12,185.3109,186.90153
2009-10-13,185.3147,186.90681
2009-10-14,185.31849,186.91209
2009-10-15,185.32229,186.91737
2009-10-16,185.32609,186.92265
2009-10-17,185.32988,186.92792
2009-10-18,185.33368,186.9332
2009-10-19,185.33748,186.93848
2009-10-20,185.34127,186.94376
2009-10-21,185.34507,186.94904
2009-10-22,185.34887,186.95432
2009-10-23,185.35267,186.9596
2009-10-24,185.35646,186.96488
2009-10-25,185.36026,186.97016
2009-10-26,185.36406,186.97544
2009-10-27,185.36785,186.98072
2009-10-28,185.37165,186.986
2009-10-29,185.37545,186.99128
2009-10-30,185.37925,186.99656
2009-10-31,185.38305,187.00184
2009-11-01,185.38673,187.007
2009-11-02,185.39042,187.01216
2009-11-03,185.39411,187.01732
2009-11-04,185.3978,187.02248
2009-11-05,185.40149,187.02764
2009-11-06,185.40517,187.0328
2009-11-07,185.40886,187.03796
2009-11-08,185.41255,187.04312
2009-11-09,185.41624,187.04828
2009-11-10,185.41993,187.05344
2009-11-11,185.42362,187.0586
2009-11-12,185.42731,187.06376
2009-11-13,185.431,187.06892
2009-11-14,185.43468,187.07408
2009-11-15,185.43837,187.07924
2009-11-16,185.44206,187.0844
2009-11-17,185.44575,187.08956
2009-11-18,185.44944,187.09473
2009-11-19,185.45313,187.09989
2009-11-20,185.45682,187.10505
2009-11-21,185.46051,187.11021
2009-11-22,185.4642,187.11537
2009-11-23,185.46789,187.12053
2009-11-24,185.47158,187.1257
2009-11-25,185.47527,187.13086
2009-11-26,185.47896,187.13602
2009-11-27,185.48265,187.14118
2009-11-28,185.48634,187.14635
2009-11-29,185.49003,187.15151
2009-11-30,185.49372,187.15667
2009-12-01,185.49739,187.16185
2009-12-02,185.50106,187.16702
2009-12-03,185.50473,187.1722
2009-12-04,185.50839,187.17738
2009-12-05,185.51206,187.18255
2009-12-06,185.51573,187.18773
2009-12-07,185.5194,187.19291
2009-12-08,185.52307,187.19808
2009-12-09,185.52674,187.20326
2009-12-10,185.53041,187.20844
2009-12-11,185.53408,187.21362
2009-12-12,185.53775,187.21879
2009-12-13,185.54142,187.22397
2009-12-14,185.54509,187.22915
2009-12-15,185.54876,187.23433
2009-12-16,185.55243,187.2395
2009-12-17,185.5561,187.24468
2009-12-18,185.55977,187.24986
2009-12-19,185.56344,187.25504
2009-12-20,185.56711,187.26022
2009-12-21,185.57078,187.2654
2009-12-22,185.57445,187.27058
2009-12-23,185.57812,187.27575
2009-12-24,185.58179,187.28093
2009-12-25,185.58546,187.28611
2009-12-26,185.58913,187.29129
2009-12-27,185.5928,187.29647
2009-12-28,185.59647,187.30165
2009-12-29,185.60015,187.30683
2009-12-30,185.60382,187.31201
2009-12-31,185.60749,187.31719
2010-01-01,185.61099,187.32228
2010-01-02,185.6145,187.32736
2010-01-03,185.618,187.33245
2010-01-04,185.62151,187.33753
2010-01-05,185.62501,187.34262
2010-01-06,185.62852,187.3477
2010-01-07,185.63202,187.35279
2010-01-08,185.63553,187.35787
2010-01-09,185.63903,187.36296
2010-01-10,185.64254,187.36805
2010-01-11,185.64604,187.37313
2010-01-12,185.64955,187.37822
2010-01-13,185.65305,187.38331
2010-01-14,185.65656,187.38839
2010-01-15,185.66006,187.39348
2010-01-16,185.66357,187.39857
2010-01-17,185.66708,187.40365
2010-01-18,185.67058,187.40874
2010-01-19,185.67409,187.41383
2010-01-20,185.67759,187.41892
2010-01-21,185.6811,187.424
2010-01-22,185.6846,187.42909
2010-01-23,185.68811,187.43418
2010-01-24,185.69162,187.43927
2010-01-25,185.69512,187.44435
2010-01-26,185.69863,187.44944
2010-01-27,185.70214,187.45453
2010-01-28,185.70564,187.45962
2010-01-29,185.70915,187.46471
2010-01-30,185.71266,187.4698
2010-01-31,185.71616,187.47489
2010-02-01,185.71958,187.47991
2010-02-02,185.72299,187.48493
2010-02-03,185.7264,187.48996
2010-02-04,185.72982,187.49498
2010-02-05,185.73323,187.5
2010-02-06,185.73664,187.50503
2010-02-07,185.74006,187.51005
2010-02-08,185.74347,187.51507
2010-02-09,185.74689,187.5201
2010-02-10,185.7503,187.52512
2010-02-11,185.75371,187.53015
2010-02-12,185.75713,187.53517
2010-02-13,185.76054,187.5402
2010-02-14,185.76396,187.54522
2010-02-15,185.76737,187.55025
2010-02-16,185.77079,187.55527
2010-02-17,185.7742,187.5603
2010-02-18,185.77762,187.56532
2010-02-19,185.78103,187.57035
2010-02-20,185.78445,187.57537
2010-02-21,185.78786,187.5804
2010-02-22,185.79128,187.58542
2010-02-23,185.79469,187.59045
2010-02-24,185.79811,187.59548
2010-02-25,185.80152,187.6005
2010-02-26,185.80494,187.60553
2010-02-27,185.80835,187.61056
2010-02-28,185.81177,187.61558
2010-03-01,185.81509,187.62055
2010-03-02,185.81842,187.62551
2010-03-03,185.82175,187.63047
2010-03-04,185.82508,187.63544
2010-03-05,185.82841,187.6404
2010-03-06,185.83174,187.64537
2010-03-07,185.83507,187.65033
2010-03-08,185.8384,187.6553
2010-03-09,185.84173,187.66026
2010-03-10,185.84506,187.66522
2010-03-11,185.84839,187.67019
2010-03-12,185.85172,187.67516
2010-03-13,185.85505,187.68012
2010-03-14,185.85838,187.68509
2010-03-15,185.86171,187.69005
2010-03-16,185.86504,187.69502
2010-03-17,185.86837,187.69998
2010-03-18,185.8717,187.70495
2010-03-19,185.87503,187.70991
2010-03-20,185.87836,187.71488
2010-03-21,185.88169,187.71985
2010-03-22,185.88502,187.72481
2010-03-23,185.88835,187.72978
2010-03-24,185.89168,187.73475
2010-03-25,185.89501,187.73971
2010-03-26,185.89834,187.74468
2010-03-27,185.90167,187.74965
2010-03-28,185.905,187.75461
2010-03-29,185.90833,187.75958
2010-03-30,185.91166,187.76455
2010-03-31,185.91499,187.76952
2010-04-01,185.91832,187.7745
2010-04-02,185.92165,187.77948
2010-04-03,185.92498,187.78446
2010-04-04,185.92831,187.78945
2010-04-05,185.93164,187.79443
2010-04-06,185.93497,187.79941
2010-04-07,185.9383,187.80439
2010-04-08,185.94163,187.80938
2010-04-09,185.94496,187.81436
2010-04-10,185.94829,187.81934
2010-04-11,185.95162,187.82433
2010-04-12,185.95495,187.82931
2010-04-13,185.95828,187.8343
2010-04-14,185.96161,187.83928
2010-04-15,185.96494,187.84426
2010-04-16,185.96827,187.84925
2010-04-17,185.9716,187.85423
2010-04-18,185.97493,187.85922
2010-04-19,185.97826,187.8642
2010-04-20,185.98159,187.86919
2010-04-21,185.98492,187.87417
2010-04-22,185.98825,187.87915
2010-04-23,185.99158,187.88414
2010-04-24,185.99491,187.88913
2010-04-25,185.99824,187.89411
2010-04-26,186.00157,187.8991
2010-04-27,186.0049,187.90408
2010-04-28,186.00824,187.90907
2010-04-29,186.01157,187.91405
2010-04-30,186.0149,187.91904
2010-05-01,186.01845,187.92417
2010-05-02,186.02199,187.92929
2010-05-03,186.02554,187.93442
2010-05-04,186.02909,187.93955
2010-05-05,186.03264,187.94468
2010-05-06,186.03618,187.9498
2010-05-07,186.03973,187.95493
2010-05-08,186.04328,187.96006
2010-05-09,186.04683,187.96519
2010-05-10,186.05037,187.97032
2010-05-11,186.05392,187.97545
2010-05-12,186.05747,187.98058
2010-05-13,186.06102,187.9857
2010-05-14,186.06457,187.99083
2010-05-15,186.06812,187.99596
2010-05-16,186.07166,188.00109
2010-05-17,186.07521,188.00622
2010-05-18,186.07876,188.01135
2010-05-19,186.08231,188.01648
2010-05-20,186.08586,188.02161
2010-05-21,186.08941,188.02674
2010-05-22,186.09295,188.03187
2010-05-23,186.0965,188.037
2010-05-24,186.10005,188.04213
2010-05-25,186.1036,188.04726
2010-05-26,186.10715,188.05239
2010-05-27,186.1107,188.05752
2010-05-28,186.11425,188.06266
2010-05-29,186.1178,188.06779
2010-05-30,186.12135,188.07292
2010-05-31,186.1249,188.07805
2010-06-01,186.12866,188.08333
2010-06-02,186.13242,188.08862
2010-06-03,186.13618,188.09391
2010-06-04,186.13994,188.09919
2010-06-05,186.14371,188.10448
2010-06-06,186.14747,188.10977
2010-06-07,186.15123,188.11505
2010-06-08,186.15499,188.12034
2010-06-09,186.15876,188.12563
2010-06-10,186.16252,188.13091
2010-06-11,186.16628,188.1362
2010-06-12,186.17004,188.14149
2010-06-13,186.17381,188.14678
2010-06-14,186.17757,188.15207
2010-06-15,186.18133,188.15735
2010-06-16,186.18509,188.16264
2010-06-17,186.18886,188.16793
2010-06-18,186.19262,188.17322
2010-06-19,186.19638,188.17851
2010-06-20,186.20015,188.1838
2010-06-21,186.20391,188.18908
2010-06-22,186.20767,188.19437
2010-06-23,186.21144,188.19966
2010-06-24,186.2152,188.20495
2010-06-25,186.21896,188.21024
2010-06-26,186.22273,188.21553
2010-06-27,186.22649,188.22082
2010-06-28,186.23025,188.22611
2010-06-29,186.23402,188.2314
2010-06-30,186.23778,188.23669
2010-07-01,186.24217,188.24246
2010-07-02,186.24656,188.24824
2010-07-03,186.25096,188.25401
2010-07-04,186.25535,188.25979
2010-07-05,186.25974,188.26556
2010-07-06,186.26413,188.27134
2010-07-07,186.26852,188.27711
2010-07-08,186.27291,188.28289
2010-07-09,186.27731,188.28866
2010-07-10,186.2817,188.29444
2010-07-11,186.28609,188.30021
2010-07-12,186.29048,188.30599
2010-07-13,186.29488,188.31176
2010-07-14,186.29927,188.31754
2010-07-15,186.30366,188.32332
2010-07-16,186.30805,188.32909
2010-07-17,186.31245,188.33487
2010-07-18,186.31684,188.34065
2010-07-19,186.32123,188.34642
2010-07-20,186.32563,188.3522
2010-07-21,186.33002,188.35798
2010-07-22,186.33441,188.36375
2010-07-23,186.33881,188.36953
2010-07-24,186.3432,188.37531
2010-07-25,186.34759,188.38109
2010-07-26,186.35199,188.38687
2010-07-27,186.35638,188.39264
2010-07-28,186.36077,188.39842
2010-07-29,186.36517,188.4042
2010-07-30,186.36956,188.40998
2010-07-31,186.37396,188.41576
2010-08-01,186.37859,188.42176
2010-08-02,186.38323,188.42777
2010-08-03,186.38786,188.43377
2010-08-04,186.3925,188.43978
2010-08-05,186.39714,188.44578
2010-08-06,186.40177,188.45179
2010-08-07,186.40641,188.45779
2010-08-08,186.41105,188.4638
2010-08-09,186.41569,188.4698
2010-08-10,186.42032,188.47581
2010-08-11,186.42496,188.48182
2010-08-12,186.4296,188.48782
2010-08-13,186.43423,188.49383
2010-08-14,186.43887,188.49983
2010-08-15,186.44351,188.50584
2010-08-16,186.44815,188.51185
2010-08-17,186.45278,188.51786
2010-08-18,186.45742,188.52386
2010-08-19,186.46206,188.52987
2010-08-20,186.4667,188.53588
2010-08-21,186.47134,188.54189
2010-08-22,186.47598,188.54789
2010-08-23,186.48061,188.5539
2010-08-24,186.48525,188.55991
2010-08-25,186.48989,188.56592
2010-08-26,186.49453,188.57193
2010-08-27,186.49917,188.57794
2010-08-28,186.50381,188.58395
2010-08-29,186.50845,188.58996
2010-08-30,186.51309,188.59597
2010-08-31,186.51773,188.60198
2010-09-01,186.52229,188.60793
2010-09-02,186.52685,188.61389
2010-09-03,186.53141,188.61985
2010-09-04,186.53598,188.62581
2010-09-05,186.54054,188.63177
2010-09-06,186.5451,188.63773
2010-09-07,186.54966,188.64369
2010-09-08,186.55423,188.64965
2010-09-09,186.55879,188.65561
2010-09-10,186.56335,188.66157
2010-09-11,186.56791,188.66753
2010-09-12,186.57248,188.67349
2010-09-13,186.57704,188.67945
2010-09-14,186.5816,188.68541
2010-09-15,186.58617,188.69137
2010-09-16,186.59073,188.69733
2010-09-17,186.5953,188.70329
2010-09-18,186.59986,188.70925
2010-09-19,186.60442,188.71521
2010-09-20,186.60899,188.72117
2010-09-21,186.61355,188.72714
2010-09-22,186.61812,188.7331
2010-09-23,186.62268,188.73906
2010-09-24,186.62724,188.74502
2010-09-25,186.63181,188.75098
2010-09-26,186.63637,188.75695
2010-09-27,186.64094,188.76291
2010-09-28,186.6455,188.76887
2010-09-29,186.65007,188.77484
2010-09-30,186.65463,188.7808
2010-10-01,186.65981,188.78722
2010-10-02,186.66498,188.79364
2010-10-03,186.67015,188.80006
2010-10-04,186.67533,188.80647
2010-10-05,186.6805,188.81289
2010-10-06,186.68567,188.81931
2010-10-07,186.69085,188.82573
2010-10-08,186.69602,188.83215
2010-10-09,186.70119,188.83857
2010-10-10,186.70637,188.84499
2010-10-11,186.71154,188.85141
2010-10-12,186.71672,188.85783
2010-10-13,186.72189,188.86425
2010-10-14,186.72707,188.87067
2010-10-15,186.73224,188.87709
2010-10-16,186.73741,188.88352
2010-10-17,186.74259,188.88994
2010-10-18,186.74777,188.89636
2010-10-19,186.75294,188.90278
2010-10-20,186.75812,188.9092
2010-10-21,186.76329,188.91563
2010-10-22,186.76847,188.92205
2010-10-23,186.77364,188.92847
2010-10-24,186.77882,188.93489
2010-10-25,186.784,188.94132
2010-10-26,186.78917,188.94774
2010-10-27,186.79435,188.95416
2010-10-28,186.79952,188.96059
2010-10-29,186.8047,188.96701
2010-10-30,186.80988,188.97344
2010-10-31,186.81506,188.97986
2010-11-01,186.82046,188.98652
2010-11-02,186.82587,188.99319
2010-11-03,186.83128,188.99985
2010-11-04,186.83669,189.00651
2010-11-05,186.84209,189.01317
2010-11-06,186.8475,189.01984
2010-11-07,186.85291,189.0265
2010-11-08,186.85832,189.03316
2010-11-09,186.86373,189.03983
2010-11-10,186.86914,189.04649
2010-11-11,186.87455,189.05315
2010-11-12,186.87996,189.05982
2010-11-13,186.88537,189.06648
2010-11-14,186.89077,189.07315
2010-11-15,186.89618,189.07981
2010-11-16,186.90159,189.08648
2010-11-17,186.907,189.09314
2010-11-18,186.91241,189.09981
2010-11-19,186.91782,189.10648
2010-11-20,186.92324,189.11314
2010-11-21,186.92865,189.11981
2010-11-22,186.93406,189.12648
2010-11-23,186.93947,189.13314
2010-11-24,186.94488,189.13981
2010-11-25,186.95029,189.14648
2010-11-26,186.9557,189.15314
2010-11-27,186.96111,189.15981
2010-11-28,186.96652,189.16648
2010-11-29,186.97194,189.17315
2010-11-30,186.97735,189.17982
2010-12-01,186.98266,189.18639
2010-12-02,186.98796,189.19296
2010-12-03,186.99327,189.19954
2010-12-04,186.99858,189.20611
2010-12-05,187.00388,189.21268
2010-12-06,187.00919,189.21926
2010-12-07,187.0145,189.22583
2010-12-08,187.0198,189.2324
2010-12-09,187.02511,189.23898
2010-12-10,187.03042,189.24555
2010-12-11,187.03573,189.25213
2010-12-12,187.04104,189.2587
2010-12-13,187.04634,189.26528
2010-12-14,187.05165,189.27185
2010-12-15,187.05696,189.27843
2010-12-16,187.06227,189.285
2010-12-17,187.06758,189.29158
2010-12-18,187.07289,189.29816
2010-12-19,187.0782,189.30473
2010-12-20,187.08351,189.31131
2010-12-21,187.08882,189.31789
2010-12-22,187.09413,189.32446
2010-12-23,187.09944,189.33104
2010-12-24,187.10475,189.33762
2010-12-25,187.11006,189.3442
2010-12-26,187.11537,189.35077
2010-12-27,187.12068,189.35735
2010-12-28,187.12599,189.36393
2010-12-29,187.1313,189.37051
2010-12-30,187.13661,189.37709
2010-12-31,187.14192,189.38367
2011-01-01,187.14721,189.39026
2011-01-02,187.1525,189.39686
2011-01-03,187.15778,189.40345
2011-01-04,187.16307,189.41005
2011-01-05,187.16836,189.41664
2011-01-06,187.17365,189.42324
2011-01-07,187.17894,189.42984
2011-01-08,187.18423,189.43643
2011-01-09,187.18952,189.44303
2011-01-10,187.19481,189.44962
2011-01-11,187.2001,189.45622
2011-01-12,187.20539,189.46282
2011-01-13,187.21068,189.46942
2011-01-14,187.21597,189.47601
2011-01-15,187.22126,189.48261
2011-01-16,187.22655,189.48921
2011-01-17,187.23184,189.49581
2011-01-18,187.23713,189.50241
2011-01-19,187.24242,189.509
2011-01-20,187.24771,189.5156
2011-01-21,187.253,189.5222
2011-01-22,187.25829,189.5288
2011-01-23,187.26358,189.5354
2011-01-24,187.26887,189.542
2011-01-25,187.27416,189.5486
2011-01-26,187.27946,189.5552
2011-01-27,187.28475,189.5618
2011-01-28,187.29004,189.5684
2011-01-29,187.29533,189.575
2011-01-30,187.30062,189.58161
2011-01-31,187.30592,189.58821
2011-02-01,187.31157,189.59533
2011-02-02,187.31723,189.60245
2011-02-03,187.32288,189.60957
2011-02-04,187.32854,189.61669
2011-02-05,187.33419,189.62382
2011-02-06,187.33985,189.63094
2011-02-07,187.3455,189.63806
2011-02-08,187.35116,189.64519
2011-02-09,187.35681,189.65231
2011-02-10,187.36247,189.65943
2011-02-11,187.36812,189.66656
2011-02-12,187.37378,189.67368
2011-02-13,187.37944,189.68081
2011-02-14,187.38509,189.68793
2011-02-15,187.39075,189.69506
2011-02-16,187.39641,189.70218
2011-02-17,187.40206,189.70931
2011-02-18,187.40772,189.71643
2011-02-19,187.41338,189.72356
2011-02-20,187.41904,189.73069
2011-02-21,187.42469,189.73781
2011-02-22,187.43035,189.74494
2011-02-23,187.43601,189.75207
2011-02-24,187.44167,189.7592
2011-02-25,187.44733,189.76632
2011-02-26,187.45298,189.77345
2011-02-27,187.45864,189.78058
2011-02-28,187.4643,189.78771
2011-03-01,187.47042,189.79553
2011-03-02,187.47655,189.80335
2011-03-03,187.48267,189.81117
2011-03-04,187.48879,189.81899
2011-03-05,187.49491,189.82681
2011-03-06,187.50103,189.83463
2011-03-07,187.50716,189.84245
2011-03-08,187.51328,189.85027
2011-03-09,187.5194,189.8581
2011-03-10,187.52552,189.86592
2011-03-11,187.53165,189.87374
2011-03-12,187.53777,189.88156
2011-03-13,187.5439,189.88939
2011-03-14,187.55002,189.89721
2011-03-15,187.55614,189.90504
2011-03-16,187.56227,189.91286
2011-03-17,187.56839,189.92068
2011-03-18,187.57452,189.92851
2011-03-19,187.58064,189.93634
2011-03-20,187.58677,189.94416
2011-03-21,187.59289,189.95199
2011-03-22,187.59902,189.95981
2011-03-23,187.60514,189.96764
2011-03-24,187.61127,189.97547
2011-03-25,187.6174,189.98329
2011-03-26,187.62352,189.99112
2011-03-27,187.62965,189.99895
2011-03-28,187.63578,190.00678
2011-03-29,187.6419,190.01461
2011-03-30,187.64803,190.02244
2011-03-31,187.65416,190.03026
2011-04-01,187.66104,190.03882
2011-04-02,187.66793,190.04738
2011-04-03,187.67482,190.05594
2011-04-04,187.68171,190.0645
2011-04-05,187.68859,190.07306
2011-04-06,187.69548,190.08162
2011-04-07,187.70237,190.09018
2011-04-08,187.70926,190.09874
2011-04-09,187.71615,190.10731
2011-04-10,187.72304,190.11587
2011-04-11,187.72993,190.12443
2011-04-12,187.73682,190.13299
2011-04-13,187.74371,190.14156
2011-04-14,187.7506,190.15012
2011-04-15,187.75749,190.15868
2011-04-16,187.76438,190.16725
2011-04-17,187.77127,190.17581
2011-04-18,187.77816,190.18438
2011-04-19,187.78505,190.19294
2011-04-20,187.79194,190.20151
2011-04-21,187.79884,190.21008
2011-04-22,187.80573,190.21864
2011-04-23,187.81262,190.22721
2011-04-24,187.81951,190.23578
2011-04-25,187.82641,190.24435
2011-04-26,187.8333,190.25291
2011-04-27,187.84019,190.26148
2011-04-28,187.84709,190.27005
2011-04-29,187.85398,190.27862
2011-04-30,187.86088,190.28719
2011-05-01,187.86831,190.29621
2011-05-02,187.87575,190.30523
2011-05-03,187.88319,190.31426
2011-05-04,187.89062,190.32328
2011-05-05,187.89806,190.3323
2011-05-06,187.9055,190.34133
2011-05-07,187.91294,190.35035
2011-05-08,187.92038,190.35938
2011-05-09,187.92782,190.3684
2011-05-10,187.93526,190.37743
2011-05-11,187.94269,190.38645
2011-05-12,187.95013,190.39548
2011-05-13,187.95758,190.40451
2011-05-14,187.96502,190.41353
2011-05-15,187.97246,190.42256
2011-05-16,187.9799,190.43159
2011-05-17,187.98734,190.44062
2011-05-18,187.99478,190.44965
2011-05-19,188.00222,190.45868
2011-05-20,188.00966,190.46771
2011-05-21,188.01711,190.47674
2011-05-22,188.02455,190.48577
2011-05-23,188.03199,190.4948
2011-05-24,188.03944,190.50383
2011-05-25,188.04688,190.51286
2011-05-26,188.05432,190.5219
2011-05-27,188.06177,190.53093
2011-05-28,188.06921,190.53996
2011-05-29,188.07666,190.549
2011-05-30,188.0841,190.55803
2011-05-31,188.09155,190.56707
2011-06-01,188.09933,190.57633
2011-06-02,188.1071,190.58559
2011-06-03,188.11488,190.59485
2011-06-04,188.12266,190.60411
2011-06-05,188.13044,190.61337
2011-06-06,188.13822,190.62263
2011-06-07,188.146,190.63189
2011-06-08,188.15378,190.64116
2011-06-09,188.16156,190.65042
2011-06-10,188.16934,190.65968
2011-06-11,188.17712,190.66895
2011-06-12,188.1849,190.67821
2011-06-13,188.19268,190.68748
2011-06-14,188.20046,190.69674
2011-06-15,188.20825,190.70601
2011-06-16,188.21603,190.71528
2011-06-17,188.22381,190.72454
2011-06-18,188.23159,190.73381
2011-06-19,188.23938,190.74308
2011-06-20,188.24716,190.75235
2011-06-21,188.25494,190.76162
2011-06-22,188.26273,190.77089
2011-06-23,188.27051,190.78016
2011-06-24,188.2783,190.78943
2011-06-25,188.28608,190.7987
2011-06-26,188.29387,190.80797
2011-06-27,188.30165,190.81724
2011-06-28,188.30944,190.82651
2011-06-29,188.31723,190.83578
2011-06-30,188.32501,190.84506
2011-07-01,188.33337,190.8547
2011-07-02,188.34173,190.86433
2011-07-03,188.35009,190.87397
2011-07-04,188.35845,190.88362
2011-07-05,188.36681,190.89326
2011-07-06,188.37517,190.9029
2011-07-07,188.38353,190.91254
2011-07-08,188.39189,190.92218
2011-07-09,188.40025,190.93182
2011-07-10,188.40861,190.94147
2011-07-11,188.41697,190.95111
2011-07-12,188.42533,190.96076
2011-07-13,188.43369,190.9704
2011-07-14,188.44205,190.98005
2011-07-15,188.45042,190.98969
2011-07-16,188.45878,190.99934
2011-07-17,188.46714,191.00898
2011-07-18,188.47551,191.01863
2011-07-19,188.48387,191.02828
2011-07-20,188.49224,191.03793
2011-07-21,188.5006,191.04758
2011-07-22,188.50897,191.05723
2011-07-23,188.51733,191.06688
2011-07-24,188.5257,191.07653
2011-07-25,188.53406,191.08618
2011-07-26,188.54243,191.09583
2011-07-27,188.5508,191.10548
2011-07-28,188.55917,191.11513
2011-07-29,188.56753,191.12478
2011-07-30,188.5759,191.13444
2011-07-31,188.58427,191.14409
2011-08-01,188.5924,191.15341
2011-08-02,188.60053,191.16272
2011-08-03,188.60866,191.17204
2011-08-04,188.6168,191.18136
2011-08-05,188.62493,191.19068
2011-08-06,188.63306,191.2
2011-08-07,188.64119,191.20932
2011-08-08,188.64933,191.21864
2011-08-09,188.65746,191.22796
2011-08-10,188.66559,191.23728
2011-08-11,188.67373,191.2466
2011-08-12,188.68186,191.25593
2011-08-13,188.69,191.26525
2011-08-14,188.69813,191.27457
2011-08-15,188.70627,191.28389
2011-08-16,188.7144,191.29322
2011-08-17,188.72254,191.30254
2011-08-18,188.73067,191.31187
2011-08-19,188.73881,191.32119
2011-08-20,188.74695,191.33052
2011-08-21,188.75509,191.33984
2011-08-22,188.76322,191.34917
2011-08-23,188.77136,191.3585
2011-08-24,188.7795,191.36783
2011-08-25,188.78764,191.37715
2011-08-26,188.79578,191.38648
2011-08-27,188.80392,191.39581
2011-08-28,188.81206,191.40514
2011-08-29,188.8202,191.41447
2011-08-30,188.82834,191.4238
2011-08-31,188.83648,191.43313
2011-09-01,188.84454,191.44236
2011-09-02,188.8526,191.45159
2011-09-03,188.86066,191.46083
2011-09-04,188.86872,191.47006
2011-09-05,188.87678,191.47929
2011-09-06,188.88484,191.48853
2011-09-07,188.8929,191.49776
2011-09-08,188.90097,191.50699
2011-09-09,188.90903,191.51623
2011-09-10,188.91709,191.52546
2011-09-11,188.92515,191.5347
2011-09-12,188.93322,191.54393
2011-09-13,188.94128,191.55317
2011-09-14,188.94934,191.56241
2011-09-15,188.95741,191.57165
2011-09-16,188.96547,191.58088
2011-09-17,188.97354,191.59012
2011-09-18,188.9816,191.59936
2011-09-19,188.98967,191.6086
2011-09-20,188.99773,191.61784
2011-09-21,189.0058,191.62708
2011-09-22,189.01387,191.63632
2011-09-23,189.02193,191.64556
2011-09-24,189.03,191.6548
2011-09-25,189.03807,191.66404
2011-09-26,189.04614,191.67328
2011-09-27,189.05421,191.68253
2011-09-28,189.06227,191.69177
2011-09-29,189.07034,191.70101
2011-09-30,189.07841,191.71026
2011-10-01,189.08669,191.71972
2011-10-02,189.09497,191.72918
2011-10-03,189.10324,191.73863
2011-10-04,189.11152,191.74809
2011-10-05,189.1198,191.75755
2011-10-06,189.12808,191.76701
2011-10-07,189.13636,191.77648
2011-10-08,189.14464,191.78594
2011-10-09,189.15292,191.7954
2011-10-10,189.1612,191.80486
2011-10-11,189.16948,191.81432
2011-10-12,189.17776,191.82379
2011-10-13,189.18604,191.83325
2011-10-14,189.19432,191.84272
2011-10-15,189.2026,191.85218
2011-10-16,189.21088,191.86165
2011-10-17,189.21917,191.87111
2011-10-18,189.22745,191.88058
2011-10-19,189.23573,191.89004
2011-10-20,189.24401,191.89951
2011-10-21,189.2523,191.90898
2011-10-22,189.26058,191.91845
2011-10-23,189.26887,191.92792
2011-10-24,189.27715,191.93738
2011-10-25,189.28544,191.94685
2011-10-26,189.29372,191.95632
2011-10-27,189.30201,191.96579
2011-10-28,189.3103,191.97526
2011-10-29,189.31858,191.98474
2011-10-30,189.32687,191.99421
2011-10-31,189.33516,192.00368
2011-11-01,189.34297,192.01278
2011-11-02,189.35078,192.02188
2011-11-03,189.35858,192.03099
2011-11-04,189.36639,192.04009
2011-11-05,189.3742,192.04919
2011-11-06,189.38201,192.05829
2011-11-07,189.38982,192.0674
2011-11-08,189.39763,192.0765
2011-11-09,189.40545,192.08561
2011-11-10,189.41326,192.09471
2011-11-11,189.42107,192.10382
2011-11-12,189.42888,192.11292
2011-11-13,189.43669,192.12203
2011-11-14,189.44451,192.13114
2011-11-15,189.45232,192.14024
2011-11-16,189.46013,192.14935
2011-11-17,189.46794,192.15846
2011-11-18,189.47576,192.16757
2011-11-19,189.48357,192.17668
2011-11-20,189.49139,192.18579
2011-11-21,189.4992,192.1949
2011-11-22,189.50702,192.20401
2011-11-23,189.51483,192.21312
2011-11-24,189.52265,192.22223
2011-11-25,189.53046,192.23134
2011-11-26,189.53828,192.24045
2011-11-27,189.5461,192.24957
2011-11-28,189.55392,192.25868
2011-11-29,189.56173,192.26779
2011-11-30,189.56955,192.27691
2011-12-01,189.57706,192.28583
2011-12-02,189.58457,192.29475
2011-12-03,189.59208,192.30368
2011-12-04,189.59959,192.3126
2011-12-05,189.6071,192.32153
2011-12-06,189.61461,192.33045
2011-12-07,189.62212,192.33938
2011-12-08,189.62964,192.3483
2011-12-09,189.63715,192.35723
2011-12-10,189.64466,192.36616
2011-12-11,189.65217,192.37509
2011-12-12,189.65968,192.38401
2011-12-13,189.6672,192.39294
2011-12-14,189.67471,192.40187
2011-12-15,189.68222,192.4108
2011-12-16,189.68974,192.41973
2011-12-17,189.69725,192.42866
2011-12-18,189.70477,192.43759
2011-12-19,189.71228,192.44652
2011-12-20,189.7198,192.45545
2011-12-21,189.72731,192.46438
2011-12-22,189.73483,192.47331
2011-12-23,189.74235,192.48225
2011-12-24,189.74986,192.49118
2011-12-25,189.75738,192.50011
2011-12-26,189.7649,192.50905
2011-12-27,189.77241,192.51798
2011-12-28,189.77993,192.52692
2011-12-29,189.78745,192.53585
2011-12-30,189.79497,192.54479
2011-12-31,189.80249,192.55372
2012-01-01,189.80893,192.56177
2012-01-02,189.81537,192.56982
2012-01-03,189.82182,192.57787
2012-01-04,189.82826,192.58592
2012-01-05,189.83471,192.59397
2012-01-06,189.84115,192.60202
2012-01-07,189.8476,192.61007
2012-01-08,189.85404,192.61812
2012-01-09,189.86049,192.62617
2012-01-10,189.86693,192.63422
2012-01-11,189.87338,192.64227
2012-01-12,189.87983,192.65032
2012-01-13,189.88627,192.65838
2012-01-14,189.89272,192.66643
2012-01-15,189.89917,192.67448
2012-01-16,189.90561,192.68254
2012-01-17,189.91206,192.69059
2012-01-18,189.91851,192.69864
2012-01-19,189.92496,192.7067
2012-01-20,189.93141,192.71475
2012-01-21,189.93785,192.72281
2012-01-22,189.9443,192.73086
2012-01-23,189.95075,192.73892
2012-01-24,189.9572,192.74697
2012-01-25,189.96365,192.75503
2012-01-26,189.9701,192.76309
2012-01-27,189.97655,192.77115
2012-01-28,189.983,192.7792
2012-01-29,189.98945,192.78726
2012-01-30,189.9959,192.79532
2012-01-31,190.00235,192.80338
2012-02-01,190.00788,192.81058
2012-02-02,190.01341,192.81779
2012-02-03,190.01895,192.82499
2012-02-04,190.02448,192.8322
2012-02-05,190.03001,192.83941
2012-02-06,190.03555,192.84661
2012-02-07,190.04108,192.85382
2012-02-08,190.04661,192.86103
2012-02-09,190.05215,192.86824
2012-02-10,190.05768,192.87544
2012-02-11,190.06322,192.88265
2012-02-12,190.06875,192.88986
2012-02-13,190.07429,192.89707
2012-02-14,190.07982,192.90428
2012-02-15,190.08536,192.91149
2012-02-16,190.09089,192.9187
2012-02-17,190.09643,192.92591
2012-02-18,190.10196,192.93312
2012-02-19,190.1075,192.94033
2012-02-20,190.11303,192.94754
2012-02-21,190.11857,192.95475
2012-02-22,190.12411,192.96196
2012-02-23,190.12964,192.96917
2012-02-24,190.13518,192.97638
2012-02-25,190.14071,192.98359
2012-02-26,190.14625,192.9908
2012-02-27,190.15179,192.99802
2012-02-28,190.15733,193.00523
2012-02-29,190.16286,193.01244
2012-03-01,190.1674,193.01868
2012-03-02,190.17193,193.02492
2012-03-03,190.17647,193.03116
2012-03-04,190.181,193.0374
2012-03-05,190.18554,193.04364
2012-03-06,190.19007,193.04988
2012-03-07,190.19461,193.05612
2012-03-08,190.19914,193.06236
2012-03-09,190.20368,193.0686
2012-03-10,190.20821,193.07484
2012-03-11,190.21275,193.08108
2012-03-12,190.21728,193.08732
2012-03-13,190.22182,193.09357
2012-03-14,190.22636,193.09981
2012-03-15,190.23089,193.10605
2012-03-16,190.23543,193.11229
2012-03-17,190.23997,193.11853
2012-03-18,190.2445,193.12478
2012-03-19,190.24904,193.13102
2012-03-20,190.25358,193.13726
2012-03-21,190.25811,193.1435
2012-03-22,190.26265,193.14975
2012-03-23,190.26719,193.15599
2012-03-24,190.27172,193.16224
2012-03-25,190.27626,193.16848
2012-03-26,190.2808,193.17472
2012-03-27,190.28533,193.18097
2012-03-28,190.28987,193.18721
2012-03-29,190.29441,193.19346
2012-03-30,190.29895,193.1997
2012-03-31,190.30349,193.20595
2012-04-01,190.30742,193.21153
2012-04-02,190.31135,193.21711
2012-04-03,190.31529,193.22269
2012-04-04,190.31922,193.22828
2012-04-05,190.32316,193.23386
2012-04-06,190.32709,193.23944
2012-04-07,190.33103,193.24503
2012-04-08,190.33496,193.25061
2012-04-09,190.3389,193.2562
2012-04-10,190.34284,193.26178
2012-04-11,190.34677,193.26736
2012-04-12,190.35071,193.27295
2012-04-13,190.35464,193.27853
2012-04-14,190.35858,193.28412
2012-04-15,190.36251,193.2897
2012-04-16,190.36645,193.29529
2012-04-17,190.37039,193.30087
2012-04-18,190.37432,193.30646
2012-04-19,190.37826,193.31204
2012-04-20,190.38219,193.31763
2012-04-21,190.38613,193.32322
2012-04-22,190.39007,193.3288
2012-04-23,190.394,193.33439
2012-04-24,190.39794,193.33997
2012-04-25,190.40188,193.34556
2012-04-26,190.40581,193.35115
2012-04-27,190.40975,193.35673
2012-04-28,190.41369,193.36232
2012-04-29,190.41762,193.36791
2012-04-30,190.42156,193.3735
2012-05-01,190.42518,193.37871
2012-05-02,190.42881,193.38392
2012-05-03,190.43243,193.38913
2012-05-04,190.43605,193.39435
2012-05-05,190.43967,193.39956
2012-05-06,190.4433,193.40477
2012-05-07,190.44692,193.40998
2012-05-08,190.45054,193.4152
2012-05-09,190.45417,193.42041
2012-05-10,190.45779,193.42562
2012-05-11,190.46141,193.43084
2012-05-12,190.46504,193.43605
2012-05-13,190.46866,193.44127
2012-05-14,190.47229,193.44648
2012-05-15,190.47591,193.45169
2012-05-16,190.47953,193.45691
2012-05-17,190.48316,193.46212
2012-05-18,190.48678,193.46734
2012-05-19,190.4904,193.47255
2012-05-20,190.49403,193.47777
2012-05-21,190.49765,193.48298
2012-05-22,190.50128,193.4882
2012-05-23,190.5049,193.49341
2012-05-24,190.50853,193.49863
2012-05-25,190.51215,193.50385
2012-05-26,190.51578,193.50906
2012-05-27,190.5194,193.51428
2012-05-28,190.52302,193.51949
2012-05-29,190.52665,193.52471
2012-05-30,190.53027,193.52993
2012-05-31,190.5339,193.53514
2012-06-01,190.53739,193.54017
2012-06-02,190.54087,193.54519
2012-06-03,190.54436,193.55021
2012-06-04,190.54785,193.55524
2012-06-05,190.55133,193.56026
2012-06-06,190.55482,193.56529
2012-06-07,190.55831,193.57031
2012-06-08,190.5618,193.57534
2012-06-09,190.56528,193.58036
2012-06-10,190.56877,193.58539
2012-06-11,190.57226,193.59041
2012-06-12,190.57575,193.59544
2012-06-13,190.57924,193.60046
2012-06-14,190.58272,193.60549
2012-06-15,190.58621,193.61052
2012-06-16,190.5897,193.61554
2012-06-17,190.59319,193.62057
2012-06-18,190.59668,193.62559
2012-06-19,190.60016,193.63062
2012-06-20,190.60365,193.63565
2012-06-21,190.60714,193.64067
2012-06-22,190.61063,193.6457
2012-06-23,190.61412,193.65073
2012-06-24,190.61761,193.65575
2012-06-25,190.62109,193.66078
2012-06-26,190.62458,193.66581
2012-06-27,190.62807,193.67084
2012-06-28,190.63156,193.67586
2012-06-29,190.63505,193.68089
2012-06-30,190.63854,193.68592
2012-07-01,190.64117,193.69011
2012-07-02,190.6438,193.69431
2012-07-03,190.64644,193.6985
2012-07-04,190.64907,193.70269
2012-07-05,190.6517,193.70689
2012-07-06,190.65433,193.71108
2012-07-07,190.65696,193.71527
2012-07-08,190.6596,193.71947
2012-07-09,190.66223,193.72366
2012-07-10,190.66486,193.72786
2012-07-11,190.66749,193.73205
2012-07-12,190.67013,193.73624
2012-07-13,190.67276,193.74044
2012-07-14,190.67539,193.74463
2012-07-15,190.67802,193.74883
2012-07-16,190.68066,193.75302
2012-07-17,190.68329,193.75722
2012-07-18,190.68592,193.76141
2012-07-19,190.68856,193.76561
2012-07-20,190.69119,193.7698
2012-07-21,190.69382,193.774
2012-07-22,190.69645,193.77819
2012-07-23,190.69909,193.78239
2012-07-24,190.70172,193.78658
2012-07-25,190.70435,193.79078
2012-07-26,190.70699,193.79497
2012-07-27,190.70962,193.79917
2012-07-28,190.71225,193.80337
2012-07-29,190.71488,193.80756
2012-07-30,190.71752,193.81176
2012-07-31,190.72015,193.81595
2012-08-01,190.72191,193.81922
2012-08-02,190.72367,193.82248
2012-08-03,190.72543,193.82574
2012-08-04,190.72719,193.82901
2012-08-05,190.72896,193.83227
2012-08-06,190.73072,193.83553
2012-08-07,190.73248,193.8388
2012-08-08,190.73424,193.84206
2012-08-09,190.736,193.84532
2012-08-10,190.73776,193.84859
2012-08-11,190.73952,193.85185
2012-08-12,190.74128,193.85511
2012-08-13,190.74304,193.85838
2012-08-14,190.74481,193.86164
2012-08-15,190.74657,193.86491
2012-08-16,190.74833,193.86817
2012-08-17,190.75009,193.87143
2012-08-18,190.75185,193.8747
2012-08-19,190.75361,193.87796
2012-08-20,190.75537,193.88123
2012-08-21,190.75713,193.88449
2012-08-22,190.7589,193.88775
2012-08-23,190.76066,193.89102
2012-08-24,190.76242,193.89428
2012-08-25,190.76418,193.89755
2012-08-26,190.76594,193.90081
2012-08-27,190.7677,193.90408
2012-08-28,190.76946,193.90734
2012-08-29,190.77122,193.9106
2012-08-30,190.77299,193.91387
2012-08-31,190.77475,193.91713
2012-09-01,190.77605,193.91974
2012-09-02,190.77736,193.92235
2012-09-03,190.77866,193.92495
2012-09-04,190.77997,193.92756
2012-09-05,190.78127,193.93017
2012-09-06,190.78258,193.93277
2012-09-07,190.78388,193.93538
2012-09-08,190.78519,193.93799
2012-09-09,190.78649,193.94059
2012-09-10,190.7878,193.9432
2012-09-11,190.78911,193.94581
2012-09-12,190.79041,193.94842
2012-09-13,190.79172,193.95102
2012-09-14,190.79302,193.95363
2012-09-15,190.79433,193.95624
2012-09-16,190.79563,193.95884
2012-09-17,190.79694,193.96145
2012-09-18,190.79824,193.96406
2012-09-19,190.79955,193.96666
2012-09-20,190.80085,193.96927
2012-09-21,190.80216,193.97188
2012-09-22,190.80346,193.97449
2012-09-23,190.80477,193.97709
2012-09-24,190.80608,193.9797
2012-09-25,190.80738,193.98231
2012-09-26,190.80869,193.98492
2012-09-27,190.80999,193.98752
2012-09-28,190.8113,193.99013
2012-09-29,190.8126,193.99274
2012-09-30,190.81391,193.99535
2012-10-01,190.81501,193.99757
2012-10-02,190.81611,193.99978
2012-10-03,190.81721,194.002
2012-10-04,190.81832,194.00422
2012-10-05,190.81942,194.00644
2012-10-06,190.82052,194.00866
2012-10-07,190.82162,194.01088
2012-10-08,190.82272,194.0131
2012-10-09,190.82383,194.01532
2012-10-10,190.82493,194.01754
2012-10-11,190.82603,194.01976
2012-10-12,190.82713,194.02198
2012-10-13,190.82823,194.0242
2012-10-14,190.82934,194.02642
2012-10-15,190.83044,194.02864
2012-10-16,190.83154,194.03086
2012-10-17,190.83264,194.03308
2012-10-18,190.83375,194.0353
2012-10-19,190.83485,194.03752
2012-10-20,190.83595,194.03974
2012-10-21,190.83705,194.04196
2012-10-22,190.83815,194.04418
2012-10-23,190.83926,194.0464
2012-10-24,190.84036,194.04861
2012-10-25,190.84146,194.05083
2012-10-26,190.84256,194.05305
2012-10-27,190.84366,194.05527
2012-10-28,190.84477,194.05749
2012-10-29,190.84587,194.05971
2012-10-30,190.84697,194.06193
2012-10-31,190.84807,194.06415
2012-11-01,190.84909,194.0661
2012-11-02,190.85011,194.06804
2012-11-03,190.85113,194.06998
2012-11-04,190.85215,194.07193
2012-11-05,190.85316,194.07387
2012-11-06,190.85418,194.07581
2012-11-07,190.8552,194.07775
2012-11-08,190.85622,194.0797
2012-11-09,190.85723,194.08164
2012-11-10,190.85825,194.08358
2012-11-11,190.85927,194.08553
2012-11-12,190.86029,194.08747
2012-11-13,190.86131,194.08941
2012-11-14,190.86232,194.09136
2012-11-15,190.86334,194.0933
2012-11-16,190.86436,194.09524
2012-11-17,190.86538,194.09719
2012-11-18,190.8664,194.09913
2012-11-19,190.86741,194.10107
2012-11-20,190.86843,194.10301
2012-11-21,190.86945,194.10496
2012-11-22,190.87047,194.1069
2012-11-23,190.87149,194.10884
2012-11-24,190.8725,194.11079
2012-11-25,190.87352,194.11273
2012-11-26,190.87454,194.11467
2012-11-27,190.87556,194.11662
2012-11-28,190.87658,194.11856
2012-11-29,190.87759,194.1205
2012-11-30,190.87861,194.12245
2012-12-01,190.8796,194.12419
2012-12-02,190.88058,194.12594
2012-12-03,190.88156,194.12769
2012-12-04,190.88255,194.12943
2012-12-05,190.88353,194.13118
2012-12-06,190.88451,194.13293
2012-12-07,190.8855,194.13467
2012-12-08,190.88648,194.13642
2012-12-09,190.88746,194.13816
2012-12-10,190.88845,194.13991
2012-12-11,190.88943,194.14166
2012-12-12,190.89041,194.1434
2012-12-13,190.8914,194.14515
2012-12-14,190.89238,194.1469
2012-12-15,190.89336,194.14864
2012-12-16,190.89435,194.15039
2012-12-17,190.89533,194.15214
2012-12-18,190.89631,194.15388
2012-12-19,190.8973,194.15563
2012-12-20,190.89828,194.15738
2012-12-21,190.89926,194.15912
2012-12-22,190.90025,194.16087
2012-12-23,190.90123,194.16261
2012-12-24,190.90222,194.16436
2012-12-25,190.9032,194.16611
2012-12-26,190.90418,194.16785
2012-12-27,190.90517,194.1696
2012-12-28,190.90615,194.17135
2012-12-29,190.90713,194.17309
2012-12-30,190.90812,194.17484
2012-12-31,190.9091,194.17659
2013-01-01,190.91019,194.17844
2013-01-02,190.91127,194.1803
2013-01-03,190.91236,194.18216
2013-01-04,190.91345,194.18402
2013-01-05,190.91453,194.18587
2013-01-06,190.91562,194.18773
2013-01-07,190.91671,194.18959
2013-01-08,190.91779,194.19144
2013-01-09,190.91888,194.1933
2013-01-10,190.91997,194.19516
2013-01-11,190.92105,194.19702
2013-01-12,190.92214,194.19887
2013-01-13,190.92323,194.20073
2013-01-14,190.92431,194.20259
2013-01-15,190.9254,194.20444
2013-01-16,190.92649,194.2063
2013-01-17,190.92757,194.20816
2013-01-18,190.92866,194.21002
2013-01-19,190.92975,194.21187
2013-01-20,190.93083,194.21373
2013-01-21,190.93192,194.21559
2013-01-22,190.93301,194.21744
2013-01-23,190.93409,194.2193
2013-01-24,190.93518,194.22116
2013-01-25,190.93627,194.22302
2013-01-26,190.93735,194.22487
2013-01-27,190.93844,194.22673
2013-01-28,190.93953,194.22859
2013-01-29,190.94061,194.23045
2013-01-30,190.9417,194.2323
2013-01-31,190.94279,194.23416
2013-02-01,190.94397,194.23611
2013-02-02,190.94516,194.23807
2013-02-03,190.94634,194.24002
2013-02-04,190.94753,194.24197
2013-02-05,190.94871,194.24392
2013-02-06,190.9499,194.24588
2013-02-07,190.95108,194.24783
2013-02-08,190.95227,194.24978
2013-02-09,190.95345,194.25173
2013-02-10,190.95464,194.25369
2013-02-11,190.95582,194.25564
2013-02-12,190.957,194.25759
2013-02-13,190.95819,194.25954
2013-02-14,190.95937,194.2615
2013-02-15,190.96056,194.26345
2013-02-16,190.96174,194.2654
2013-02-17,190.96293,194.26735
2013-02-18,190.96411,194.26931
2013-02-19,190.9653,194.27126
2013-02-20,190.96648,194.27321
2013-02-21,190.96767,194.27516
2013-02-22,190.96885,194.27712
2013-02-23,190.97004,194.27907
2013-02-24,190.97122,194.28102
2013-02-25,190.97241,194.28297
2013-02-26,190.97359,194.28493
2013-02-27,190.97478,194.28688
2013-02-28,190.97596,194.28883
2013-03-01,190.97705,194.29061
2013-03-02,190.97815,194.29238
2013-03-03,190.97924,194.29416
2013-03-04,190.98033,194.29593
2013-03-05,190.98143,194.29771
2013-03-06,190.98252,194.29948
2013-03-07,190.98361,194.30126
2013-03-08,190.98471,194.30303
2013-03-09,190.9858,194.3048
2013-03-10,190.98689,194.30658
2013-03-11,190.98799,194.30835
2013-03-12,190.98908,194.31013
2013-03-13,190.99017,194.3119
2013-03-14,190.99126,194.31368
2013-03-15,190.99236,194.31545
2013-03-16,190.99345,194.31723
2013-03-17,190.99454,194.319
2013-03-18,190.99564,194.32078
2013-03-19,190.99673,194.32255
2013-03-20,190.99782,194.32433
2013-03-21,190.99892,194.3261
2013-03-22,191.00001,194.32788
2013-03-23,191.0011,194.32965
2013-03-24,191.0022,194.33143
2013-03-25,191.00329,194.3332
2013-03-26,191.00438,194.33498
2013-03-27,191.00548,194.33675
2013-03-28,191.00657,194.33853
2013-03-29,191.00766,194.3403
2013-03-30,191.00876,194.34208
2013-03-31,191.00985,194.34385
2013-04-01,191.01096,194.3456
2013-04-02,191.01207,194.34735
2013-04-03,191.01317,194.3491
2013-04-04,191.01428,194.35085
2013-04-05,191.01539,194.3526
2013-04-06,191.0165,194.35435
2013-04-07,191.01761,194.35611
2013-04-08,191.01872,194.35786
2013-04-09,191.01983,194.35961
2013-04-10,191.02093,194.36136
2013-04-11,191.02204,194.36311
2013-04-12,191.02315,194.36486
2013-04-13,191.02426,194.36661
2013-04-14,191.02537,194.36836
2013-04-15,191.02648,194.37011
2013-04-16,191.02758,194.37186
2013-04-17,191.02869,194.37361
2013-04-18,191.0298,194.37536
2013-04-19,191.03091,194.37712
2013-04-20,191.03202,194.37887
2013-04-21,191.03313,194.38062
2013-04-22,191.03424,194.38237
2013-04-23,191.03534,194.38412
2013-04-24,191.03645,194.38587
2013-04-25,191.03756,194.38762
2013-04-26,191.03867,194.38937
2013-04-27,191.03978,194.39112
2013-04-28,191.04089,194.39287
2013-04-29,191.042,194.39463
2013-04-30,191.0431,194.39638
2013-05-01,191.04417,194.39799
2013-05-02,191.04524,194.39961
2013-05-03,191.04631,194.40123
2013-05-04,191.04738,194.40284
2013-05-05,191.04844,194.40446
2013-05-06,191.04951,194.40608
2013-05-07,191.05058,194.4077
2013-05-08,191.05165,194.40931
2013-05-09,191.05272,194.41093
2013-05-10,191.05378,194.41255
2013-05-11,191.05485,194.41416
2013-05-12,191.05592,194.41578
2013-05-13,191.05699,194.4174
2013-05-14,191.05806,194.41902
2013-05-15,191.05912,194.42063
2013-05-16,191.06019,194.42225
2013-05-17,191.06126,194.42387
2013-05-18,191.06233,194.42549
2013-05-19,191.0634,194.4271
2013-05-20,191.06446,194.42872
2013-05-21,191.06553,194.43034
2013-05-22,191.0666,194.43195
2013-05-23,191.06767,194.43357
2013-05-24,191.06874,194.43519
2013-05-25,191.0698,194.43681
2013-05-26,191.07087,194.43842
2013-05-27,191.07194,194.44004
2013-05-28,191.07301,194.44166
2013-05-29,191.07408,194.44328
2013-05-30,191.07514,194.44489
2013-05-31,191.07621,194.44651
2013-06-01,191.07733,194.44824
2013-06-02,191.07844,194.44998
2013-06-03,191.07956,194.45171
2013-06-04,191.08067,194.45344
2013-06-05,191.08179,194.45518
2013-06-06,191.08291,194.45691
2013-06-07,191.08402,194.45864
2013-06-08,191.08514,194.46038
2013-06-09,191.08625,194.46211
2013-06-10,191.08737,194.46384
2013-06-11,191.08849,194.46557
2013-06-12,191.0896,194.46731
2013-06-13,191.09072,194.46904
2013-06-14,191.09183,194.47077
2013-06-15,191.09295,194.47251
2013-06-16,191.09407,194.47424
2013-06-17,191.09518,194.47597
2013-06-18,191.0963,194.47771
2013-06-19,191.09742,194.47944
2013-06-20,191.09853,194.48117
2013-06-21,191.09965,194.48291
2013-06-22,191.10076,194.48464
2013-06-23,191.10188,194.48637
2013-06-24,191.103,194.48811
2013-06-25,191.10411,194.48984
2013-06-26,191.10523,194.49157
2013-06-27,191.10634,194.49331
2013-06-28,191.10746,194.49504
2013-06-29,191.10858,194.49677
2013-06-30,191.10969,194.49851
2013-07-01,191.11087,194.50032
2013-07-02,191.11204,194.50214
2013-07-03,191.11322,194.50395
2013-07-04,191.11439,194.50577
2013-07-05,191.11557,194.50758
2013-07-06,191.11675,194.50939
2013-07-07,191.11792,194.51121
2013-07-08,191.1191,194.51302
2013-07-09,191.12027,194.51484
2013-07-10,191.12145,194.51665
2013-07-11,191.12262,194.51847
2013-07-12,191.1238,194.52028
2013-07-13,191.12497,194.5221
2013-07-14,191.12615,194.52391
2013-07-15,191.12733,194.52572
2013-07-16,191.1285,194.52754
2013-07-17,191.12968,194.52935
2013-07-18,191.13085,194.53117
2013-07-19,191.13203,194.53298
2013-07-20,191.1332,194.5348
2013-07-21,191.13438,194.53661
2013-07-22,191.13556,194.53843
2013-07-23,191.13673,194.54024
2013-07-24,191.13791,194.54206
2013-07-25,191.13908,194.54387
2013-07-26,191.14026,194.54569
2013-07-27,191.14143,194.5475
2013-07-28,191.14261,194.54932
2013-07-29,191.14378,194.55113
2013-07-30,191.14496,194.55295
2013-07-31,191.14614,194.55476
2013-08-01,191.14734,194.55661
2013-08-02,191.14853,194.55846
2013-08-03,191.14973,194.56031
2013-08-04,191.15093,194.56216
2013-08-05,191.15213,194.56401
2013-08-06,191.15333,194.56586
2013-08-07,191.15453,194.56771
2013-08-08,191.15573,194.56956
2013-08-09,191.15693,194.57141
2013-08-10,191.15813,194.57326
2013-08-11,191.15933,194.57511
2013-08-12,191.16053,194.57696
2013-08-13,191.16173,194.57881
2013-08-14,191.16293,194.58066
2013-08-15,191.16413,194.58251
2013-08-16,191.16533,194.58436
2013-08-17,191.16652,194.58621
2013-08-18,191.16772,194.58805
2013-08-19,191.16892,194.5899
2013-08-20,191.17012,194.59175
2013-08-21,191.17132,194.5936
2013-08-22,191.17252,194.59545
2013-08-23,191.17372,194.5973
2013-08-24,191.17492,194.59915
2013-08-25,191.17612,194.601
2013-08-26,191.17732,194.60285
2013-08-27,191.17852,194.6047
2013-08-28,191.17972,194.60655
2013-08-29,191.18092,194.6084
2013-08-30,191.18212,194.61025
2013-08-31,191.18332,194.6121
2013-09-01,191.1845,194.61394
2013-09-02,191.18569,194.61578
2013-09-03,191.18687,194.61762
2013-09-04,191.18806,194.61946
2013-09-05,191.18924,194.6213
2013-09-06,191.19043,194.62313
2013-09-07,191.19162,194.62497
2013-09-08,191.1928,194.62681
2013-09-09,191.19399,194.62865
2013-09-10,191.19517,194.63049
2013-09-11,191.19636,194.63233
2013-09-12,191.19754,194.63416
2013-09-13,191.19873,194.636
2013-09-14,191.19991,194.63784
2013-09-15,191.2011,194.63968
2013-09-16,191.20229,194.64152
2013-09-17,191.20347,194.64336
2013-09-18,191.20466,194.6452
2013-09-19,191.20584,194.64703
2013-09-20,191.20703,194.64887
2013-09-21,191.20821,194.65071
2013-09-22,191.2094,194.65255
2013-09-23,191.21059,194.65439
2013-09-24,191.21177,194.65623
2013-09-25,191.21296,194.65807
2013-09-26,191.21414,194.6599
2013-09-27,191.21533,194.66174
2013-09-28,191.21651,194.66358
2013-09-29,191.2177,194.66542
2013-09-30,191.21889,194.66726
2013-10-01,191.22009,194.66911
2013-10-02,191.22128,194.67095
2013-10-03,191.22248,194.6728
2013-10-04,191.22368,194.67465
2013-10-05,191.22488,194.67649
2013-10-06,191.22608,194.67834
2013-10-07,191.22728,194.68019
2013-10-08,191.22848,194.68203
2013-10-09,191.22968,194.68388
2013-10-10,191.23088,194.68573
2013-10-11,191.23208,194.68757
2013-10-12,191.23328,194.68942
2013-10-13,191.23448,194.69127
2013-10-14,191.23568,194.69312
2013-10-15,191.23688,194.69496
2013-10-16,191.23808,194.69681
2013-10-17,191.23928,194.69866
2013-10-18,191.24048,194.7005
2013-10-19,191.24168,194.70235
2013-10-20,191.24288,194.7042
2013-10-21,191.24408,194.70604
2013-10-22,191.24528,194.70789
2013-10-23,191.24648,194.70974
2013-10-24,191.24768,194.71159
2013-10-25,191.24888,194.71343
2013-10-26,191.25008,194.71528
2013-10-27,191.25128,194.71713
2013-10-28,191.25247,194.71897
2013-10-29,191.25367,194.72082
2013-10-30,191.25487,194.72267
2013-10-31,191.25607,194.72452
2013-11-01,191.25726,194.72628
2013-11-02,191.25845,194.72805
2013-11-03,191.25963,194.72982
2013-11-04,191.26082,194.73159
2013-11-05,191.26201,194.73336
2013-11-06,191.26319,194.73513
2013-11-07,191.26438,194.73689
2013-11-08,191.26557,194.73866
2013-11-09,191.26676,194.74043
2013-11-10,191.26794,194.7422
2013-11-11,191.26913,194.74397
2013-11-12,191.27032,194.74574
2013-11-13,191.2715,194.7475
2013-11-14,191.27269,194.74927
2013-11-15,191.27388,194.75104
2013-11-16,191.27506,194.75281
2013-11-17,191.27625,194.75458
2013-11-18,191.27744,194.75635
2013-11-19,191.27862,194.75812
2013-11-20,191.27981,194.75988
2013-11-21,191.281,194.76165
2013-11-22,191.28218,194.76342
2013-11-23,191.28337,194.76519
2013-11-24,191.28456,194.76696
2013-11-25,191.28575,194.76873
2013-11-26,191.28693,194.7705
2013-11-27,191.28812,194.77226
2013-11-28,191.28931,194.77403
2013-11-29,191.29049,194.7758
2013-11-30,191.29168,194.77757
2013-12-01,191.29313,194.77958
2013-12-02,191.29459,194.78158
2013-12-03,191.29604,194.78359
2013-12-04,191.29749,194.78559
2013-12-05,191.29895,194.7876
2013-12-06,191.3004,194.7896
2013-12-07,191.30185,194.79161
2013-12-08,191.30331,194.79361
2013-12-09,191.30476,194.79562
2013-12-10,191.30621,194.79762
2013-12-11,191.30767,194.79963
2013-12-12,191.30912,194.80163
2013-12-13,191.31057,194.80364
2013-12-14,191.31203,194.80564
2013-12-15,191.31348,194.80765
2013-12-16,191.31493,194.80965
2013-12-17,191.31639,194.81166
2013-12-18,191.31784,194.81366
2013-12-19,191.31929,194.81567
2013-12-20,191.32075,194.81767
2013-12-21,191.3222,194.81968
2013-12-22,191.32365,194.82168
2013-12-23,191.32511,194.82369
2013-12-24,191.32656,194.82569
2013-12-25,191.32802,194.8277
2013-12-26,191.32947,194.8297
2013-12-27,191.33092,194.83171
2013-12-28,191.33238,194.83371
2013-12-29,191.33383,194.83572
2013-12-30,191.33528,194.83773
2013-12-31,191.33674,194.83973
2014-01-01,191.33829,194.84187
2014-01-02,191.33984,194.84402
2014-01-03,191.34139,194.84616
2014-01-04,191.34295,194.8483
2014-01-05,191.3445,194.85045
2014-01-06,191.34605,194.85259
2014-01-07,191.3476,194.85473
2014-01-08,191.34915,194.85688
2014-01-09,191.35071,194.85902
2014-01-10,191.35226,194.86116
2014-01-11,191.35381,194.86331
2014-01-12,191.35536,194.86545
2014-01-13,191.35692,194.86759
2014-01-14,191.35847,194.86974
2014-01-15,191.36002,194.87188
2014-01-16,191.36157,194.87403
2014-01-17,191.36313,194.87617
2014-01-18,191.36468,194.87831
2014-01-19,191.36623,194.88046
2014-01-20,191.36778,194.8826
2014-01-21,191.36934,194.88474
2014-01-22,191.37089,194.88689
2014-01-23,191.37244,194.88903
2014-01-24,191.37399,194.89117
2014-01-25,191.37555,194.89332
2014-01-26,191.3771,194.89546
2014-01-27,191.37865,194.89761
2014-01-28,191.3802,194.89975
2014-01-29,191.38176,194.90189
2014-01-30,191.38331,194.90404
2014-01-31,191.38486,194.90618
2014-02-01,191.38639,194.90828
2014-02-02,191.38792,194.91037
2014-02-03,191.38946,194.91246
2014-02-04,191.39099,194.91455
2014-02-05,191.39252,194.91665
2014-02-06,191.39405,194.91874
2014-02-07,191.39558,194.92083
2014-02-08,191.39711,194.92293
2014-02-09,191.39865,194.92502
2014-02-10,191.40018,194.92711
2014-02-11,191.40171,194.92921
2014-02-12,191.40324,194.9313
2014-02-13,191.40477,194.93339
2014-02-14,191.4063,194.93549
2014-02-15,191.40784,194.93758
2014-02-16,191.40937,194.93967
2014-02-17,191.4109,194.94177
2014-02-18,191.41243,194.94386
2014-02-19,191.41396,194.94595
2014-02-20,191.4155,194.94805
2014-02-21,191.41703,194.95014
2014-02-22,191.41856,194.95223
2014-02-23,191.42009,194.95433
2014-02-24,191.42162,194.95642
2014-02-25,191.42315,194.95852
2014-02-26,191.42469,194.96061
2014-02-27,191.42622,194.9627
2014-02-28,191.42775,194.9648
2014-03-01,191.42937,194.967
2014-03-02,191.431,194.9692
2014-03-03,191.43262,194.97141
2014-03-04,191.43424,194.97361
2014-03-05,191.43587,194.97582
2014-03-06,191.43749,194.97802
2014-03-07,191.43912,194.98022
2014-03-08,191.44074,194.98243
2014-03-09,191.44236,194.98463
2014-03-10,191.44399,194.98683
2014-03-11,191.44561,194.98904
2014-03-12,191.44723,194.99124
2014-03-13,191.44886,194.99345
2014-03-14,191.45048,194.99565
2014-03-15,191.45211,194.99785
2014-03-16,191.45373,195.00006
2014-03-17,191.45535,195.00226
2014-03-18,191.45698,195.00447
2014-03-19,191.4586,195.00667
2014-03-20,191.46022,195.00887
2014-03-21,191.46185,195.01108
2014-03-22,191.46347,195.01328
2014-03-23,191.4651,195.01549
2014-03-24,191.46672,195.01769
2014-03-25,191.46834,195.0199
2014-03-26,191.46997,195.0221
2014-03-27,191.47159,195.0243
2014-03-28,191.47322,195.02651
2014-03-29,191.47484,195.02871
2014-03-30,191.47646,195.03092
2014-03-31,191.47809,195.03312
2014-04-01,191.47984,195.03545
2014-04-02,191.4816,195.03778
2014-04-03,191.48335,195.04011
2014-04-04,191.4851,195.04244
2014-04-05,191.48686,195.04477
2014-04-06,191.48861,195.0471
2014-04-07,191.49037,195.04943
2014-04-08,191.49212,195.05175
2014-04-09,191.49387,195.05408
2014-04-10,191.49563,195.05641
2014-04-11,191.49738,195.05874
2014-04-12,191.49914,195.06107
2014-04-13,191.50089,195.0634
2014-04-14,191.50264,195.06573
2014-04-15,191.5044,195.06806
2014-04-16,191.50615,195.07039
2014-04-17,191.50791,195.07272
2014-04-18,191.50966,195.07505
2014-04-19,191.51141,195.07738
2014-04-20,191.51317,195.07971
2014-04-21,191.51492,195.08204
2014-04-22,191.51668,195.08437
2014-04-23,191.51843,195.0867
2014-04-24,191.52019,195.08903
2014-04-25,191.52194,195.09136
2014-04-26,191.52369,195.09369
2014-04-27,191.52545,195.09602
2014-04-28,191.5272,195.09835
2014-04-29,191.52896,195.10067
2014-04-30,191.53071,195.103
2014-05-01,191.53244,195.10526
2014-05-02,191.53417,195.10752
2014-05-03,191.53589,195.10978
2014-05-04,191.53762,195.11204
2014-05-05,191.53935,195.1143
2014-05-06,191.54107,195.11656
2014-05-07,191.5428,195.11882
2014-05-08,191.54453,195.12108
2014-05-09,191.54625,195.12334
2014-05-10,191.54798,195.1256
2014-05-11,191.54971,195.12786
2014-05-12,191.55143,195.13012
2014-05-13,191.55316,195.13238
2014-05-14,191.55489,195.13464
2014-05-15,191.55662,195.1369
2014-05-16,191.55834,195.13915
2014-05-17,191.56007,195.14141
2014-05-18,191.5618,195.14367
2014-05-19,191.56352,195.14593
2014-05-20,191.56525,195.14819
2014-05-21,191.56698,195.15045
2014-05-22,191.56871,195.15271
2014-05-23,191.57043,195.15497
2014-05-24,191.57216,195.15723
2014-05-25,191.57389,195.15949
2014-05-26,191.57561,195.16175
2014-05-27,191.57734,195.16401
2014-05-28,191.57907,195.16627
2014-05-29,191.5808,195.16853
2014-05-30,191.58252,195.17079
2014-05-31,191.58425,195.17305
2014-06-01,191.58554,195.17486
2014-06-02,191.58682,195.17666
2014-06-03,191.5881,195.17847
2014-06-04,191.58939,195.18028
2014-06-05,191.59067,195.18208
2014-06-06,191.59196,195.18389
2014-06-07,191.59324,195.1857
2014-06-08,191.59453,195.1875
2014-06-09,191.59581,195.18931
2014-06-10,191.5971,195.19112
2014-06-11,191.59838,195.19292
2014-06-12,191.59967,195.19473
2014-06-13,191.60095,195.19654
2014-06-14,191.60224,195.19834
2014-06-15,191.60352,195.20015
2014-06-16,191.60481,195.20196
2014-06-17,191.60609,195.20376
2014-06-18,191.60738,195.20557
2014-06-19,191.60866,195.20738
2014-06-20,191.60995,195.20918
2014-06-21,191.61123,195.21099
2014-06-22,191.61252,195.2128
2014-06-23,191.6138,195.2146
2014-06-24,191.61509,195.21641
2014-06-25,191.61637,195.21822
2014-06-26,191.61766,195.22002
2014-06-27,191.61894,195.22183
2014-06-28,191.62023,195.22364
2014-06-29,191.62151,195.22544
2014-06-30,191.6228,195.22725
2014-07-01,191.62389,195.2289
2014-07-02,191.62498,195.23055
2014-07-03,191.62607,195.23221
2014-07-04,191.62716,195.23386
2014-07-05,191.62826,195.23551
2014-07-06,191.62935,195.23716
2014-07-07,191.63044,195.23881
2014-07-08,191.63153,195.24047
2014-07-09,191.63262,195.24212
2014-07-10,191.63371,195.24377
2014-07-11,191.6348,195.24542
2014-07-12,191.6359,195.24707
2014-07-13,191.63699,195.24873
2014-07-14,191.63808,195.25038
2014-07-15,191.63917,195.25203
2014-07-16,191.64026,195.25368
2014-07-17,191.64135,195.25533
2014-07-18,191.64245,195.25699
2014-07-19,191.64354,195.25864
2014-07-20,191.64463,195.26029
2014-07-21,191.64572,195.26194
2014-07-22,191.64681,195.26359
2014-07-23,191.6479,195.26525
2014-07-24,191.64899,195.2669
2014-07-25,191.65009,195.26855
2014-07-26,191.65118,195.2702
2014-07-27,191.65227,195.27186
2014-07-28,191.65336,195.27351
2014-07-29,191.65445,195.27516
2014-07-30,191.65554,195.27681
2014-07-31,191.65664,195.27846
2014-08-01,191.65766,195.28005
2014-08-02,191.65868,195.28163
2014-08-03,191.6597,195.28321
2014-08-04,191.66072,195.2848
2014-08-05,191.66174,195.28638
2014-08-06,191.66276,195.28796
2014-08-07,191.66378,195.28954
2014-08-08,191.66479,195.29113
2014-08-09,191.66581,195.29271
2014-08-10,191.66683,195.29429
2014-08-11,191.66785,195.29587
2014-08-12,191.66887,195.29746
2014-08-13,191.66989,195.29904
2014-08-14,191.67091,195.30062
2014-08-15,191.67193,195.30221
2014-08-16,191.67295,195.30379
2014-08-17,191.67397,195.30537
2014-08-18,191.67499,195.30695
2014-08-19,191.67601,195.30854
2014-08-20,191.67703,195.31012
2014-08-21,191.67805,195.3117
2014-08-22,191.67907,195.31329
2014-08-23,191.68009,195.31487
2014-08-24,191.68111,195.31645
2014-08-25,191.68213,195.31803
2014-08-26,191.68315,195.31962
2014-08-27,191.68417,195.3212
2014-08-28,191.68519,195.32278
2014-08-29,191.68621,195.32437
2014-08-30,191.68723,195.32595
2014-08-31,191.68825,195.32753
2014-09-01,191.68877,195.32862
2014-09-02,191.68929,195.3297
2014-09-03,191.68981,195.33078
2014-09-04,191.69032,195.33187
2014-09-05,191.69084,195.33295
2014-09-06,191.69136,195.33403
2014-09-07,191.69187,195.33512
2014-09-08,191.69239,195.3362
2014-09-09,191.69291,195.33728
2014-09-10,191.69342,195.33837
2014-09-11,191.69394,195.33945
2014-09-12,191.69446,195.34053
2014-09-13,191.69498,195.34162
2014-09-14,191.69549,195.3427
2014-09-15,191.69601,195.34378
2014-09-16,191.69653,195.34487
2014-09-17,191.69704,195.34595
2014-09-18,191.69756,195.34704
2014-09-19,191.69808,195.34812
2014-09-20,191.69859,195.3492
2014-09-21,191.69911,195.35029
2014-09-22,191.69963,195.35137
2014-09-23,191.70015,195.35245
2014-09-24,191.70066,195.35354
2014-09-25,191.70118,195.35462
2014-09-26,191.7017,195.3557
2014-09-27,191.70221,195.35679
2014-09-28,191.70273,195.35787
2014-09-29,191.70325,195.35895
2014-09-30,191.70376,195.36004
2014-10-01,191.7042,195.36103
2014-10-02,191.70464,195.36203
2014-10-03,191.70508,195.36303
2014-10-04,191.70552,195.36402
2014-10-05,191.70596,195.36502
2014-10-06,191.7064,195.36602
2014-10-07,191.70684,195.36701
2014-10-08,191.70728,195.36801
2014-10-09,191.70772,195.36901
2014-10-10,191.70816,195.37
2014-10-11,191.7086,195.371
2014-10-12,191.70904,195.372
2014-10-13,191.70948,195.37299
2014-10-14,191.70992,195.37399
2014-10-15,191.71036,195.37499
2014-10-16,191.7108,195.37598
2014-10-17,191.71124,195.37698
2014-10-18,191.71168,195.37798
2014-10-19,191.71212,195.37897
2014-10-20,191.71256,195.37997
2014-10-21,191.713,195.38097
2014-10-22,191.71344,195.38196
2014-10-23,191.71388,195.38296
2014-10-24,191.71432,195.38396
2014-10-25,191.71476,195.38495
2014-10-26,191.7152,195.38595
2014-10-27,191.71564,195.38695
2014-10-28,191.71608,195.38795
2014-10-29,191.71652,195.38894
2014-10-30,191.71696,195.38994
2014-10-31,191.7174,195.39094
2014-11-01,191.71783,195.39192
2014-11-02,191.71826,195.39291
2014-11-03,191.71869,195.39389
2014-11-04,191.71913,195.39488
2014-11-05,191.71956,195.39587
2014-11-06,191.71999,195.39685
2014-11-07,191.72042,195.39784
2014-11-08,191.72085,195.39883
2014-11-09,191.72128,195.39981
2014-11-10,191.72171,195.4008
2014-11-11,191.72214,195.40179
2014-11-12,191.72257,195.40277
2014-11-13,191.723,195.40376
2014-11-14,191.72343,195.40475
2014-11-15,191.72386,195.40573
2014-11-16,191.7243,195.40672
2014-11-17,191.72473,195.40771
2014-11-18,191.72516,195.40869
2014-11-19,191.72559,195.40968
2014-11-20,191.72602,195.41067
2014-11-21,191.72645,195.41165
2014-11-22,191.72688,195.41264
2014-11-23,191.72731,195.41363
2014-11-24,191.72774,195.41461
2014-11-25,191.72817,195.4156
2014-11-26,191.7286,195.41658
2014-11-27,191.72903,195.41757
2014-11-28,191.72947,195.41856
2014-11-29,191.7299,195.41954
2014-11-30,191.73033,195.42053
2014-12-01,191.73076,195.42149
2014-12-02,191.73119,195.42245
2014-12-03,191.73162,195.42341
2014-12-04,191.73205,195.42436
2014-12-05,191.73248,195.42532
2014-12-06,191.73291,195.42628
2014-12-07,191.73334,195.42724
2014-12-08,191.73377,195.4282
2014-12-09,191.73421,195.42915
2014-12-10,191.73464,195.43011
2014-12-11,191.73507,195.43107
2014-12-12,191.7355,195.43203
2014-12-13,191.73593,195.43299
2014-12-14,191.73636,195.43394
2014-12-15,191.73679,195.4349
2014-12-16,191.73722,195.43586
2014-12-17,191.73765,195.43682
2014-12-18,191.73808,195.43778
2014-12-19,191.73851,195.43873
2014-12-20,191.73895,195.43969
2014-12-21,191.73938,195.44065
2014-12-22,191.73981,195.44161
2014-12-23,191.74024,195.44257
2014-12-24,191.74067,195.44352
2014-12-25,191.7411,195.44448
2014-12-26,191.74153,195.44544
2014-12-27,191.74196,195.4464
2014-12-28,191.74239,195.44736
2014-12-29,191.74282,195.44831
2014-12-30,191.74325,195.44927
2014-12-31,191.74369,195.45023
2015-01-01,191.74402,195.45106
2015-01-02,191.74435,195.45188
2015-01-03,191.74469,195.45271
2015-01-04,191.74502,195.45354
2015-01-05,191.74535,195.45436
2015-01-06,191.74569,195.45519
2015-01-07,191.74602,195.45602
2015-01-08,191.74636,195.45685
2015-01-09,191.74669,195.45767
2015-01-10,191.74702,195.4585
2015-01-11,191.74736,195.45933
2015-01-12,191.74769,195.46015
2015-01-13,191.74802,195.46098
2015-01-14,191.74836,195.46181
2015-01-15,191.74869,195.46263
2015-01-16,191.74903,195.46346
2015-01-17,191.74936,195.46429
2015-01-18,191.74969,195.46511
2015-01-19,191.75003,195.46594
2015-01-20,191.75036,195.46677
2015-01-21,191.75069,195.46759
2015-01-22,191.75103,195.46842
2015-01-23,191.75136,195.46925
2015-01-24,191.7517,195.47007
2015-01-25,191.75203,195.4709
2015-01-26,191.75236,195.47173
2015-01-27,191.7527,195.47256
2015-01-28,191.75303,195.47338
2015-01-29,191.75337,195.47421
2015-01-30,191.7537,195.47504
2015-01-31,191.75403,195.47586
2015-02-01,191.75429,195.47655
2015-02-02,191.75455,195.47723
2015-02-03,191.7548,195.47791
2015-02-04,191.75506,195.4786
2015-02-05,191.75532,195.47928
2015-02-06,191.75557,195.47996
2015-02-07,191.75583,195.48065
2015-02-08,191.75609,195.48133
2015-02-09,191.75634,195.48201
2015-02-10,191.7566,195.4827
2015-02-11,191.75686,195.48338
2015-02-12,191.75711,195.48406
2015-02-13,191.75737,195.48475
2015-02-14,191.75763,195.48543
2015-02-15,191.75788,195.48611
2015-02-16,191.75814,195.4868
2015-02-17,191.7584,195.48748
2015-02-18,191.75865,195.48816
2015-02-19,191.75891,195.48885
2015-02-20,191.75917,195.48953
2015-02-21,191.75942,195.49021
2015-02-22,191.75968,195.4909
2015-02-23,191.75994,195.49158
2015-02-24,191.76019,195.49226
2015-02-25,191.76045,195.49295
2015-02-26,191.76071,195.49363
2015-02-27,191.76096,195.49431
2015-02-28,191.76122,195.495
2015-03-01,191.76137,195.49552
2015-03-02,191.76151,195.49605
2015-03-03,191.76166,195.49658
2015-03-04,191.7618,195.4971
2015-03-05,191.76195,195.49763
2015-03-06,191.76209,195.49815
2015-03-07,191.76223,195.49868
2015-03-08,191.76238,195.49921
2015-03-09,191.76252,195.49973
2015-03-10,191.76267,195.50026
2015-03-11,191.76281,195.50078
2015-03-12,191.76296,195.50131
2015-03-13,191.7631,195.50184
2015-03-14,191.76325,195.50236
2015-03-15,191.76339,195.50289
2015-03-16,191.76354,195.50341
2015-03-17,191.76368,195.50394
2015-03-18,191.76383,195.50447
2015-03-19,191.76397,195.50499
2015-03-20,191.76412,195.50552
2015-03-21,191.76426,195.50604
2015-03-22,191.76441,195.50657
2015-03-23,191.76455,195.5071
2015-03-24,191.7647,195.50762
2015-03-25,191.76484,195.50815
2015-03-26,191.76499,195.50867
2015-03-27,191.76513,195.5092
2015-03-28,191.76528,195.50973
2015-03-29,191.76542,195.51025
2015-03-30,191.76557,195.51078
2015-03-31,191.76571,195.5113
2015-04-01,191.76574,195.5117
2015-04-02,191.76576,195.5121
2015-04-03,191.76579,195.51249
2015-04-04,191.76581,195.51289
2015-04-05,191.76584,195.51328
2015-04-06,191.76586,195.51368
2015-04-07,191.76589,195.51407
2015-04-08,191.76591,195.51447
2015-04-09,191.76594,195.51486
2015-04-10,191.76596,195.51526
2015-04-11,191.76599,195.51565
2015-04-12,191.76601,195.51605
2015-04-13,191.76604,195.51644
2015-04-14,191.76606,195.51684
2015-04-15,191.76609,195.51723
2015-04-16,191.76611,195.51763
2015-04-17,191.76614,195.51803
2015-04-18,191.76616,195.51842
2015-04-19,191.76619,195.51882
2015-04-20,191.76621,195.51921
2015-04-21,191.76624,195.51961
2015-04-22,191.76626,195.52
2015-04-23,191.76629,195.5204
2015-04-24,191.76631,195.52079
2015-04-25,191.76634,195.52119
2015-04-26,191.76636,195.52158
2015-04-27,191.76639,195.52198
2015-04-28,191.76641,195.52237
2015-04-29,191.76644,195.52277
2015-04-30,191.76646,195.52317
2015-05-01,191.76641,195.52348
2015-05-02,191.76635,195.52379
2015-05-03,191.7663,195.5241
2015-05-04,191.76624,195.52441
2015-05-05,191.76618,195.52471
2015-05-06,191.76613,195.52502
2015-05-07,191.76607,195.52533
2015-05-08,191.76602,195.52564
2015-05-09,191.76596,195.52595
2015-05-10,191.76591,195.52626
2015-05-11,191.76585,195.52657
2015-05-12,191.7658,195.52688
2015-05-13,191.76574,195.52719
2015-05-14,191.76569,195.5275
2015-05-15,191.76563,195.52781
2015-05-16,191.76558,195.52812
2015-05-17,191.76552,195.52843
2015-05-18,191.76547,195.52874
2015-05-19,191.76541,195.52905
2015-05-20,191.76536,195.52936
2015-05-21,191.7653,195.52967
2015-05-22,191.76525,195.52998
2015-05-23,191.76519,195.53029
2015-05-24,191.76514,195.5306
2015-05-25,191.76508,195.53091
2015-05-26,191.76503,195.53122
2015-05-27,191.76497,195.53153
2015-05-28,191.76491,195.53184
2015-05-29,191.76486,195.53215
2015-05-30,191.7648,195.53246
2015-05-31,191.76475,195.53277
2015-06-01,191.76467,195.53304
2015-06-02,191.7646,195.53331
2015-06-03,191.76453,195.53357
2015-06-04,191.76445,195.53384
2015-06-05,191.76438,195.53411
2015-06-06,191.7643,195.53437
2015-06-07,191.76423,195.53464
2015-06-08,191.76416,195.53491
2015-06-09,191.76408,195.53518
2015-06-10,191.76401,195.53544
2015-06-11,191.76393,195.53571
2015-06-12,191.76386,195.53598
2015-06-13,191.76379,195.53624
2015-06-14,191.76371,195.53651
2015-06-15,191.76364,195.53678
2015-06-16,191.76356,195.53705
2015-06-17,191.76349,195.53731
2015-06-18,191.76342,195.53758
2015-06-19,191.76334,195.53785
2015-06-20,191.76327,195.53811
2015-06-21,191.76319,195.53838
2015-06-22,191.76312,195.53865
2015-06-23,191.76304,195.53892
2015-06-24,191.76297,195.53918
2015-06-25,191.7629,195.53945
2015-06-26,191.76282,195.53972
2015-06-27,191.76275,195.53998
2015-06-28,191.76267,195.54025
2015-06-29,191.7626,195.54052
2015-06-30,191.76253,195.54079
2015-07-01,191.76243,195.54105
2015-07-02,191.76233,195.54132
2015-07-03,191.76223,195.54158
2015-07-04,191.76213,195.54184
2015-07-05,191.76203,195.54211
2015-07-06,191.76193,195.54237
2015-07-07,191.76183,195.54264
2015-07-08,191.76173,195.5429
2015-07-09,191.76163,195.54317
2015-07-10,191.76153,195.54343
2015-07-11,191.76143,195.5437
2015-07-12,191.76133,195.54396
2015-07-13,191.76123,195.54423
2015-07-14,191.76113,195.54449
2015-07-15,191.76103,195.54476
2015-07-16,191.76093,195.54502
2015-07-17,191.76083,195.54529
2015-07-18,191.76073,195.54555
2015-07-19,191.76063,195.54582
2015-07-20,191.76053,195.54608
2015-07-21,191.76043,195.54635
2015-07-22,191.76033,195.54661
2015-07-23,191.76023,195.54687
2015-07-24,191.76013,195.54714
2015-07-25,191.76003,195.5474
2015-07-26,191.75993,195.54767
2015-07-27,191.75983,195.54793
2015-07-28,191.75973,195.5482
2015-07-29,191.75963,195.54846
2015-07-30,191.75953,195.54873
2015-07-31,191.75943,195.54899
2015-08-01,191.75928,195.54923
2015-08-02,191.75914,195.54947
2015-08-03,191.75899,195.54971
2015-08-04,191.75884,195.54995
2015-08-05,191.75869,195.55019
2015-08-06,191.75855,195.55042
2015-08-07,191.7584,195.55066
2015-08-08,191.75825,195.5509
2015-08-09,191.75811,195.55114
2015-08-10,191.75796,195.55138
2015-08-11,191.75781,195.55162
2015-08-12,191.75766,195.55185
2015-08-13,191.75752,195.55209
2015-08-14,191.75737,195.55233
2015-08-15,191.75722,195.55257
2015-08-16,191.75707,195.55281
2015-08-17,191.75693,195.55305
2015-08-18,191.75678,195.55329
2015-08-19,191.75663,195.55352
2015-08-20,191.75648,195.55376
2015-08-21,191.75634,195.554
2015-08-22,191.75619,195.55424
2015-08-23,191.75604,195.55448
2015-08-24,191.75589,195.55472
2015-08-25,191.75575,195.55495
2015-08-26,191.7556,195.55519
2015-08-27,191.75545,195.55543
2015-08-28,191.75531,195.55567
2015-08-29,191.75516,195.55591
2015-08-30,191.75501,195.55615
2015-08-31,191.75486,195.55639
2015-09-01,191.75467,195.55658
2015-09-02,191.75447,195.55677
2015-09-03,191.75427,195.55696
2015-09-04,191.75407,195.55715
2015-09-05,191.75388,195.55734
2015-09-06,191.75368,195.55754
2015-09-07,191.75348,195.55773
2015-09-08,191.75328,195.55792
2015-09-09,191.75309,195.55811
2015-09-10,191.75289,195.5583
2015-09-11,191.75269,195.55849
2015-09-12,191.7525,195.55869
2015-09-13,191.7523,195.55888
2015-09-14,191.7521,195.55907
2015-09-15,191.7519,195.55926
2015-09-16,191.75171,195.55945
2015-09-17,191.75151,195.55964
2015-09-18,191.75131,195.55983
2015-09-19,191.75111,195.56003
2015-09-20,191.75092,195.56022
2015-09-21,191.75072,195.56041
2015-09-22,191.75052,195.5606
2015-09-23,191.75033,195.56079
2015-09-24,191.75013,195.56098
2015-09-25,191.74993,195.56118
2015-09-26,191.74973,195.56137
2015-09-27,191.74954,195.56156
2015-09-28,191.74934,195.56175
2015-09-29,191.74914,195.56194
2015-09-30,191.74894,195.56213
2015-10-01,191.74866,195.56224
2015-10-02,191.74837,195.56235
2015-10-03,191.74809,195.56245
2015-10-04,191.7478,195.56256
2015-10-05,191.74752,195.56267
2015-10-06,191.74723,195.56278
2015-10-07,191.74695,195.56288
2015-10-08,191.74666,195.56299
2015-10-09,191.74637,195.5631
2015-10-10,191.74609,195.5632
2015-10-11,191.7458,195.56331
2015-10-12,191.74552,195.56342
2015-10-13,191.74523,195.56352
2015-10-14,191.74495,195.56363
2015-10-15,191.74466,195.56374
2015-10-16,191.74438,195.56384
2015-10-17,191.74409,195.56395
2015-10-18,191.74381,195.56406
2015-10-19,191.74352,195.56417
2015-10-20,191.74323,195.56427
2015-10-21,191.74295,195.56438
2015-10-22,191.74266,195.56449
2015-10-23,191.74238,195.56459
2015-10-24,191.74209,195.5647
2015-10-25,191.74181,195.56481
2015-10-26,191.74152,195.56491
2015-10-27,191.74124,195.56502
2015-10-28,191.74095,195.56513
2015-10-29,191.74067,195.56523
2015-10-30,191.74038,195.56534
2015-10-31,191.7401,195.56545
2015-11-01,191.73963,195.56536
2015-11-02,191.73916,195.56528
2015-11-03,191.7387,195.5652
2015-11-04,191.73823,195.56511
2015-11-05,191.73776,195.56503
2015-11-06,191.7373,195.56495
2015-11-07,191.73683,195.56486
2015-11-08,191.73636,195.56478
2015-11-09,191.7359,195.56469
2015-11-10,191.73543,195.56461
2015-11-11,191.73496,195.56453
2015-11-12,191.7345,195.56444
2015-11-13,191.73403,195.56436
2015-11-14,191.73356,195.56428
2015-11-15,191.7331,195.56419
2015-11-16,191.73263,195.56411
2015-11-17,191.73216,195.56402
2015-11-18,191.7317,195.56394
2015-11-19,191.73123,195.56386
2015-11-20,191.73076,195.56377
2015-11-21,191.7303,195.56369
2015-11-22,191.72983,195.5636
2015-11-23,191.72936,195.56352
2015-11-24,191.7289,195.56344
2015-11-25,191.72843,195.56335
2015-11-26,191.72796,195.56327
2015-11-27,191.7275,195.56319
2015-11-28,191.72703,195.5631
2015-11-29,191.72656,195.56302
2015-11-30,191.7261,195.56293
2015-12-01,191.72542,195.56272
2015-12-02,191.72475,195.5625
2015-12-03,191.72408,195.56229
2015-12-04,191.7234,195.56207
2015-12-05,191.72273,195.56185
2015-12-06,191.72206,195.56164
2015-12-07,191.72139,195.56142
2015-12-08,191.72071,195.56121
2015-12-09,191.72004,195.56099
2015-12-10,191.71937,195.56077
2015-12-11,191.7187,195.56056
2015-12-12,191.71802,195.56034
2015-12-13,191.71735,195.56013
2015-12-14,191.71668,195.55991
2015-12-15,191.716,195.55969
2015-12-16,191.71533,195.55948
2015-12-17,191.71466,195.55926
2015-12-18,191.71399,195.55905
2015-12-19,191.71331,195.55883
2015-12-20,191.71264,195.55861
2015-12-21,191.71197,195.5584
2015-12-22,191.7113,195.55818
2015-12-23,191.71062,195.55796
2015-12-24,191.70995,195.55775
2015-12-25,191.70928,195.55753
2015-12-26,191.70861,195.55732
2015-12-27,191.70793,195.5571
2015-12-28,191.70726,195.55688
2015-12-29,191.70659,195.55667
2015-12-30,191.70591,195.55645
2015-12-31,191.70524,195.55624
2016-01-01,191.70446,195.55591
2016-01-02,191.70369,195.55558
2016-01-03,191.70291,195.55525
2016-01-04,191.70213,195.55492
2016-01-05,191.70135,195.55459
2016-01-06,191.70057,195.55425
2016-01-07,191.69979,195.55392
2016-01-08,191.69902,195.55359
2016-01-09,191.69824,195.55326
2016-01-10,191.69746,195.55293
2016-01-11,191.69668,195.5526
2016-01-12,191.6959,195.55227
2016-01-13,191.69512,195.55194
2016-01-14,191.69435,195.55161
2016-01-15,191.69357,195.55128
2016-01-16,191.69279,195.55095
2016-01-17,191.69201,195.55062
2016-01-18,191.69123,195.55029
2016-01-19,191.69046,195.54996
2016-01-20,191.68968,195.54963
2016-01-21,191.6889,195.5493
2016-01-22,191.68812,195.54897
2016-01-23,191.68734,195.54864
2016-01-24,191.68656,195.54831
2016-01-25,191.68579,195.54798
2016-01-26,191.68501,195.54765
2016-01-27,191.68423,195.54732
2016-01-28,191.68345,195.54699
2016-01-29,191.68267,195.54666
2016-01-30,191.6819,195.54633
2016-01-31,191.68112,195.546
2016-02-01,191.68014,195.54537
2016-02-02,191.67916,195.54475
2016-02-03,191.67818,195.54412
2016-02-04,191.67721,195.54349
2016-02-05,191.67623,195.54287
2016-02-06,191.67525,195.54224
2016-02-07,191.67428,195.54161
2016-02-08,191.6733,195.54099
2016-02-09,191.67232,195.54036
2016-02-10,191.67134,195.53974
2016-02-11,191.67037,195.53911
2016-02-12,191.66939,195.53848
2016-02-13,191.66841,195.53786
2016-02-14,191.66743,195.53723
2016-02-15,191.66646,195.53661
2016-02-16,191.66548,195.53598
2016-02-17,191.6645,195.53535
2016-02-18,191.66352,195.53473
2016-02-19,191.66255,195.5341
2016-02-20,191.66157,195.53347
2016-02-21,191.66059,195.53285
2016-02-22,191.65961,195.53222
2016-02-23,191.65864,195.5316
2016-02-24,191.65766,195.53097
2016-02-25,191.65668,195.53034
2016-02-26,191.65571,195.52972
2016-02-27,191.65473,195.52909
2016-02-28,191.65375,195.52847
2016-02-29,191.65277,195.52784
2016-03-01,191.65156,195.52711
2016-03-02,191.65034,195.52639
2016-03-03,191.64912,195.52566
2016-03-04,191.64791,195.52494
2016-03-05,191.64669,195.52421
2016-03-06,191.64547,195.52349
2016-03-07,191.64426,195.52276
2016-03-08,191.64304,195.52204
2016-03-09,191.64182,195.52131
2016-03-10,191.64061,195.52058
2016-03-11,191.63939,195.51986
2016-03-12,191.63818,195.51913
2016-03-13,191.63696,195.51841
2016-03-14,191.63574,195.51768
2016-03-15,191.63453,195.51696
2016-03-16,191.63331,195.51623
2016-03-17,191.63209,195.51551
2016-03-18,191.63088,195.51478
2016-03-19,191.62966,195.51406
2016-03-20,191.62844,195.51333
2016-03-21,191.62723,195.5126
2016-03-22,191.62601,195.51188
2016-03-23,191.62479,195.51115
2016-03-24,191.62358,195.51043
2016-03-25,191.62236,195.5097
2016-03-26,191.62114,195.50898
2016-03-27,191.61993,195.50825
2016-03-28,191.61871,195.50753
2016-03-29,191.6175,195.5068
2016-03-30,191.61628,195.50608
2016-03-31,191.61506,195.50535
2016-04-01,191.61374,195.5046
2016-04-02,191.61241,195.50385
2016-04-03,191.61108,195.5031
2016-04-04,191.60976,195.50235
2016-04-05,191.60843,195.5016
2016-04-06,191.60711,195.50086
2016-04-07,191.60578,195.50011
2016-04-08,191.60445,195.49936
2016-04-09,191.60313,195.49861
2016-04-10,191.6018,195.49786
2016-04-11,191.60047,195.49711
2016-04-12,191.59915,195.49636
2016-04-13,191.59782,195.49561
2016-04-14,191.5965,195.49486
2016-04-15,191.59517,195.49411
2016-04-16,191.59384,195.49336
2016-04-17,191.59252,195.49262
2016-04-18,191.59119,195.49187
2016-04-19,191.58986,195.49112
2016-04-20,191.58854,195.49037
2016-04-21,191.58721,195.48962
2016-04-22,191.58589,195.48887
2016-04-23,191.58456,195.48812
2016-04-24,191.58323,195.48737
2016-04-25,191.58191,195.48662
2016-04-26,191.58058,195.48587
2016-04-27,191.57925,195.48512
2016-04-28,191.57793,195.48437
2016-04-29,191.5766,195.48363
2016-04-30,191.57528,195.48288
2016-05-01,191.57391,195.48209
2016-05-02,191.57254,195.48131
2016-05-03,191.57117,195.48052
2016-05-04,191.5698,195.47974
2016-05-05,191.56843,195.47895
2016-05-06,191.56707,195.47817
2016-05-07,191.5657,195.47738
2016-05-08,191.56433,195.4766
2016-05-09,191.56296,195.47581
2016-05-10,191.56159,195.47503
2016-05-11,191.56022,195.47425
2016-05-12,191.55885,195.47346
2016-05-13,191.55749,195.47268
2016-05-14,191.55612,195.47189
2016-05-15,191.55475,195.47111
2016-05-16,191.55338,195.47032
2016-05-17,191.55201,195.46954
2016-05-18,191.55064,195.46875
2016-05-19,191.54927,195.46797
2016-05-20,191.54791,195.46718
2016-05-21,191.54654,195.4664
2016-05-22,191.54517,195.46562
2016-05-23,191.5438,195.46483
2016-05-24,191.54243,195.46405
2016-05-25,191.54106,195.46326
2016-05-26,191.5397,195.46248
2016-05-27,191.53833,195.46169
2016-05-28,191.53696,195.46091
2016-05-29,191.53559,195.46012
2016-05-30,191.53422,195.45934
2016-05-31,191.53285,195.45855
2016-06-01,191.53143,195.45767
2016-06-02,191.53,195.45679
2016-06-03,191.52858,195.45591
2016-06-04,191.52715,195.45503
2016-06-05,191.52573,195.45415
2016-06-06,191.5243,195.45326
2016-06-07,191.52288,195.45238
2016-06-08,191.52145,195.4515
2016-06-09,191.52003,195.45062
2016-06-10,191.5186,195.44974
2016-06-11,191.51718,195.44885
2016-06-12,191.51575,195.44797
2016-06-13,191.51433,195.44709
2016-06-14,191.5129,195.44621
2016-06-15,191.51147,195.44533
2016-06-16,191.51005,195.44445
2016-06-17,191.50862,195.44356
2016-06-18,191.5072,195.44268
2016-06-19,191.50577,195.4418
2016-06-20,191.50435,195.44092
2016-06-21,191.50292,195.44004
2016-06-22,191.5015,195.43916
2016-06-23,191.50007,195.43827
2016-06-24,191.49865,195.43739
2016-06-25,191.49722,195.43651
2016-06-26,191.4958,195.43563
2016-06-27,191.49437,195.43475
2016-06-28,191.49295,195.43387
2016-06-29,191.49152,195.43298
2016-06-30,191.4901,195.4321
2016-07-01,191.48853,195.43108
2016-07-02,191.48696,195.43006
2016-07-03,191.4854,195.42904
2016-07-04,191.48383,195.42802
2016-07-05,191.48226,195.42699
2016-07-06,191.4807,195.42597
2016-07-07,191.47913,195.42495
2016-07-08,191.47757,195.42393
2016-07-09,191.476,195.42291
2016-07-10,191.47443,195.42189
2016-07-11,191.47287,195.42086
2016-07-12,191.4713,195.41984
2016-07-13,191.46973,195.41882
2016-07-14,191.46817,195.4178
2016-07-15,191.4666,195.41678
2016-07-16,191.46503,195.41576
2016-07-17,191.46347,195.41474
2016-07-18,191.4619,195.41371
2016-07-19,191.46033,195.41269
2016-07-20,191.45877,195.41167
2016-07-21,191.4572,195.41065
2016-07-22,191.45564,195.40963
2016-07-23,191.45407,195.40861
2016-07-24,191.4525,195.40758
2016-07-25,191.45094,195.40656
2016-07-26,191.44937,195.40554
2016-07-27,191.4478,195.40452
2016-07-28,191.44624,195.4035
2016-07-29,191.44467,195.40248
2016-07-30,191.4431,195.40146
2016-07-31,191.44154,195.40043
2016-08-01,191.43995,195.39941
2016-08-02,191.43837,195.39839
2016-08-03,191.43678,195.39736
2016-08-04,191.4352,195.39634
2016-08-05,191.43361,195.39531
2016-08-06,191.43202,195.39429
2016-08-07,191.43044,195.39327
2016-08-08,191.42885,195.39224
2016-08-09,191.42727,195.39122
2016-08-10,191.42568,195.39019
2016-08-11,191.42409,195.38917
2016-08-12,191.42251,195.38815
2016-08-13,191.42092,195.38712
2016-08-14,191.41934,195.3861
2016-08-15,191.41775,195.38508
2016-08-16,191.41617,195.38405
2016-08-17,191.41458,195.38303
2016-08-18,191.413,195.382
2016-08-19,191.41141,195.38098
2016-08-20,191.40982,195.37996
2016-08-21,191.40824,195.37893
2016-08-22,191.40665,195.37791
2016-08-23,191.40507,195.37688
2016-08-24,191.40348,195.37586
2016-08-25,191.4019,195.37484
2016-08-26,191.40031,195.37381
2016-08-27,191.39872,195.37279
2016-08-28,191.39714,195.37177
2016-08-29,191.39555,195.37074
2016-08-30,191.39397,195.36972
2016-08-31,191.39238,195.36869
2016-09-01,191.39078,195.36761
2016-09-02,191.38918,195.36653
2016-09-03,191.38757,195.36545
2016-09-04,191.38597,195.36437
2016-09-05,191.38436,195.36329
2016-09-06,191.38276,195.36221
2016-09-07,191.38116,195.36113
2016-09-08,191.37955,195.36005
2016-09-09,191.37795,195.35897
2016-09-10,191.37635,195.35789
2016-09-11,191.37474,195.35681
2016-09-12,191.37314,195.35573
2016-09-13,191.37154,195.35465
2016-09-14,191.36993,195.35356
2016-09-15,191.36833,195.35248
2016-09-16,191.36673,195.3514
2016-09-17,191.36512,195.35032
2016-09-18,191.36352,195.34924
2016-09-19,191.36192,195.34816
2016-09-20,191.36031,195.34708
2016-09-21,191.35871,195.346
2016-09-22,191.35711,195.34492
2016-09-23,191.3555,195.34384
2016-09-24,191.3539,195.34276
2016-09-25,191.3523,195.34168
2016-09-26,191.35069,195.3406
2016-09-27,191.34909,195.33952
2016-09-28,191.34749,195.33844
2016-09-29,191.34588,195.33736
2016-09-30,191.34428,195.33628
2016-10-01,191.34264,195.33515
2016-10-02,191.34099,195.33403
2016-10-03,191.33935,195.3329
2016-10-04,191.33771,195.33178
2016-10-05,191.33607,195.33066
2016-10-06,191.33443,195.32953
2016-10-07,191.33278,195.32841
2016-10-08,191.33114,195.32729
2016-10-09,191.3295,195.32616
2016-10-10,191.32786,195.32504
2016-10-11,191.32621,195.32392
2016-10-12,191.32457,195.32279
2016-10-13,191.32293,195.32167
2016-10-14,191.32129,195.32054
2016-10-15,191.31965,195.31942
2016-10-16,191.318,195.3183
2016-10-17,191.31636,195.31717
2016-10-18,191.31472,195.31605
2016-10-19,191.31308,195.31493
2016-10-20,191.31143,195.3138
2016-10-21,191.30979,195.31268
2016-10-22,191.30815,195.31156
2016-10-23,191.30651,195.31043
2016-10-24,191.30487,195.30931
2016-10-25,191.30322,195.30819
2016-10-26,191.30158,195.30706
2016-10-27,191.29994,195.30594
2016-10-28,191.2983,195.30481
2016-10-29,191.29666,195.30369
2016-10-30,191.29501,195.30257
2016-10-31,191.29337,195.30144
2016-11-01,191.29171,195.30028
2016-11-02,191.29005,195.29911
2016-11-03,191.28839,195.29795
2016-11-04,191.28673,195.29678
2016-11-05,191.28507,195.29562
2016-11-06,191.2834,195.29445
2016-11-07,191.28174,195.29329
2016-11-08,191.28008,195.29212
2016-11-09,191.27842,195.29096
2016-11-10,191.27676,195.28979
2016-11-11,191.2751,195.28862
2016-11-12,191.27344,195.28746
2016-11-13,191.27177,195.28629
2016-11-14,191.27011,195.28513
2016-11-15,191.26845,195.28396
2016-11-16,191.26679,195.2828
2016-11-17,191.26513,195.28163
2016-11-18,191.26347,195.28047
2016-11-19,191.26181,195.2793
2016-11-20,191.26015,195.27814
2016-11-21,191.25848,195.27697
2016-11-22,191.25682,195.27581
2016-11-23,191.25516,195.27464
2016-11-24,191.2535,195.27348
2016-11-25,191.25184,195.27231
2016-11-26,191.25018,195.27115
2016-11-27,191.24852,195.26998
2016-11-28,191.24686,195.26882
2016-11-29,191.2452,195.26765
2016-11-30,191.24353,195.26649
2016-12-01,191.24186,195.2653
2016-12-02,191.24018,195.26412
2016-12-03,191.2385,195.26294
2016-12-04,191.23682,195.26176
2016-12-05,191.23515,195.26058
2016-12-06,191.23347,195.25939
2016-12-07,191.23179,195.25821
2016-12-08,191.23011,195.25703
2016-12-09,191.22844,195.25585
2016-12-10,191.22676,195.25467
2016-12-11,191.22508,195.25348
2016-12-12,191.22341,195.2523
2016-12-13,191.22173,195.25112
2016-12-14,191.22005,195.24994
2016-12-15,191.21837,195.24876
2016-12-16,191.2167,195.24758
2016-12-17,191.21502,195.24639
2016-12-18,191.21334,195.24521
2016-12-19,191.21167,195.24403
2016-12-20,191.20999,195.24285
2016-12-21,191.20831,195.24167
2016-12-22,191.20663,195.24048
2016-12-23,191.20496,195.2393
2016-12-24,191.20328,195.23812
2016-12-25,191.2016,195.23694
2016-12-26,191.19993,195.23576
2016-12-27,191.19825,195.23458
2016-12-28,191.19657,195.23339
2016-12-29,191.19489,195.23221
2016-12-30,191.19322,195.23103
2016-12-31,191.19154,195.22985
2017-01-01,191.18981,195.22857
2017-01-02,191.18808,195.22729
2017-01-03,191.18635,195.22602
2017-01-04,191.18462,195.22474
2017-01-05,191.1829,195.22346
2017-01-06,191.18117,195.22218
2017-01-07,191.17944,195.22091
2017-01-08,191.17771,195.21963
2017-01-09,191.17598,195.21835
2017-01-10,191.17425,195.21708
2017-01-11,191.17252,195.2158
2017-01-12,191.17079,195.21452
2017-01-13,191.16907,195.21324
2017-01-14,191.16734,195.21197
2017-01-15,191.16561,195.21069
2017-01-16,191.16388,195.20941
2017-01-17,191.16215,195.20813
2017-01-18,191.16042,195.20686
2017-01-19,191.15869,195.20558
2017-01-20,191.15696,195.2043
2017-01-21,191.15524,195.20303
2017-01-22,191.15351,195.20175
2017-01-23,191.15178,195.20047
2017-01-24,191.15005,195.19919
2017-01-25,191.14832,195.19792
2017-01-26,191.14659,195.19664
2017-01-27,191.14486,195.19536
2017-01-28,191.14314,195.19409
2017-01-29,191.14141,195.19281
2017-01-30,191.13968,195.19153
2017-01-31,191.13795,195.19025
2017-02-01,191.13621,195.18895
2017-02-02,191.13446,195.18765
2017-02-03,191.13272,195.18634
2017-02-04,191.13097,195.18504
2017-02-05,191.12923,195.18373
2017-02-06,191.12748,195.18243
2017-02-07,191.12574,195.18112
2017-02-08,191.12399,195.17982
2017-02-09,191.12225,195.17852
2017-02-10,191.1205,195.17721
2017-02-11,191.11876,195.17591
2017-02-12,191.11702,195.1746
2017-02-13,191.11527,195.1733
2017-02-14,191.11353,195.172
2017-02-15,191.11178,195.17069
2017-02-16,191.11004,195.16939
2017-02-17,191.10829,195.16808
2017-02-18,191.10655,195.16678
2017-02-19,191.1048,195.16547
2017-02-20,191.10306,195.16417
2017-02-21,191.10132,195.16287
2017-02-22,191.09957,195.16156
2017-02-23,191.09783,195.16026
2017-02-24,191.09608,195.15895
2017-02-25,191.09434,195.15765
2017-02-26,191.09259,195.15635
2017-02-27,191.09085,195.15504
2017-02-28,191.08911,195.15374
2017-03-01,191.08736,195.15243
2017-03-02,191.08561,195.15113
2017-03-03,191.08386,195.14982
2017-03-04,191.08211,195.14852
2017-03-05,191.08037,195.14721
2017-03-06,191.07862,195.14591
2017-03-07,191.07687,195.1446
2017-03-08,191.07512,195.1433
2017-03-09,191.07337,195.14199
2017-03-10,191.07163,195.14069
2017-03-11,191.06988,195.13938
2017-03-12,191.06813,195.13808
2017-03-13,191.06638,195.13677
2017-03-14,191.06463,195.13547
2017-03-15,191.06289,195.13416
2017-03-16,191.06114,195.13286
2017-03-17,191.05939,195.13155
2017-03-18,191.05764,195.13025
2017-03-19,191.05589,195.12894
2017-03-20,191.05415,195.12764
2017-03-21,191.0524,195.12633
2017-03-22,191.05065,195.12503
2017-03-23,191.0489,195.12372
2017-03-24,191.04715,195.12242
2017-03-25,191.04541,195.12111
2017-03-26,191.04366,195.11981
2017-03-27,191.04191,195.11851
2017-03-28,191.04016,195.1172
2017-03-29,191.03842,195.1159
2017-03-30,191.03667,195.11459
2017-03-31,191.03492,195.11329
2017-04-01,191.03317,195.11196
2017-04-02,191.03141,195.11063
2017-04-03,191.02966,195.10929
2017-04-04,191.02791,195.10796
2017-04-05,191.02615,195.10663
2017-04-06,191.0244,195.1053
2017-04-07,191.02265,195.10397
2017-04-08,191.02089,195.10264
2017-04-09,191.01914,195.10131
2017-04-10,191.01739,195.09998
2017-04-11,191.01564,195.09865
2017-04-12,191.01388,195.09732
2017-04-13,191.01213,195.09599
2017-04-14,191.01038,195.09466
2017-04-15,191.00862,195.09333
2017-04-16,191.00687,195.092
2017-04-17,191.00512,195.09067
2017-04-18,191.00336,195.08934
2017-04-19,191.00161,195.08801
2017-04-20,190.99986,195.08668
2017-04-21,190.99811,195.08535
2017-04-22,190.99635,195.08402
2017-04-23,190.9946,195.08269
2017-04-24,190.99285,195.08136
2017-04-25,190.99109,195.08002
2017-04-26,190.98934,195.07869
2017-04-27,190.98759,195.07736
2017-04-28,190.98584,195.07603
2017-04-29,190.98408,195.0747
2017-04-30,190.98233,195.07337
2017-05-01,190.98058,195.07201
2017-05-02,190.97883,195.07065
2017-05-03,190.97709,195.0693
2017-05-04,190.97534,195.06794
2017-05-05,190.97359,195.06658
2017-05-06,190.97184,195.06522
2017-05-07,190.9701,195.06386
2017-05-08,190.96835,195.0625
2017-05-09,190.9666,195.06114
2017-05-10,190.96485,195.05978
2017-05-11,190.96311,195.05842
2017-05-12,190.96136,195.05706
2017-05-13,190.95961,195.0557
2017-05-14,190.95786,195.05434
2017-05-15,190.95612,195.05298
2017-05-16,190.95437,195.05162
2017-05-17,190.95262,195.05027
2017-05-18,190.95087,195.04891
2017-05-19,190.94913,195.04755
2017-05-20,190.94738,195.04619
2017-05-21,190.94563,195.04483
2017-05-22,190.94388,195.04347
2017-05-23,190.94214,195.04211
2017-05-24,190.94039,195.04075
2017-05-25,190.93864,195.03939
2017-05-26,190.93689,195.03803
2017-05-27,190.93515,195.03667
2017-05-28,190.9334,195.03531
2017-05-29,190.93165,195.03396
2017-05-30,190.9299,195.0326
2017-05-31,190.92816,195.03124
2017-06-01,190.92641,195.02979
2017-06-02,190.92466,195.02835
2017-06-03,190.92291,195.0269
2017-06-04,190.92116,195.02546
2017-06-05,190.91941,195.02401
2017-06-06,190.91766,195.02256
2017-06-07,190.91591,195.02112
2017-06-08,190.91416,195.01967
2017-06-09,190.91241,195.01823
2017-06-10,190.91066,195.01678
2017-06-11,190.90891,195.01534
2017-06-12,190.90716,195.01389
2017-06-13,190.90541,195.01245
2017-06-14,190.90366,195.011
2017-06-15,190.90191,195.00956
2017-06-16,190.90016,195.00811
2017-06-17,190.89841,195.00667
2017-06-18,190.89666,195.00522
2017-06-19,190.89491,195.00377
2017-06-20,190.89316,195.00233
2017-06-21,190.89141,195.00088
2017-06-22,190.88966,194.99944
2017-06-23,190.88791,194.99799
2017-06-24,190.88616,194.99655
2017-06-25,190.88441,194.9951
2017-06-26,190.88266,194.99366
2017-06-27,190.88091,194.99221
2017-06-28,190.87916,194.99077
2017-06-29,190.87741,194.98932
2017-06-30,190.87566,194.98788
2017-07-01,190.87391,194.9864
2017-07-02,190.87215,194.98492
2017-07-03,190.8704,194.98345
2017-07-04,190.86865,194.98197
2017-07-05,190.8669,194.98049
2017-07-06,190.86515,194.97902
2017-07-07,190.8634,194.97754
2017-07-08,190.86164,194.97606
2017-07-09,190.85989,194.97459
2017-07-10,190.85814,194.97311
2017-07-11,190.85639,194.97164
2017-07-12,190.85464,194.97016
2017-07-13,190.85288,194.96868
2017-07-14,190.85113,194.96721
2017-07-15,190.84938,194.96573
2017-07-16,190.84763,194.96425
2017-07-17,190.84588,194.96278
2017-07-18,190.84413,194.9613
2017-07-19,190.84237,194.95982
2017-07-20,190.84062,194.95835
2017-07-21,190.83887,194.95687
2017-07-22,190.83712,194.95539
2017-07-23,190.83537,194.95392
2017-07-24,190.83362,194.95244
2017-07-25,190.83186,194.95097
2017-07-26,190.83011,194.94949
2017-07-27,190.82836,194.94801
2017-07-28,190.82661,194.94654
2017-07-29,190.82486,194.94506
2017-07-30,190.82311,194.94358
2017-07-31,190.82135,194.94211
2017-08-01,190.81961,194.94064
2017-08-02,190.81787,194.93917
2017-08-03,190.81612,194.9377
2017-08-04,190.81438,194.93622
2017-08-05,190.81263,194.93475
2017-08-06,190.81089,194.93328
2017-08-07,190.80914,194.93181
2017-08-08,190.8074,194.93034
2017-08-09,190.80566,194.92887
2017-08-10,190.80391,194.9274
2017-08-11,190.80217,194.92593
2017-08-12,190.80042,194.92446
2017-08-13,190.79868,194.92299
2017-08-14,190.79694,194.92151
2017-08-15,190.79519,194.92004
2017-08-16,190.79345,194.91857
2017-08-17,190.7917,194.9171
2017-08-18,190.78996,194.91563
2017-08-19,190.78821,194.91416
2017-08-20,190.78647,194.91269
2017-08-21,190.78473,194.91122
2017-08-22,190.78298,194.90975
2017-08-23,190.78124,194.90828
2017-08-24,190.77949,194.90681
2017-08-25,190.77775,194.90534
2017-08-26,190.77601,194.90387
2017-08-27,190.77426,194.90239
2017-08-28,190.77252,194.90092
2017-08-29,190.77078,194.89945
2017-08-30,190.76903,194.89798
2017-08-31,190.76729,194.89651
2017-09-01,190.76554,194.89504
2017-09-02,190.7638,194.89356
2017-09-03,190.76205,194.89208
2017-09-04,190.76031,194.89061
2017-09-05,190.75856,194.88913
2017-09-06,190.75682,194.88766
2017-09-07,190.75507,194.88618
2017-09-08,190.75332,194.8847
2017-09-09,190.75158,194.88323
2017-09-10,190.74983,194.88175
2017-09-11,190.74809,194.88028
2017-09-12,190.74634,194.8788
2017-09-13,190.7446,194.87733
2017-09-14,190.74285,194.87585
2017-09-15,190.74111,194.87437
2017-09-16,190.73936,194.8729
2017-09-17,190.73762,194.87142
2017-09-18,190.73587,194.86995
2017-09-19,190.73413,194.86847
2017-09-20,190.73238,194.867
2017-09-21,190.73064,194.86552
2017-09-22,190.72889,194.86404
2017-09-23,190.72715,194.86257
2017-09-24,190.7254,194.86109
2017-09-25,190.72366,194.85962
2017-09-26,190.72191,194.85814
2017-09-27,190.72017,194.85667
2017-09-28,190.71842,194.85519
2017-09-29,190.71668,194.85372
2017-09-30,190.71493,194.85224
2017-10-01,190.71319,194.85076
2017-10-02,190.71144,194.84927
2017-10-03,190.70969,194.84779
2017-10-04,190.70795,194.84631
2017-10-05,190.7062,194.84483
2017-10-06,190.70446,194.84334
2017-10-07,190.70271,194.84186
2017-10-08,190.70097,194.84038
2017-10-09,190.69922,194.8389
2017-10-10,190.69747,194.83741
2017-10-11,190.69573,194.83593
2017-10-12,190.69398,194.83445
2017-10-13,190.69224,194.83297
2017-10-14,190.69049,194.83148
2017-10-15,190.68875,194.83
2017-10-16,190.687,194.82852
2017-10-17,190.68526,194.82704
2017-10-18,190.68351,194.82556
2017-10-19,190.68176,194.82407
2017-10-20,190.68002,194.82259
2017-10-21,190.67827,194.82111
2017-10-22,190.67653,194.81963
2017-10-23,190.67478,194.81814
2017-10-24,190.67304,194.81666
2017-10-25,190.67129,194.81518
2017-10-26,190.66955,194.8137
2017-10-27,190.6678,194.81221
2017-10-28,190.66605,194.81073
2017-10-29,190.66431,194.80925
2017-10-30,190.66256,194.80777
2017-10-31,190.66082,194.80629
2017-11-01,190.65908,194.8048
2017-11-02,190.65733,194.80332
2017-11-03,190.65559,194.80183
2017-11-04,190.65385,194.80035
2017-11-05,190.65211,194.79887
2017-11-06,190.65036,194.79738
2017-11-07,190.64862,194.7959
2017-11-08,190.64688,194.79441
2017-11-09,190.64514,194.79293
2017-11-10,190.6434,194.79144
2017-11-11,190.64165,194.78996
2017-11-12,190.63991,194.78848
2017-11-13,190.63817,194.78699
2017-11-14,190.63643,194.78551
2017-11-15,190.63468,194.78402
2017-11-16,190.63294,194.78254
2017-11-17,190.6312,194.78106
2017-11-18,190.62946,194.77957
2017-11-19,190.62772,194.77809
2017-11-20,190.62597,194.7766
2017-11-21,190.62423,194.77512
2017-11-22,190.62249,194.77364
2017-11-23,190.62075,194.77215
2017-11-24,190.61901,194.77067
2017-11-25,190.61726,194.76919
2017-11-26,190.61552,194.7677
2017-11-27,190.61378,194.76622
2017-11-28,190.61204,194.76473
2017-11-29,190.61029,194.76325
2017-11-30,190.60855,194.76177
2017-12-01,190.60682,194.7603
2017-12-02,190.60508,194.75883
2017-12-03,190.60334,194.75736
2017-12-04,190.60161,194.75589
2017-12-05,190.59987,194.75443
2017-12-06,190.59814,194.75296
2017-12-07,190.5964,194.75149
2017-12-08,190.59466,194.75002
2017-12-09,190.59293,194.74855
2017-12-10,190.59119,194.74709
2017-12-11,190.58946,194.74562
2017-12-12,190.58772,194.74415
2017-12-13,190.58598,194.74268
2017-12-14,190.58425,194.74121
2017-12-15,190.58251,194.73975
2017-12-16,190.58078,194.73828
2017-12-17,190.57904,194.73681
2017-12-18,190.57731,194.73534
2017-12-19,190.57557,194.73387
2017-12-20,190.57383,194.73241
2017-12-21,190.5721,194.73094
2017-12-22,190.57036,194.72947
2017-12-23,190.56863,194.728
2017-12-24,190.56689,194.72653
2017-12-25,190.56516,194.72507
2017-12-26,190.56342,194.7236
2017-12-27,190.56168,194.72213
2017-12-28,190.55995,194.72066
2017-12-29,190.55821,194.71919
2017-12-30,190.55648,194.71773
2017-12-31,190.55474,194.71626
2018-01-01,190.553,194.71478
2018-01-02,190.55126,194.71329
2018-01-03,190.54953,194.71181
2018-01-04,190.54779,194.71033
2018-01-05,190.54605,194.70884
2018-01-06,190.54431,194.70736
2018-01-07,190.54257,194.70588
2018-01-08,190.54083,194.7044
2018-01-09,190.53909,194.70291
2018-01-10,190.53736,194.70143
2018-01-11,190.53562,194.69995
2018-01-12,190.53388,194.69846
2018-01-13,190.53214,194.69698
2018-01-14,190.5304,194.6955
2018-01-15,190.52866,194.69402
2018-01-16,190.52693,194.69253
2018-01-17,190.52519,194.69105
2018-01-18,190.52345,194.68957
2018-01-19,190.52171,194.68808
2018-01-20,190.51997,194.6866
2018-01-21,190.51823,194.68512
2018-01-22,190.5165,194.68364
2018-01-23,190.51476,194.68215
2018-01-24,190.51302,194.68067
2018-01-25,190.51128,194.67919
2018-01-26,190.50954,194.67771
2018-01-27,190.50781,194.67622
2018-01-28,190.50607,194.67474
2018-01-29,190.50433,194.67326
2018-01-30,190.50259,194.67177
2018-01-31,190.50085,194.67029
2018-02-01,190.49911,194.66881
2018-02-02,190.49738,194.66732
2018-02-03,190.49564,194.66583
2018-02-04,190.4939,194.66435
2018-02-05,190.49216,194.66286
2018-02-06,190.49042,194.66137
2018-02-07,190.48869,194.65989
2018-02-08,190.48695,194.6584
2018-02-09,190.48521,194.65691
2018-02-10,190.48347,194.65543
2018-02-11,190.48173,194.65394
2018-02-12,190.47999,194.65245
2018-02-13,190.47826,194.65097
2018-02-14,190.47652,194.64948
2018-02-15,190.47478,194.648
2018-02-16,190.47304,194.64651
2018-02-17,190.4713,194.64502
2018-02-18,190.46957,194.64354
2018-02-19,190.46783,194.64205
2018-02-20,190.46609,194.64056
2018-02-21,190.46435,194.63908
2018-02-22,190.46261,194.63759
2018-02-23,190.46088,194.6361
2018-02-24,190.45914,194.63462
2018-02-25,190.4574,194.63313
2018-02-26,190.45566,194.63165
2018-02-27,190.45392,194.63016
2018-02-28,190.45219,194.62867
2018-03-01,190.45045,194.62721
2018-03-02,190.44872,194.62574
2018-03-03,190.44698,194.62427
2018-03-04,190.44525,194.62281
2018-03-05,190.44351,194.62134
2018-03-06,190.44178,194.61987
2018-03-07,190.44004,194.61841
2018-03-08,190.43831,194.61694
2018-03-09,190.43657,194.61547
2018-03-10,190.43484,194.614
2018-03-11,190.4331,194.61254
2018-03-12,190.43137,194.61107
2018-03-13,190.42964,194.6096
2018-03-14,190.4279,194.60814
2018-03-15,190.42617,194.60667
2018-03-16,190.42443,194.6052
2018-03-17,190.4227,194.60374
2018-03-18,190.42096,194.60227
2018-03-19,190.41923,194.6008
2018-03-20,190.41749,194.59934
2018-03-21,190.41576,194.59787
2018-03-22,190.41403,194.5964
2018-03-23,190.41229,194.59494
2018-03-24,190.41056,194.59347
2018-03-25,190.40882,194.592
2018-03-26,190.40709,194.59054
2018-03-27,190.40535,194.58907
2018-03-28,190.40362,194.5876
2018-03-29,190.40189,194.58614
2018-03-30,190.40015,194.58467
2018-03-31,190.39842,194.5832
2018-04-01,190.39668,194.58174
2018-04-02,190.39494,194.58028
2018-04-03,190.39321,194.57882
2018-04-04,190.39147,194.57736
2018-04-05,190.38973,194.5759
2018-04-06,190.38799,194.57444
2018-04-07,190.38626,194.57298
2018-04-08,190.38452,194.57152
2018-04-09,190.38278,194.57006
2018-04-10,190.38105,194.5686
2018-04-11,190.37931,194.56714
2018-04-12,190.37757,194.56568
2018-04-13,190.37584,194.56422
2018-04-14,190.3741,194.56276
2018-04-15,190.37236,194.5613
2018-04-16,190.37062,194.55984
2018-04-17,190.36889,194.55838
2018-04-18,190.36715,194.55692
2018-04-19,190.36541,194.55546
2018-04-20,190.36368,194.554
2018-04-21,190.36194,194.55254
2018-04-22,190.3602,194.55108
2018-04-23,190.35847,194.54962
2018-04-24,190.35673,194.54816
2018-04-25,190.35499,194.5467
2018-04-26,190.35326,194.54524
2018-04-27,190.35152,194.54378
2018-04-28,190.34978,194.54232
2018-04-29,190.34805,194.54086
2018-04-30,190.34631,194.5394
2018-05-01,190.34459,194.53794
2018-05-02,190.34287,194.53648
2018-05-03,190.34115,194.53502
2018-05-04,190.33943,194.53356
2018-05-05,190.33771,194.5321
2018-05-06,190.33599,194.53064
2018-05-07,190.33427,194.52918
2018-05-08,190.33255,194.52772
2018-05-09,190.33083,194.52626
2018-05-10,190.32911,194.52481
2018-05-11,190.3274,194.52335
2018-05-12,190.32568,194.52189
2018-05-13,190.32396,194.52043
2018-05-14,190.32224,194.51897
2018-05-15,190.32052,194.51751
2018-05-16,190.3188,194.51605
2018-05-17,190.31708,194.51459
2018-05-18,190.31536,194.51313
2018-05-19,190.31364,194.51168
2018-05-20,190.31192,194.51022
2018-05-21,190.3102,194.50876
2018-05-22,190.30848,194.5073
2018-05-23,190.30676,194.50584
2018-05-24,190.30504,194.50438
2018-05-25,190.30332,194.50292
2018-05-26,190.30161,194.50146
2018-05-27,190.29989,194.5
2018-05-28,190.29817,194.49855
2018-05-29,190.29645,194.49709
2018-05-30,190.29473,194.49563
2018-05-31,190.29301,194.49417
2018-06-01,190.29131,194.49272
2018-06-02,190.2896,194.49127
2018-06-03,190.2879,194.48982
2018-06-04,190.2862,194.48837
2018-06-05,190.2845,194.48692
2018-06-06,190.2828,194.48547
2018-06-07,190.28109,194.48401
2018-06-08,190.27939,194.48256
2018-06-09,190.27769,194.48111
2018-06-10,190.27599,194.47966
2018-06-11,190.27428,194.47821
2018-06-12,190.27258,194.47676
2018-06-13,190.27088,194.47531
2018-06-14,190.26918,194.47386
2018-06-15,190.26748,194.47241
2018-06-16,190.26577,194.47096
2018-06-17,190.26407,194.46951
2018-06-18,190.26237,194.46806
2018-06-19,190.26067,194.46661
2018-06-20,190.25897,194.46516
2018-06-21,190.25726,194.46371
2018-06-22,190.25556,194.46226
2018-06-23,190.25386,194.46081
2018-06-24,190.25216,194.45936
2018-06-25,190.25046,194.4579
2018-06-26,190.24875,194.45645
2018-06-27,190.24705,194.455
2018-06-28,190.24535,194.45355
2018-06-29,190.24365,194.4521
2018-06-30,190.24195,194.45065
2018-07-01,190.24025,194.4492
2018-07-02,190.23856,194.44774
2018-07-03,190.23686,194.44629
2018-07-04,190.23517,194.44484
2018-07-05,190.23347,194.44338
2018-07-06,190.23178,194.44193
2018-07-07,190.23008,194.44048
2018-07-08,190.22839,194.43902
2018-07-09,190.22669,194.43757
2018-07-10,190.225,194.43611
2018-07-11,190.2233,194.43466
2018-07-12,190.22161,194.43321
2018-07-13,190.21991,194.43175
2018-07-14,190.21822,194.4303
2018-07-15,190.21652,194.42884
2018-07-16,190.21483,194.42739
2018-07-17,190.21314,194.42594
2018-07-18,190.21144,194.42448
2018-07-19,190.20975,194.42303
2018-07-20,190.20805,194.42158
2018-07-21,190.20636,194.42012
2018-07-22,190.20466,194.41867
2018-07-23,190.20297,194.41721
2018-07-24,190.20127,194.41576
2018-07-25,190.19958,194.41431
2018-07-26,190.19788,194.41285
2018-07-27,190.19619,194.4114
2018-07-28,190.1945,194.40995
2018-07-29,190.1928,194.40849
2018-07-30,190.19111,194.40704
2018-07-31,190.18941,194.40558
2018-08-01,190.18773,194.40414
2018-08-02,190.18604,194.4027
2018-08-03,190.18436,194.40126
2018-08-04,190.18267,194.39982
2018-08-05,190.18099,194.39838
2018-08-06,190.1793,194.39694
2018-08-07,190.17762,194.3955
2018-08-08,190.17593,194.39406
2018-08-09,190.17425,194.39262
2018-08-10,190.17256,194.39118
2018-08-11,190.17087,194.38974
2018-08-12,190.16919,194.3883
2018-08-13,190.1675,194.38686
2018-08-14,190.16582,194.38542
2018-08-15,190.16413,194.38398
2018-08-16,190.16245,194.38254
2018-08-17,190.16076,194.38109
2018-08-18,190.15908,194.37965
2018-08-19,190.15739,194.37821
2018-08-20,190.15571,194.37677
2018-08-21,190.15402,194.37533
2018-08-22,190.15234,194.37389
2018-08-23,190.15065,194.37245
2018-08-24,190.14897,194.37101
2018-08-25,190.14728,194.36957
2018-08-26,190.1456,194.36813
2018-08-27,190.14391,194.36669
2018-08-28,190.14223,194.36525
2018-08-29,190.14054,194.36381
2018-08-30,190.13886,194.36237
2018-08-31,190.13718,194.36093
2018-09-01,190.13549,194.35948
2018-09-02,190.13381,194.35803
2018-09-03,190.13212,194.35658
2018-09-04,190.13044,194.35514
2018-09-05,190.12876,194.35369
2018-09-06,190.12707,194.35224
2018-09-07,190.12539,194.35079
2018-09-08,190.1237,194.34934
2018-09-09,190.12202,194.3479
2018-09-10,190.12034,194.34645
2018-09-11,190.11865,194.345
2018-09-12,190.11697,194.34355
2018-09-13,190.11528,194.3421
2018-09-14,190.1136,194.34065
2018-09-15,190.11192,194.33921
2018-09-16,190.11023,194.33776
2018-09-17,190.10855,194.33631
2018-09-18,190.10686,194.33486
2018-09-19,190.10518,194.33341
2018-09-20,190.1035,194.33197
2018-09-21,190.10181,194.33052
2018-09-22,190.10013,194.32907
2018-09-23,190.09845,194.32762
2018-09-24,190.09676,194.32617
2018-09-25,190.09508,194.32473
2018-09-26,190.0934,194.32328
2018-09-27,190.09171,194.32183
2018-09-28,190.09003,194.32038
2018-09-29,190.08834,194.31893
2018-09-30,190.08666,194.31749
2018-10-01,190.08498,194.31606
2018-10-02,190.08331,194.31464
2018-10-03,190.08163,194.31321
2018-10-04,190.07995,194.31179
2018-10-05,190.07827,194.31036
2018-10-06,190.0766,194.30893
2018-10-07,190.07492,194.30751
2018-10-08,190.07324,194.30608
2018-10-09,190.07156,194.30466
2018-10-10,190.06989,194.30323
2018-10-11,190.06821,194.30181
2018-10-12,190.06653,194.30038
2018-10-13,190.06485,194.29896
2018-10-14,190.06318,194.29753
2018-10-15,190.0615,194.29611
2018-10-16,190.05982,194.29468
2018-10-17,190.05815,194.29326
2018-10-18,190.05647,194.29183
2018-10-19,190.05479,194.29041
2018-10-20,190.05311,194.28898
2018-10-21,190.05144,194.28756
2018-10-22,190.04976,194.28613
2018-10-23,190.04808,194.28471
2018-10-24,190.0464,194.28328
2018-10-25,190.04473,194.28186
2018-10-26,190.04305,194.28043
2018-10-27,190.04137,194.27901
2018-10-28,190.0397,194.27758
2018-10-29,190.03802,194.27616
2018-10-30,190.03634,194.27473
2018-10-31,190.03467,194.27331
2018-11-01,190.033,194.27192
2018-11-02,190.03133,194.27054
2018-11-03,190.02966,194.26915
2018-11-04,190.02799,194.26777
2018-11-05,190.02632,194.26639
2018-11-06,190.02465,194.265
2018-11-07,190.02298,194.26362
2018-11-08,190.02131,194.26223
2018-11-09,190.01964,194.26085
2018-11-10,190.01797,194.25946
2018-11-11,190.0163,194.25808
2018-11-12,190.01463,194.25669
2018-11-13,190.01296,194.25531
2018-11-14,190.01129,194.25392
2018-11-15,190.00962,194.25254
2018-11-16,190.00795,194.25115
2018-11-17,190.00628,194.24977
2018-11-18,190.00461,194.24839
2018-11-19,190.00294,194.247
2018-11-20,190.00127,194.24562
2018-11-21,189.9996,194.24423
2018-11-22,189.99793,194.24285
2018-11-23,189.99626,194.24146
2018-11-24,189.99459,194.24008
2018-11-25,189.99292,194.23869
2018-11-26,189.99125,194.23731
2018-11-27,189.98958,194.23593
2018-11-28,189.98791,194.23454
2018-11-29,189.98624,194.23316
2018-11-30,189.98457,194.23177
2018-12-01,189.98293,194.23047
2018-12-02,189.98128,194.22917
2018-12-03,189.97963,194.22787
2018-12-04,189.97799,194.22657
2018-12-05,189.97634,194.22528
2018-12-06,189.9747,194.22398
2018-12-07,189.97305,194.22268
2018-12-08,189.9714,194.22138
2018-12-09,189.96976,194.22008
2018-12-10,189.96811,194.21878
2018-12-11,189.96647,194.21748
2018-12-12,189.96482,194.21618
2018-12-13,189.96318,194.21488
2018-12-14,189.96153,194.21358
2018-12-15,189.95988,194.21228
2018-12-16,189.95824,194.21098
2018-12-17,189.95659,194.20968
2018-12-18,189.95495,194.20838
2018-12-19,189.9533,194.20708
2018-12-20,189.95165,194.20579
2018-12-21,189.95001,194.20449
2018-12-22,189.94836,194.20319
2018-12-23,189.94672,194.20189
2018-12-24,189.94507,194.20059
2018-12-25,189.94343,194.19929
2018-12-26,189.94178,194.19799
2018-12-27,189.94014,194.19669
2018-12-28,189.93849,194.19539
2018-12-29,189.93684,194.19409
2018-12-30,189.9352,194.19279
2018-12-31,189.93355,194.19149
2019-01-01,189.93193,194.19022
2019-01-02,189.9303,194.18894
2019-01-03,189.92868,194.18767
2019-01-04,189.92705,194.18639
2019-01-05,189.92543,194.18512
2019-01-06,189.9238,194.18384
2019-01-07,189.92218,194.18257
2019-01-08,189.92055,194.18129
2019-01-09,189.91893,194.18002
2019-01-10,189.9173,194.17874
2019-01-11,189.91568,194.17747
2019-01-12,189.91405,194.17619
2019-01-13,189.91243,194.17492
2019-01-14,189.9108,194.17365
2019-01-15,189.90918,194.17237
2019-01-16,189.90755,194.1711
2019-01-17,189.90593,194.16982
2019-01-18,189.90431,194.16855
2019-01-19,189.90268,194.16727
2019-01-20,189.90106,194.166
2019-01-21,189.89943,194.16472
2019-01-22,189.89781,194.16345
2019-01-23,189.89618,194.16217
2019-01-24,189.89456,194.1609
2019-01-25,189.89293,194.15962
2019-01-26,189.89131,194.15835
2019-01-27,189.88968,194.15707
2019-01-28,189.88806,194.1558
2019-01-29,189.88643,194.15452
2019-01-30,189.88481,194.15325
2019-01-31,189.88318,194.15197
2019-02-01,189.88156,194.15072
2019-02-02,189.87993,194.14947
2019-02-03,189.8783,194.14822
2019-02-04,189.87668,194.14697
2019-02-05,189.87505,194.14572
2019-02-06,189.87342,194.14447
2019-02-07,189.8718,194.14322
2019-02-08,189.87017,194.14197
2019-02-09,189.86854,194.14072
2019-02-10,189.86692,194.13947
2019-02-11,189.86529,194.13822
2019-02-12,189.86366,194.13697
2019-02-13,189.86204,194.13572
2019-02-14,189.86041,194.13447
2019-02-15,189.85878,194.13322
2019-02-16,189.85716,194.13197
2019-02-17,189.85553,194.13072
2019-02-18,189.8539,194.12947
2019-02-19,189.85228,194.12822
2019-02-20,189.85065,194.12697
2019-02-21,189.84902,194.12572
2019-02-22,189.8474,194.12447
2019-02-23,189.84577,194.12322
2019-02-24,189.84414,194.12197
2019-02-25,189.84252,194.12072
2019-02-26,189.84089,194.11947
2019-02-27,189.83926,194.11822
2019-02-28,189.83764,194.11697
2019-03-01,189.83601,194.11573
2019-03-02,189.83438,194.11449
2019-03-03,189.83274,194.11325
2019-03-04,189.83111,194.11201
2019-03-05,189.82948,194.11077
2019-03-06,189.82785,194.10952
2019-03-07,189.82622,194.10828
2019-03-08,189.82459,194.10704
2019-03-09,189.82296,194.1058
2019-03-10,189.82133,194.10456
2019-03-11,189.8197,194.10332
2019-03-12,189.81807,194.10208
2019-03-13,189.81644,194.10083
2019-03-14,189.81481,194.09959
2019-03-15,189.81318,194.09835
2019-03-16,189.81155,194.09711
2019-03-17,189.80992,194.09587
2019-03-18,189.80829,194.09463
2019-03-19,189.80666,194.09339
2019-03-20,189.80503,194.09215
2019-03-21,189.8034,194.0909
2019-03-22,189.80177,194.08966
2019-03-23,189.80014,194.08842
2019-03-24,189.79851,194.08718
2019-03-25,189.79688,194.08594
2019-03-26,189.79525,194.0847
2019-03-27,189.79362,194.08346
2019-03-28,189.79199,194.08221
2019-03-29,189.79036,194.08097
2019-03-30,189.78873,194.07973
2019-03-31,189.7871,194.07849
2019-04-01,189.78546,194.07725
2019-04-02,189.78383,194.076
2019-04-03,189.78219,194.07476
2019-04-04,189.78055,194.07352
2019-04-05,189.77892,194.07227
2019-04-06,189.77728,194.07103
2019-04-07,189.77564,194.06978
2019-04-08,189.77401,194.06854
2019-04-09,189.77237,194.0673
2019-04-10,189.77073,194.06605
2019-04-11,189.7691,194.06481
2019-04-12,189.76746,194.06356
2019-04-13,189.76582,194.06232
2019-04-14,189.76419,194.06108
2019-04-15,189.76255,194.05983
2019-04-16,189.76091,194.05859
2019-04-17,189.75928,194.05734
2019-04-18,189.75764,194.0561
2019-04-19,189.756,194.05486
2019-04-20,189.75437,194.05361
2019-04-21,189.75273,194.05237
2019-04-22,189.7511,194.05113
2019-04-23,189.74946,194.04988
2019-04-24,189.74782,194.04864
2019-04-25,189.74619,194.04739
2019-04-26,189.74455,194.04615
2019-04-27,189.74291,194.04491
2019-04-28,189.74128,194.04366
2019-04-29,189.73964,194.04242
2019-04-30,189.73801,194.04117
2019-05-01,189.73636,194.0399
2019-05-02,189.73472,194.03862
2019-05-03,189.73307,194.03734
2019-05-04,189.73143,194.03606
2019-05-05,189.72979,194.03478
2019-05-06,189.72814,194.0335
2019-05-07,189.7265,194.03222
2019-05-08,189.72486,194.03094
2019-05-09,189.72321,194.02966
2019-05-10,189.72157,194.02838
2019-05-11,189.71993,194.0271
2019-05-12,189.71828,194.02582
2019-05-13,189.71664,194.02454
2019-05-14,189.715,194.02326
2019-05-15,189.71335,194.02198
2019-05-16,189.71171,194.02071
2019-05-17,189.71006,194.01943
2019-05-18,189.70842,194.01815
2019-05-19,189.70678,194.01687
2019-05-20,189.70513,194.01559
2019-05-21,189.70349,194.01431
2019-05-22,189.70185,194.01303
2019-05-23,189.7002,194.01175
2019-05-24,189.69856,194.01047
2019-05-25,189.69692,194.00919
2019-05-26,189.69527,194.00791
2019-05-27,189.69363,194.00663
2019-05-28,189.69199,194.00535
2019-05-29,189.69034,194.00408
2019-05-30,189.6887,194.0028
2019-05-31,189.68706,194.00152
2019-06-01,189.68533,194.00001
2019-06-02,189.68359,193.99851
2019-06-03,189.68186,193.99701
2019-06-04,189.68013,193.9955
2019-06-05,189.67839,193.994
2019-06-06,189.67666,193.9925
2019-06-07,189.67493,193.99099
2019-06-08,189.67319,193.98949
2019-06-09,189.67146,193.98799
2019-06-10,189.66973,193.98648
2019-06-11,189.668,193.98498
2019-06-12,189.66626,193.98348
2019-06-13,189.66453,193.98197
2019-06-14,189.6628,193.98047
2019-06-15,189.66106,193.97897
2019-06-16,189.65933,193.97746
2019-06-17,189.6576,193.97596
2019-06-18,189.65587,193.97446
2019-06-19,189.65413,193.97295
2019-06-20,189.6524,193.97145
2019-06-21,189.65067,193.96995
2019-06-22,189.64894,193.96844
2019-06-23,189.6472,193.96694
2019-06-24,189.64547,193.96544
2019-06-25,189.64374,193.96393
2019-06-26,189.64201,193.96243
2019-06-27,189.64027,193.96093
2019-06-28,189.63854,193.95942
2019-06-29,189.63681,193.95792
2019-06-30,189.63507,193.95642
2019-07-01,189.63315,193.95455
2019-07-02,189.63123,193.95267
2019-07-03,189.62931,193.9508
2019-07-04,189.62739,193.94893
2019-07-05,189.62547,193.94706
2019-07-06,189.62354,193.94519
2019-07-07,189.62162,193.94332
2019-07-08,189.6197,193.94144
2019-07-09,189.61778,193.93957
2019-07-10,189.61586,193.9377
2019-07-11,189.61393,193.93583
2019-07-12,189.61201,193.93396
2019-07-13,189.61009,193.93209
2019-07-14,189.60817,193.93022
2019-07-15,189.60625,193.92834
2019-07-16,189.60433,193.92647
2019-07-17,189.6024,193.9246
2019-07-18,189.60048,193.92273
2019-07-19,189.59856,193.92086
2019-07-20,189.59664,193.91899
2019-07-21,189.59472,193.91712
2019-07-22,189.5928,193.91525
2019-07-23,189.59087,193.91337
2019-07-24,189.58895,193.9115
2019-07-25,189.58703,193.90963
2019-07-26,189.58511,193.90776
2019-07-27,189.58319,193.90589
2019-07-28,189.58127,193.90402
2019-07-29,189.57934,193.90215
2019-07-30,189.57742,193.90028
2019-07-31,189.5755,193.8984
2019-08-01,189.57336,193.89622
2019-08-02,189.57121,193.89404
2019-08-03,189.56906,193.89186
2019-08-04,189.56691,193.88968
2019-08-05,189.56477,193.8875
2019-08-06,189.56262,193.88532
2019-08-07,189.56047,193.88314
2019-08-08,189.55833,193.88096
2019-08-09,189.55618,193.87878
2019-08-10,189.55403,193.87659
2019-08-11,189.55189,193.87441
2019-08-12,189.54974,193.87223
2019-08-13,189.54759,193.87005
2019-08-14,189.54545,193.86787
2019-08-15,189.5433,193.86569
2019-08-16,189.54116,193.86351
2019-08-17,189.53901,193.86133
2019-08-18,189.53686,193.85915
2019-08-19,189.53472,193.85697
2019-08-20,189.53257,193.85479
2019-08-21,189.53042,193.85261
2019-08-22,189.52828,193.85043
2019-08-23,189.52613,193.84825
2019-08-24,189.52398,193.84606
2019-08-25,189.52184,193.84388
2019-08-26,189.51969,193.8417
2019-08-27,189.51755,193.83952
2019-08-28,189.5154,193.83734
2019-08-29,189.51325,193.83516
2019-08-30,189.51111,193.83298
2019-08-31,189.50896,193.8308
2019-09-01,189.50676,193.82868
2019-09-02,189.50456,193.82656
2019-09-03,189.50237,193.82444
2019-09-04,189.50017,193.82232
2019-09-05,189.49797,193.8202
2019-09-06,189.49577,193.81808
2019-09-07,189.49357,193.81596
2019-09-08,189.49138,193.81384
2019-09-09,189.48918,193.81172
2019-09-10,189.48698,193.8096
2019-09-11,189.48478,193.80748
2019-09-12,189.48258,193.80536
2019-09-13,189.48039,193.80324
2019-09-14,189.47819,193.80112
2019-09-15,189.47599,193.799
2019-09-16,189.47379,193.79687
2019-09-17,189.4716,193.79475
2019-09-18,189.4694,193.79263
2019-09-19,189.4672,193.79051
2019-09-20,189.465,193.78839
2019-09-21,189.46281,193.78627
2019-09-22,189.46061,193.78415
2019-09-23,189.45841,193.78203
2019-09-24,189.45621,193.77991
2019-09-25,189.45401,193.77779
2019-09-26,189.45182,193.77567
2019-09-27,189.44962,193.77355
2019-09-28,189.44742,193.77143
2019-09-29,189.44522,193.76931
2019-09-30,189.44303,193.76719
2019-10-01,189.44085,193.76525
2019-10-02,189.43868,193.7633
2019-10-03,189.43651,193.76136
2019-10-04,189.43434,193.75941
2019-10-05,189.43216,193.75746
2019-10-06,189.42999,193.75552
2019-10-07,189.42782,193.75357
2019-10-08,189.42565,193.75163
2019-10-09,189.42347,193.74968
2019-10-10,189.4213,193.74773
2019-10-11,189.41913,193.74579
2019-10-12,189.41696,193.74384
2019-10-13,189.41479,193.7419
2019-10-14,189.41261,193.73995
2019-10-15,189.41044,193.738
2019-10-16,189.40827,193.73606
2019-10-17,189.4061,193.73411
2019-10-18,189.40392,193.73217
2019-10-19,189.40175,193.73022
2019-10-20,189.39958,193.72828
2019-10-21,189.39741,193.72633
2019-10-22,189.39524,193.72438
2019-10-23,189.39306,193.72244
2019-10-24,189.39089,193.72049
2019-10-25,189.38872,193.71855
2019-10-26,189.38655,193.7166
2019-10-27,189.38437,193.71466
2019-10-28,189.3822,193.71271
2019-10-29,189.38003,193.71076
2019-10-30,189.37786,193.70882
2019-10-31,189.37569,193.70687
2019-11-01,189.37358,193.70506
2019-11-02,189.37147,193.70324
2019-11-03,189.36935,193.70143
2019-11-04,189.36724,193.69961
2019-11-05,189.36513,193.6978
2019-11-06,189.36302,193.69598
2019-11-07,189.36091,193.69417
2019-11-08,189.3588,193.69235
2019-11-09,189.35669,193.69054
2019-11-10,189.35458,193.68872
2019-11-11,189.35247,193.68691
2019-11-12,189.35036,193.68509
2019-11-13,189.34825,193.68328
2019-11-14,189.34614,193.68146
2019-11-15,189.34403,193.67965
2019-11-16,189.34191,193.67783
2019-11-17,189.3398,193.67602
2019-11-18,189.33769,193.6742
2019-11-19,189.33558,193.67238
2019-11-20,189.33347,193.67057
2019-11-21,189.33136,193.66875
2019-11-22,189.32925,193.66694
2019-11-23,189.32714,193.66512
2019-11-24,189.32503,193.66331
2019-11-25,189.32292,193.6615
2019-11-26,189.32081,193.65968
2019-11-27,189.3187,193.65787
2019-11-28,189.31659,193.65605
2019-11-29,189.31448,193.65424
2019-11-30,189.31237,193.65242
2019-12-01,189.31029,193.65062
2019-12-02,189.30822,193.64881
2019-12-03,189.30614,193.64701
2019-12-04,189.30407,193.6452
2019-12-05,189.30199,193.6434
2019-12-06,189.29992,193.64159
2019-12-07,189.29784,193.63979
2019-12-08,189.29576,193.63798
2019-12-09,189.29369,193.63618
2019-12-10,189.29161,193.63437
2019-12-11,189.28954,193.63257
2019-12-12,189.28746,193.63076
2019-12-13,189.28539,193.62896
2019-12-14,189.28331,193.62715
2019-12-15,189.28124,193.62535
2019-12-16,189.27916,193.62354
2019-12-17,189.27709,193.62174
2019-12-18,189.27501,193.61993
2019-12-19,189.27294,193.61813
2019-12-20,189.27086,193.61632
2019-12-21,189.26879,193.61452
2019-12-22,189.26671,193.61271
2019-12-23,189.26464,193.61091
2019-12-24,189.26256,193.60911
2019-12-25,189.26049,193.6073
2019-12-26,189.25841,193.6055
2019-12-27,189.25634,193.60369
2019-12-28,189.25426,193.60189
2019-12-29,189.25219,193.60008
2019-12-30,189.25011,193.59828
2019-12-31,189.24804,193.59647
2020-01-01,189.24598,193.5947
2020-01-02,189.24392,193.59292
2020-01-03,189.24187,193.59115
2020-01-04,189.23981,193.58937
2020-01-05,189.23776,193.5876
2020-01-06,189.2357,193.58582
2020-01-07,189.23364,193.58405
2020-01-08,189.23159,193.58227
2020-01-09,189.22953,193.5805
2020-01-10,189.22748,193.57872
2020-01-11,189.22542,193.57695
2020-01-12,189.22336,193.57517
2020-01-13,189.22131,193.5734
2020-01-14,189.21925,193.57162
2020-01-15,189.2172,193.56985
2020-01-16,189.21514,193.56807
2020-01-17,189.21308,193.5663
2020-01-18,189.21103,193.56452
2020-01-19,189.20897,193.56275
2020-01-20,189.20692,193.56097
2020-01-21,189.20486,193.5592
2020-01-22,189.20281,193.55742
2020-01-23,189.20075,193.55565
2020-01-24,189.19869,193.55387
2020-01-25,189.19664,193.5521
2020-01-26,189.19458,193.55033
2020-01-27,189.19253,193.54855
2020-01-28,189.19047,193.54678
2020-01-29,189.18842,193.545
2020-01-30,189.18636,193.54323
2020-01-31,189.18431,193.54145
2020-02-01,189.18216,193.53954
2020-02-02,189.18001,193.53763
2020-02-03,189.17786,193.53572
2020-02-04,189.17571,193.53381
2020-02-05,189.17356,193.5319
2020-02-06,189.17141,193.52999
2020-02-07,189.16927,193.52808
2020-02-08,189.16712,193.52617
2020-02-09,189.16497,193.52426
2020-02-10,189.16282,193.52235
2020-02-11,189.16067,193.52044
2020-02-12,189.15852,193.51853
2020-02-13,189.15638,193.51663
2020-02-14,189.15423,193.51472
2020-02-15,189.15208,193.51281
2020-02-16,189.14993,193.5109
2020-02-17,189.14778,193.50899
2020-02-18,189.14564,193.50708
2020-02-19,189.14349,193.50517
2020-02-20,189.14134,193.50326
2020-02-21,189.13919,193.50135
2020-02-22,189.13704,193.49944
2020-02-23,189.13489,193.49753
2020-02-24,189.13275,193.49562
2020-02-25,189.1306,193.49371
2020-02-26,189.12845,193.4918
2020-02-27,189.1263,193.48989
2020-02-28,189.12416,193.48798
2020-02-29,189.12201,193.48607
2020-03-01,189.11982,193.48411
2020-03-02,189.11763,193.48215
2020-03-03,189.11544,193.48019
2020-03-04,189.11325,193.47823
2020-03-05,189.11106,193.47627
2020-03-06,189.10888,193.47431
2020-03-07,189.10669,193.47235
2020-03-08,189.1045,193.47039
2020-03-09,189.10231,193.46842
2020-03-10,189.10012,193.46646
2020-03-11,189.09793,193.4645
2020-03-12,189.09574,193.46254
2020-03-13,189.09356,193.46058
2020-03-14,189.09137,193.45862
2020-03-15,189.08918,193.45666
2020-03-16,189.08699,193.4547
2020-03-17,189.0848,193.45274
2020-03-18,189.08261,193.45078
2020-03-19,189.08043,193.44882
2020-03-20,189.07824,193.44686
2020-03-21,189.07605,193.4449
2020-03-22,189.07386,193.44294
2020-03-23,189.07167,193.44098
2020-03-24,189.06948,193.43901
2020-03-25,189.0673,193.43705
2020-03-26,189.06511,193.43509
2020-03-27,189.06292,193.43313
2020-03-28,189.06073,193.43117
2020-03-29,189.05854,193.42921
2020-03-30,189.05636,193.42725
2020-03-31,189.05417,193.42529
2020-04-01,189.05283,193.42426
2020-04-02,189.0515,193.42323
2020-04-03,189.05017,193.4222
2020-04-04,189.04883,193.42117
2020-04-05,189.0475,193.42013
2020-04-06,189.04616,193.4191
2020-04-07,189.04483,193.41807
2020-04-08,189.04349,193.41704
2020-04-09,189.04216,193.41601
2020-04-10,189.04083,193.41498
2020-04-11,189.03949,193.41394
2020-04-12,189.03816,193.41291
2020-04-13,189.03682,193.41188
2020-04-14,189.03549,193.41085
2020-04-15,189.03416,193.40982
2020-04-16,189.03282,193.40879
2020-04-17,189.03149,193.40775
2020-04-18,189.03015,193.40672
2020-04-19,189.02882,193.40569
2020-04-20,189.02749,193.40466
2020-04-21,189.02615,193.40363
2020-04-22,189.02482,193.4026
2020-04-23,189.02348,193.40157
2020-04-24,189.02215,193.40053
2020-04-25,189.02082,193.3995
2020-04-26,189.01948,193.39847
2020-04-27,189.01815,193.39744
2020-04-28,189.01682,193.39641
2020-04-29,189.01548,193.39538
2020-04-30,189.01415,193.39435
2020-05-01,189.01272,193.39358
2020-05-02,189.01129,193.39281
2020-05-03,189.00986,193.39204
2020-05-04,189.00844,193.39127
2020-05-05,189.00701,193.3905
2020-05-06,189.00558,193.38973
2020-05-07,189.00415,193.38897
2020-05-08,189.00273,193.3882
2020-05-09,189.0013,193.38743
2020-05-10,188.99987,193.38666
2020-05-11,188.99844,193.38589
2020-05-12,188.99701,193.38512
2020-05-13,188.99559,193.38436
2020-05-14,188.99416,193.38359
2020-05-15,188.99273,193.38282
2020-05-16,188.9913,193.38205
2020-05-17,188.98988,193.38128
2020-05-18,188.98845,193.38051
2020-05-19,188.98702,193.37975
2020-05-20,188.98559,193.37898
2020-05-21,188.98417,193.37821
2020-05-22,188.98274,193.37744
2020-05-23,188.98131,193.37667
2020-05-24,188.97988,193.3759
2020-05-25,188.97845,193.37513
2020-05-26,188.97703,193.37437
2020-05-27,188.9756,193.3736
2020-05-28,188.97417,193.37283
2020-05-29,188.97274,193.37206
2020-05-30,188.97132,193.37129
2020-05-31,188.96989,193.37052
2020-06-01,188.96792,193.36933
2020-06-02,188.96594,193.36813
2020-06-03,188.96397,193.36694
2020-06-04,188.96199,193.36574
2020-06-05,188.96002,193.36454
2020-06-06,188.95805,193.36335
2020-06-07,188.95607,193.36215
2020-06-08,188.9541,193.36096
2020-06-09,188.95213,193.35976
2020-06-10,188.95015,193.35856
2020-06-11,188.94818,193.35737
2020-06-12,188.94621,193.35617
2020-06-13,188.94423,193.35498
2020-06-14,188.94226,193.35378
2020-06-15,188.94029,193.35258
2020-06-16,188.93831,193.35139
2020-06-17,188.93634,193.35019
2020-06-18,188.93437,193.349
2020-06-19,188.93239,193.3478
2020-06-20,188.93042,193.3466
2020-06-21,188.92845,193.34541
2020-06-22,188.92647,193.34421
2020-06-23,188.9245,193.34302
2020-06-24,188.92253,193.34182
2020-06-25,188.92055,193.34062
2020-06-26,188.91858,193.33943
2020-06-27,188.91661,193.33823
2020-06-28,188.91463,193.33704
2020-06-29,188.91266,193.33584
2020-06-30,188.91069,193.33464
2020-07-01,188.90836,193.33279
2020-07-02,188.90603,193.33093
2020-07-03,188.9037,193.32907
2020-07-04,188.90137,193.32721
2020-07-05,188.89904,193.32535
2020-07-06,188.8967,193.32349
2020-07-07,188.89437,193.32163
2020-07-08,188.89204,193.31977
2020-07-09,188.88971,193.31792
2020-07-10,188.88738,193.31606
2020-07-11,188.88505,193.3142
2020-07-12,188.88272,193.31234
2020-07-13,188.88039,193.31048
2020-07-14,188.87806,193.30862
2020-07-15,188.87573,193.30676
2020-07-16,188.8734,193.3049
2020-07-17,188.87107,193.30305
2020-07-18,188.86874,193.30119
2020-07-19,188.86641,193.29933
2020-07-20,188.86408,193.29747
2020-07-21,188.86175,193.29561
2020-07-22,188.85942,193.29375
2020-07-23,188.85709,193.2919
2020-07-24,188.85476,193.29004
2020-07-25,188.85243,193.28818
2020-07-26,188.8501,193.28632
2020-07-27,188.84777,193.28446
2020-07-28,188.84544,193.2826
2020-07-29,188.84311,193.28074
2020-07-30,188.84078,193.27889
2020-07-31,188.83845,193.27703
2020-08-01,188.83594,193.2747
2020-08-02,188.83342,193.27238
2020-08-03,188.8309,193.27006
2020-08-04,188.82839,193.26773
2020-08-05,188.82587,193.26541
2020-08-06,188.82336,193.26308
2020-08-07,188.82084,193.26076
2020-08-08,188.81832,193.25844
2020-08-09,188.81581,193.25611
2020-08-10,188.81329,193.25379
2020-08-11,188.81078,193.25146
2020-08-12,188.80826,193.24914
2020-08-13,188.80574,193.24682
2020-08-14,188.80323,193.24449
2020-08-15,188.80071,193.24217
2020-08-16,188.7982,193.23984
2020-08-17,188.79568,193.23752
2020-08-18,188.79316,193.2352
2020-08-19,188.79065,193.23287
2020-08-20,188.78813,193.23055
2020-08-21,188.78562,193.22823
2020-08-22,188.7831,193.2259
2020-08-23,188.78059,193.22358
2020-08-24,188.77807,193.22126
2020-08-25,188.77555,193.21893
2020-08-26,188.77304,193.21661
2020-08-27,188.77052,193.21428
2020-08-28,188.76801,193.21196
2020-08-29,188.76549,193.20964
2020-08-30,188.76298,193.20731
2020-08-31,188.76046,193.20499
2020-09-01,188.75789,193.20251
2020-09-02,188.75531,193.20003
2020-09-03,188.75273,193.19754
2020-09-04,188.75016,193.19506
2020-09-05,188.74758,193.19258
2020-09-06,188.745,193.19009
2020-09-07,188.74243,193.18761
2020-09-08,188.73985,193.18513
2020-09-09,188.73728,193.18265
2020-09-10,188.7347,193.18016
2020-09-11,188.73212,193.17768
2020-09-12,188.72955,193.1752
2020-09-13,188.72697,193.17272
2020-09-14,188.7244,193.17023
2020-09-15,188.72182,193.16775
2020-09-16,188.71924,193.16527
2020-09-17,188.71667,193.16279
2020-09-18,188.71409,193.1603
2020-09-19,188.71152,193.15782
2020-09-20,188.70894,193.15534
2020-09-21,188.70637,193.15286
2020-09-22,188.70379,193.15038
2020-09-23,188.70121,193.14789
2020-09-24,188.69864,193.14541
2020-09-25,188.69606,193.14293
2020-09-26,188.69349,193.14045
2020-09-27,188.69091,193.13796
2020-09-28,188.68834,193.13548
2020-09-29,188.68576,193.133
2020-09-30,188.68319,193.13052
2020-10-01,188.68052,193.12787
2020-10-02,188.67785,193.12522
2020-10-03,188.67518,193.12257
2020-10-04,188.67251,193.11992
2020-10-05,188.66984,193.11727
2020-10-06,188.66718,193.11462
2020-10-07,188.66451,193.11197
2020-10-08,188.66184,193.10932
2020-10-09,188.65917,193.10667
2020-10-10,188.6565,193.10402
2020-10-11,188.65383,193.10137
2020-10-12,188.65117,193.09872
2020-10-13,188.6485,193.09607
2020-10-14,188.64583,193.09342
2020-10-15,188.64316,193.09077
2020-10-16,188.64049,193.08812
2020-10-17,188.63783,193.08547
2020-10-18,188.63516,193.08282
2020-10-19,188.63249,193.08017
2020-10-20,188.62982,193.07752
2020-10-21,188.62716,193.07487
2020-10-22,188.62449,193.07222
2020-10-23,188.62182,193.06957
2020-10-24,188.61915,193.06692
2020-10-25,188.61648,193.06428
2020-10-26,188.61382,193.06163
2020-10-27,188.61115,193.05898
2020-10-28,188.60848,193.05633
2020-10-29,188.60581,193.05368
2020-10-30,188.60315,193.05103
2020-10-31,188.60048,193.04838
2020-11-01,188.59775,193.04565
2020-11-02,188.59502,193.04292
2020-11-03,188.59229,193.04019
2020-11-04,188.58957,193.03746
2020-11-05,188.58684,193.03473
2020-11-06,188.58411,193.032
2020-11-07,188.58138,193.02927
2020-11-08,188.57865,193.02655
2020-11-09,188.57592,193.02382
2020-11-10,188.57319,193.02109
2020-11-11,188.57047,193.01836
2020-11-12,188.56774,193.01563
2020-11-13,188.56501,193.0129
2020-11-14,188.56228,193.01017
2020-11-15,188.55955,193.00744
2020-11-16,188.55683,193.00471
2020-11-17,188.5541,193.00198
2020-11-18,188.55137,192.99926
2020-11-19,188.54864,192.99653
2020-11-20,188.54591,192.9938
2020-11-21,188.54319,192.99107
2020-11-22,188.54046,192.98834
2020-11-23,188.53773,192.98561
2020-11-24,188.535,192.98288
2020-11-25,188.53227,192.98015
2020-11-26,188.52955,192.97743
2020-11-27,188.52682,192.9747
2020-11-28,188.52409,192.97197
2020-11-29,188.52136,192.96924
2020-11-30,188.51864,192.96651
2020-12-01,188.51582,192.96373
2020-12-02,188.513,192.96095
2020-12-03,188.51018,192.95817
2020-12-04,188.50736,192.95539
2020-12-05,188.50455,192.95261
2020-12-06,188.50173,192.94983
2020-12-07,188.49891,192.94705
2020-12-08,188.49609,192.94427
2020-12-09,188.49328,192.94149
2020-12-10,188.49046,192.93871
2020-12-11,188.48764,192.93593
2020-12-12,188.48482,192.93316
2020-12-13,188.48201,192.93038
2020-12-14,188.47919,192.9276
2020-12-15,188.47637,192.92482
2020-12-16,188.47356,192.92204
2020-12-17,188.47074,192.91926
2020-12-18,188.46792,192.91648
2020-12-19,188.4651,192.9137
2020-12-20,188.46229,192.91092
2020-12-21,188.45947,192.90814
2020-12-22,188.45665,192.90536
2020-12-23,188.45384,192.90258
2020-12-24,188.45102,192.8998
2020-12-25,188.4482,192.89702
2020-12-26,188.44539,192.89425
2020-12-27,188.44257,192.89147
2020-12-28,188.43975,192.88869
2020-12-29,188.43694,192.88591
2020-12-30,188.43412,192.88313
2020-12-31,188.4313,192.88035
2021-01-01,188.42844,192.87752
2021-01-02,188.42558,192.87469
2021-01-03,188.42271,192.87186
2021-01-04,188.41985,192.86903
2021-01-05,188.41698,192.86619
2021-01-06,188.41412,192.86336
2021-01-07,188.41126,192.86053
2021-01-08,188.40839,192.8577
2021-01-09,188.40553,192.85487
2021-01-10,188.40267,192.85204
2021-01-11,188.3998,192.84921
2021-01-12,188.39694,192.84637
2021-01-13,188.39408,192.84354
2021-01-14,188.39121,192.84071
2021-01-15,188.38835,192.83788
2021-01-16,188.38549,192.83505
2021-01-17,188.38262,192.83222
2021-01-18,188.37976,192.82939
2021-01-19,188.3769,192.82656
2021-01-20,188.37403,192.82373
2021-01-21,188.37117,192.8209
2021-01-22,188.36831,192.81807
2021-01-23,188.36545,192.81524
2021-01-24,188.36258,192.8124
2021-01-25,188.35972,192.80957
2021-01-26,188.35686,192.80674
2021-01-27,188.35399,192.80391
2021-01-28,188.35113,192.80108
2021-01-29,188.34827,192.79825
2021-01-30,188.34541,192.79542
2021-01-31,188.34254,192.79259
2021-02-01,188.33971,192.7898
2021-02-02,188.33688,192.78702
2021-02-03,188.33405,192.78423
2021-02-04,188.33122,192.78144
2021-02-05,188.32839,192.77865
2021-02-06,188.32556,192.77587
2021-02-07,188.32273,192.77308
2021-02-08,188.3199,192.77029
2021-02-09,188.31707,192.76751
2021-02-10,188.31424,192.76472
2021-02-11,188.31141,192.76193
2021-02-12,188.30858,192.75914
2021-02-13,188.30575,192.75636
2021-02-14,188.30291,192.75357
2021-02-15,188.30008,192.75078
2021-02-16,188.29725,192.748
2021-02-17,188.29442,192.74521
2021-02-18,188.29159,192.74242
2021-02-19,188.28876,192.73964
2021-02-20,188.28593,192.73685
2021-02-21,188.2831,192.73406
2021-02-22,188.28027,192.73128
2021-02-23,188.27744,192.72849
2021-02-24,188.27461,192.7257
2021-02-25,188.27178,192.72292
2021-02-26,188.26895,192.72013
2021-02-27,188.26612,192.71734
2021-02-28,188.26329,192.71456
2021-03-01,188.26048,192.7118
2021-03-02,188.25766,192.70903
2021-03-03,188.25484,192.70627
2021-03-04,188.25202,192.70351
2021-03-05,188.2492,192.70075
2021-03-06,188.24638,192.69798
2021-03-07,188.24356,192.69522
2021-03-08,188.24074,192.69246
2021-03-09,188.23792,192.6897
2021-03-10,188.2351,192.68694
2021-03-11,188.23229,192.68418
2021-03-12,188.22947,192.68141
2021-03-13,188.22665,192.67865
2021-03-14,188.22383,192.67589
2021-03-15,188.22101,192.67313
2021-03-16,188.21819,192.67037
2021-03-17,188.21537,192.6676
2021-03-18,188.21256,192.66484
2021-03-19,188.20974,192.66208
2021-03-20,188.20692,192.65932
2021-03-21,188.2041,192.65656
2021-03-22,188.20128,192.6538
2021-03-23,188.19846,192.65104
2021-03-24,188.19565,192.64827
2021-03-25,188.19283,192.64551
2021-03-26,188.19001,192.64275
2021-03-27,188.18719,192.63999
2021-03-28,188.18437,192.63723
2021-03-29,188.18156,192.63447
2021-03-30,188.17874,192.63171
2021-03-31,188.17592,192.62895
2021-04-01,188.17311,192.62619
2021-04-02,188.17029,192.62343
2021-04-03,188.16748,192.62067
2021-04-04,188.16467,192.61791
2021-04-05,188.16186,192.61515
2021-04-06,188.15904,192.61239
2021-04-07,188.15623,192.60963
2021-04-08,188.15342,192.60687
2021-04-09,188.1506,192.60411
2021-04-10,188.14779,192.60135
2021-04-11,188.14498,192.59859
2021-04-12,188.14217,192.59583
2021-04-13,188.13935,192.59307
2021-04-14,188.13654,192.59031
2021-04-15,188.13373,192.58755
2021-04-16,188.13092,192.58479
2021-04-17,188.1281,192.58203
2021-04-18,188.12529,192.57927
2021-04-19,188.12248,192.57651
2021-04-20,188.11967,192.57376
2021-04-21,188.11686,192.571
2021-04-22,188.11404,192.56824
2021-04-23,188.11123,192.56548
2021-04-24,188.10842,192.56272
2021-04-25,188.10561,192.55996
2021-04-26,188.1028,192.5572
2021-04-27,188.09998,192.55444
2021-04-28,188.09717,192.55168
2021-04-29,188.09436,192.54892
2021-04-30,188.09155,192.54617
2021-05-01,188.08873,192.54342
2021-05-02,188.08591,192.54068
2021-05-03,188.08308,192.53793
2021-05-04,188.08026,192.53519
2021-05-05,188.07744,192.53245
2021-05-06,188.07462,192.5297
2021-05-07,188.0718,192.52696
2021-05-08,188.06898,192.52422
2021-05-09,188.06615,192.52147
2021-05-10,188.06333,192.51873
2021-05-11,188.06051,192.51599
2021-05-12,188.05769,192.51324
2021-05-13,188.05487,192.5105
2021-05-14,188.05205,192.50776
2021-05-15,188.04923,192.50501
2021-05-16,188.0464,192.50227
2021-05-17,188.04358,192.49953
2021-05-18,188.04076,192.49678
2021-05-19,188.03794,192.49404
2021-05-20,188.03512,192.4913
2021-05-21,188.0323,192.48855
2021-05-22,188.02948,192.48581
2021-05-23,188.02666,192.48307
2021-05-24,188.02384,192.48033
2021-05-25,188.02101,192.47758
2021-05-26,188.01819,192.47484
2021-05-27,188.01537,192.4721
2021-05-28,188.01255,192.46935
2021-05-29,188.00973,192.46661
2021-05-30,188.00691,192.46387
2021-05-31,188.00409,192.46113
2021-06-01,188.00126,192.45837
2021-06-02,187.99842,192.45562
2021-06-03,187.99558,192.45287
2021-06-04,187.99275,192.45011
2021-06-05,187.98991,192.44736
2021-06-06,187.98708,192.44461
2021-06-07,187.98424,192.44186
2021-06-08,187.98141,192.4391
2021-06-09,187.97857,192.43635
2021-06-10,187.97574,192.4336
2021-06-11,187.97291,192.43085
2021-06-12,187.97007,192.42809
2021-06-13,187.96724,192.42534
2021-06-14,187.9644,192.42259
2021-06-15,187.96157,192.41984
2021-06-16,187.95873,192.41708
2021-06-17,187.9559,192.41433
2021-06-18,187.95306,192.41158
2021-06-19,187.95023,192.40883
2021-06-20,187.94739,192.40607
2021-06-21,187.94456,192.40332
2021-06-22,187.94172,192.40057
2021-06-23,187.93889,192.39782
2021-06-24,187.93606,192.39506
2021-06-25,187.93322,192.39231
2021-06-26,187.93039,192.38956
2021-06-27,187.92755,192.38681
2021-06-28,187.92472,192.38406
2021-06-29,187.92189,192.3813
2021-06-30,187.91905,192.37855
2021-07-01,187.91621,192.3758
2021-07-02,187.91336,192.37304
2021-07-03,187.91052,192.37028
2021-07-04,187.90768,192.36752
2021-07-05,187.90483,192.36477
2021-07-06,187.90199,192.36201
2021-07-07,187.89914,192.35925
2021-07-08,187.8963,192.3565
2021-07-09,187.89346,192.35374
2021-07-10,187.89061,192.35098
2021-07-11,187.88777,192.34823
2021-07-12,187.88493,192.34547
2021-07-13,187.88208,192.34271
2021-07-14,187.87924,192.33996
2021-07-15,187.8764,192.3372
2021-07-16,187.87355,192.33444
2021-07-17,187.87071,192.33169
2021-07-18,187.86787,192.32893
2021-07-19,187.86502,192.32617
2021-07-20,187.86218,192.32342
2021-07-21,187.85934,192.32066
2021-07-22,187.85649,192.3179
2021-07-23,187.85365,192.31515
2021-07-24,187.85081,192.31239
2021-07-25,187.84797,192.30964
2021-07-26,187.84512,192.30688
2021-07-27,187.84228,192.30412
2021-07-28,187.83944,192.30137
2021-07-29,187.83659,192.29861
2021-07-30,187.83375,192.29585
2021-07-31,187.83091,192.2931
2021-08-01,187.82805,192.29028
2021-08-02,187.8252,192.28746
2021-08-03,187.82234,192.28465
2021-08-04,187.81948,192.28183
2021-08-05,187.81662,192.27901
2021-08-06,187.81377,192.2762
2021-08-07,187.81091,192.27338
2021-08-08,187.80805,192.27056
2021-08-09,187.8052,192.26775
2021-08-10,187.80234,192.26493
2021-08-11,187.79948,192.26211
2021-08-12,187.79663,192.2593
2021-08-13,187.79377,192.25648
2021-08-14,187.79091,192.25367
2021-08-15,187.78806,192.25085
2021-08-16,187.7852,192.24803
2021-08-17,187.78235,192.24522
2021-08-18,187.77949,192.2424
2021-08-19,187.77663,192.23958
2021-08-20,187.77378,192.23677
2021-08-21,187.77092,192.23395
2021-08-22,187.76806,192.23114
2021-08-23,187.76521,192.22832
2021-08-24,187.76235,192.2255
2021-08-25,187.7595,192.22269
2021-08-26,187.75664,192.21987
2021-08-27,187.75378,192.21706
2021-08-28,187.75093,192.21424
2021-08-29,187.74807,192.21143
2021-08-30,187.74522,192.20861
2021-08-31,187.74236,192.20579
2021-09-01,187.73952,192.203
2021-09-02,187.73668,192.20022
2021-09-03,187.73383,192.19743
2021-09-04,187.73099,192.19464
2021-09-05,187.72815,192.19185
2021-09-06,187.72531,192.18906
2021-09-07,187.72246,192.18627
2021-09-08,187.71962,192.18348
2021-09-09,187.71678,192.18069
2021-09-10,187.71394,192.1779
2021-09-11,187.7111,192.17512
2021-09-12,187.70825,192.17233
2021-09-13,187.70541,192.16954
2021-09-14,187.70257,192.16675
2021-09-15,187.69973,192.16396
2021-09-16,187.69689,192.16117
2021-09-17,187.69404,192.15838
2021-09-18,187.6912,192.1556
2021-09-19,187.68836,192.15281
2021-09-20,187.68552,192.15002
2021-09-21,187.68268,192.14723
2021-09-22,187.67984,192.14444
2021-09-23,187.677,192.14165
2021-09-24,187.67415,192.13887
2021-09-25,187.67131,192.13608
2021-09-26,187.66847,192.13329
2021-09-27,187.66563,192.1305
2021-09-28,187.66279,192.12771
2021-09-29,187.65995,192.12492
2021-09-30,187.65711,192.12214
2021-10-01,187.65424,192.11932
2021-10-02,187.65137,192.11651
2021-10-03,187.64851,192.1137
2021-10-04,187.64564,192.11088
2021-10-05,187.64278,192.10807
2021-10-06,187.63991,192.10525
2021-10-07,187.63704,192.10244
2021-10-08,187.63418,192.09963
2021-10-09,187.63131,192.09681
2021-10-10,187.62845,192.094
2021-10-11,187.62558,192.09119
2021-10-12,187.62272,192.08837
2021-10-13,187.61985,192.08556
2021-10-14,187.61699,192.08275
2021-10-15,187.61412,192.07993
2021-10-16,187.61126,192.07712
2021-10-17,187.60839,192.07431
2021-10-18,187.60552,192.0715
2021-10-19,187.60266,192.06868
2021-10-20,187.59979,192.06587
2021-10-21,187.59693,192.06306
2021-10-22,187.59406,192.06024
2021-10-23,187.5912,192.05743
2021-10-24,187.58833,192.05462
2021-10-25,187.58547,192.05181
2021-10-26,187.5826,192.04899
2021-10-27,187.57974,192.04618
2021-10-28,187.57687,192.04337
2021-10-29,187.57401,192.04056
2021-10-30,187.57115,192.03774
2021-10-31,187.56828,192.03493
2021-11-01,187.56532,192.03208
2021-11-02,187.56237,192.02923
2021-11-03,187.55941,192.02638
2021-11-04,187.55646,192.02354
2021-11-05,187.5535,192.02069
2021-11-06,187.55054,192.01784
2021-11-07,187.54759,192.01499
2021-11-08,187.54463,192.01214
2021-11-09,187.54168,192.00929
2021-11-10,187.53872,192.00645
2021-11-11,187.53577,192.0036
2021-11-12,187.53281,192.00075
2021-11-13,187.52985,191.9979
2021-11-14,187.5269,191.99505
2021-11-15,187.52394,191.99221
2021-11-16,187.52099,191.98936
2021-11-17,187.51803,191.98651
2021-11-18,187.51508,191.98366
2021-11-19,187.51212,191.98082
2021-11-20,187.50917,191.97797
2021-11-21,187.50621,191.97512
2021-11-22,187.50326,191.97227
2021-11-23,187.5003,191.96942
2021-11-24,187.49735,191.96658
2021-11-25,187.49439,191.96373
2021-11-26,187.49144,191.96088
2021-11-27,187.48848,191.95803
2021-11-28,187.48553,191.95519
2021-11-29,187.48257,191.95234
2021-11-30,187.47962,191.94949
2021-12-01,187.47659,191.94659
2021-12-02,187.47356,191.94369
2021-12-03,187.47053,191.94078
2021-12-04,187.4675,191.93788
2021-12-05,187.46446,191.93497
2021-12-06,187.46143,191.93207
2021-12-07,187.4584,191.92917
2021-12-08,187.45537,191.92626
2021-12-09,187.45234,191.92336
2021-12-10,187.44931,191.92046
2021-12-11,187.44628,191.91755
2021-12-12,187.44325,191.91465
2021-12-13,187.44022,191.91175
2021-12-14,187.43719,191.90884
2021-12-15,187.43416,191.90594
2021-12-16,187.43113,191.90304
2021-12-17,187.4281,191.90013
2021-12-18,187.42507,191.89723
2021-12-19,187.42204,191.89433
2021-12-20,187.41901,191.89142
2021-12-21,187.41598,191.88852
2021-12-22,187.41295,191.88562
2021-12-23,187.40992,191.88272
2021-12-24,187.40689,191.87981
2021-12-25,187.40387,191.87691
2021-12-26,187.40084,191.87401
2021-12-27,187.39781,191.87111
2021-12-28,187.39478,191.8682
2021-12-29,187.39175,191.8653
2021-12-30,187.38872,191.8624
2021-12-31,187.38569,191.8595
2022-01-01,187.38277,191.85668
2022-01-02,187.37986,191.85387
2022-01-03,187.37694,191.85106
2022-01-04,187.37403,191.84825
2022-01-05,187.37111,191.84544
2022-01-06,187.3682,191.84263
2022-01-07,187.36528,191.83982
2022-01-08,187.36237,191.83701
2022-01-09,187.35945,191.8342
2022-01-10,187.35653,191.83139
2022-01-11,187.35362,191.82858
2022-01-12,187.3507,191.82577
2022-01-13,187.34779,191.82296
2022-01-14,187.34487,191.82015
2022-01-15,187.34196,191.81734
2022-01-16,187.33904,191.81453
2022-01-17,187.33613,191.81172
2022-01-18,187.33321,191.80891
2022-01-19,187.3303,191.8061
2022-01-20,187.32739,191.8033
2022-01-21,187.32447,191.80049
2022-01-22,187.32156,191.79768
2022-01-23,187.31864,191.79487
2022-01-24,187.31573,191.79206
2022-01-25,187.31281,191.78925
2022-01-26,187.3099,191.78644
2022-01-27,187.30698,191.78363
2022-01-28,187.30407,191.78082
2022-01-29,187.30115,191.77801
2022-01-30,187.29824,191.7752
2022-01-31,187.29533,191.77239
2022-02-01,187.29256,191.76986
2022-02-02,187.2898,191.76732
2022-02-03,187.28703,191.76478
2022-02-04,187.28427,191.76225
2022-02-05,187.2815,191.75971
2022-02-06,187.27874,191.75717
2022-02-07,187.27597,191.75464
2022-02-08,187.27321,191.7521
2022-02-09,187.27044,191.74957
2022-02-10,187.26768,191.74703
2022-02-11,187.26491,191.74449
2022-02-12,187.26215,191.74196
2022-02-13,187.25938,191.73942
2022-02-14,187.25662,191.73688
2022-02-15,187.25385,191.73435
2022-02-16,187.25109,191.73181
2022-02-17,187.24832,191.72928
2022-02-18,187.24556,191.72674
2022-02-19,187.24279,191.72421
2022-02-20,187.24003,191.72167
2022-02-21,187.23726,191.71913
2022-02-22,187.2345,191.7166
2022-02-23,187.23174,191.71406
2022-02-24,187.22897,191.71153
2022-02-25,187.22621,191.70899
2022-02-26,187.22344,191.70646
2022-02-27,187.22068,191.70392
2022-02-28,187.21792,191.70138
2022-03-01,187.21534,191.69916
2022-03-02,187.21276,191.69694
2022-03-03,187.21019,191.69471
2022-03-04,187.20761,191.69249
2022-03-05,187.20503,191.69026
2022-03-06,187.20246,191.68804
2022-03-07,187.19988,191.68582
2022-03-08,187.1973,191.68359
2022-03-09,187.19473,191.68137
2022-03-10,187.19215,191.67915
2022-03-11,187.18958,191.67692
2022-03-12,187.187,191.6747
2022-03-13,187.18442,191.67247
2022-03-14,187.18185,191.67025
2022-03-15,187.17927,191.66803
2022-03-16,187.1767,191.6658
2022-03-17,187.17412,191.66358
2022-03-18,187.17154,191.66136
2022-03-19,187.16897,191.65913
2022-03-20,187.16639,191.65691
2022-03-21,187.16382,191.65469
2022-03-22,187.16124,191.65246
2022-03-23,187.15866,191.65024
2022-03-24,187.15609,191.64801
2022-03-25,187.15351,191.64579
2022-03-26,187.15094,191.64357
2022-03-27,187.14836,191.64134
2022-03-28,187.14579,191.63912
2022-03-29,187.14321,191.6369
2022-03-30,187.14064,191.63467
2022-03-31,187.13806,191.63245
2022-04-01,187.13573,191.6308
2022-04-02,187.1334,191.62914
2022-04-03,187.13108,191.62749
2022-04-04,187.12875,191.62583
2022-04-05,187.12642,191.62418
2022-04-06,187.12409,191.62252
2022-04-07,187.12176,191.62087
2022-04-08,187.11943,191.61921
2022-04-09,187.11711,191.61756
2022-04-10,187.11478,191.6159
2022-04-11,187.11245,191.61425
2022-04-12,187.11012,191.61259
2022-04-13,187.10779,191.61094
2022-04-14,187.10547,191.60928
2022-04-15,187.10314,191.60763
2022-04-16,187.10081,191.60597
2022-04-17,187.09848,191.60432
2022-04-18,187.09616,191.60267
2022-04-19,187.09383,191.60101
2022-04-20,187.0915,191.59936
2022-04-21,187.08917,191.5977
2022-04-22,187.08684,191.59605
2022-04-23,187.08452,191.59439
2022-04-24,187.08219,191.59274
2022-04-25,187.07986,191.59108
2022-04-26,187.07753,191.58943
2022-04-27,187.07521,191.58777
2022-04-28,187.07288,191.58612
2022-04-29,187.07055,191.58446
2022-04-30,187.06822,191.58281
2022-05-01,187.06622,191.58205
2022-05-02,187.06422,191.58128
2022-05-03,187.06221,191.58052
2022-05-04,187.06021,191.57975
2022-05-05,187.0582,191.57899
2022-05-06,187.0562,191.57822
2022-05-07,187.05419,191.57746
2022-05-08,187.05219,191.57669
2022-05-09,187.05019,191.57593
2022-05-10,187.04818,191.57517
2022-05-11,187.04618,191.5744
2022-05-12,187.04417,191.57364
2022-05-13,187.04217,191.57287
2022-05-14,187.04017,191.57211
2022-05-15,187.03816,191.57134
2022-05-16,187.03616,191.57058
2022-05-17,187.03415,191.56982
2022-05-18,187.03215,191.56905
2022-05-19,187.03014,191.56829
2022-05-20,187.02814,191.56752
2022-05-21,187.02614,191.56676
2022-05-22,187.02413,191.56599
2022-05-23,187.02213,191.56523
2022-05-24,187.02013,191.56447
2022-05-25,187.01812,191.5637
2022-05-26,187.01612,191.56294
2022-05-27,187.01411,191.56217
2022-05-28,187.01211,191.56141
2022-05-29,187.01011,191.56064
2022-05-30,187.0081,191.55988
2022-05-31,187.0061,191.55912
2022-06-01,187.00486,191.55998
2022-06-02,187.00361,191.56084
2022-06-03,187.00237,191.5617
2022-06-04,187.00113,191.56256
2022-06-05,186.99989,191.56342
2022-06-06,186.99864,191.56428
2022-06-07,186.9974,191.56514
2022-06-08,186.99616,191.566
2022-06-09,186.99491,191.56686
2022-06-10,186.99367,191.56772
2022-06-11,186.99243,191.56858
2022-06-12,186.99119,191.56944
2022-06-13,186.98994,191.5703
2022-06-14,186.9887,191.57116
2022-06-15,186.98746,191.57202
2022-06-16,186.98622,191.57288
2022-06-17,186.98497,191.57374
2022-06-18,186.98373,191.5746
2022-06-19,186.98249,191.57546
2022-06-20,186.98125,191.57632
2022-06-21,186.98,191.57718
2022-06-22,186.97876,191.57804
2022-06-23,186.97752,191.5789
2022-06-24,186.97628,191.57976
2022-06-25,186.97503,191.58062
2022-06-26,186.97379,191.58148
2022-06-27,186.97255,191.58235
2022-06-28,186.97131,191.58321
2022-06-29,186.97006,191.58407
2022-06-30,186.96882,191.58493
2022-07-01,186.96901,191.58741
2022-07-02,186.9692,191.58989
2022-07-03,186.96939,191.59237
2022-07-04,186.96958,191.59486
2022-07-05,186.96977,191.59734
2022-07-06,186.96996,191.59982
2022-07-07,186.97015,191.6023
2022-07-08,186.97034,191.60479
2022-07-09,186.97053,191.60727
2022-07-10,186.97072,191.60975
2022-07-11,186.97091,191.61224
2022-07-12,186.9711,191.61472
2022-07-13,186.97129,191.6172
2022-07-14,186.97148,191.61968
2022-07-15,186.97167,191.62217
2022-07-16,186.97186,191.62465
2022-07-17,186.97205,191.62713
2022-07-18,186.97224,191.62962
2022-07-19,186.97244,191.6321
2022-07-20,186.97263,191.63458
2022-07-21,186.97282,191.63707
2022-07-22,186.97301,191.63955
2022-07-23,186.9732,191.64203
2022-07-24,186.97339,191.64452
2022-07-25,186.97358,191.647
2022-07-26,186.97377,191.64948
2022-07-27,186.97396,191.65197
2022-07-28,186.97415,191.65445
2022-07-29,186.97434,191.65693
2022-07-30,186.97453,191.65942
2022-07-31,186.97472,191.6619
2022-08-01,186.97677,191.66636
2022-08-02,186.97882,191.67081
2022-08-03,186.98087,191.67527
2022-08-04,186.98292,191.67972
2022-08-05,186.98497,191.68418
2022-08-06,186.98702,191.68864
2022-08-07,186.98907,191.6931
2022-08-08,186.99112,191.69755
2022-08-09,186.99317,191.70201
2022-08-10,186.99522,191.70647
2022-08-11,186.99727,191.71092
2022-08-12,186.99932,191.71538
2022-08-13,187.00137,191.71984
2022-08-14,187.00342,191.7243
2022-08-15,187.00547,191.72876
2022-08-16,187.00752,191.73321
2022-08-17,187.00957,191.73767
2022-08-18,187.01162,191.74213
2022-08-19,187.01367,191.74659
2022-08-20,187.01573,191.75105
2022-08-21,187.01778,191.7555
2022-08-22,187.01983,191.75996
2022-08-23,187.02188,191.76442
2022-08-24,187.02393,191.76888
2022-08-25,187.02598,191.77334
2022-08-26,187.02803,191.7778
2022-08-27,187.03008,191.78226
2022-08-28,187.03213,191.78672
2022-08-29,187.03418,191.79118
2022-08-30,187.03623,191.79564
2022-08-31,187.03828,191.80009
2022-09-01,187.04354,191.8086
2022-09-02,187.04879,191.8171
2022-09-03,187.05404,191.82561
2022-09-04,187.05929,191.83411
2022-09-05,187.06454,191.84262
2022-09-06,187.0698,191.85112
2022-09-07,187.07505,191.85963
2022-09-08,187.0803,191.86813
2022-09-09,187.08556,191.87664
2022-09-10,187.09081,191.88515
2022-09-11,187.09606,191.89366
2022-09-12,187.10132,191.90216
2022-09-13,187.10657,191.91067
2022-09-14,187.11182,191.91918
2022-09-15,187.11708,191.92769
2022-09-16,187.12233,191.9362
2022-09-17,187.12759,191.94471
2022-09-18,187.13284,191.95322
2022-09-19,187.1381,191.96173
2022-09-20,187.14335,191.97024
2022-09-21,187.14861,191.97875
2022-09-22,187.15386,191.98726
2022-09-23,187.15912,191.99577
2022-09-24,187.16437,192.00429
2022-09-25,187.16963,192.0128
2022-09-26,187.17488,192.02131
2022-09-27,187.18014,192.02982
2022-09-28,187.18539,192.03834
2022-09-29,187.19065,192.04685
2022-09-30,187.19591,192.05537
2022-10-01,187.20333,192.06602
2022-10-02,187.21075,192.07668
2022-10-03,187.21818,192.08734
2022-10-04,187.2256,192.09799
2022-10-05,187.23303,192.10865
2022-10-06,187.24045,192.11931
2022-10-07,187.24788,192.12997
2022-10-08,187.2553,192.14063
2022-10-09,187.26273,192.15129
2022-10-10,187.27016,192.16195
2022-10-11,187.27758,192.17261
2022-10-12,187.28501,192.18328
2022-10-13,187.29244,192.19394
2022-10-14,187.29986,192.2046
2022-10-15,187.30729,192.21527
2022-10-16,187.31472,192.22593
2022-10-17,187.32215,192.2366
2022-10-18,187.32958,192.24726
2022-10-19,187.33701,192.25793
2022-10-20,187.34444,192.26859
2022-10-21,187.35187,192.27926
2022-10-22,187.3593,192.28993
2022-10-23,187.36673,192.3006
2022-10-24,187.37416,192.31127
2022-10-25,187.38159,192.32194
2022-10-26,187.38902,192.33261
2022-10-27,187.39645,192.34328
2022-10-28,187.40388,192.35395
2022-10-29,187.41131,192.36462
2022-10-30,187.41875,192.3753
2022-10-31,187.42618,192.38597
2022-11-01,187.43568,192.39838
2022-11-02,187.44518,192.41078
2022-11-03,187.45469,192.42319
2022-11-04,187.46419,192.4356
2022-11-05,187.4737,192.448
2022-11-06,187.4832,192.46041
2022-11-07,187.49271,192.47282
2022-11-08,187.50221,192.48523
2022-11-09,187.51172,192.49764
2022-11-10,187.52123,192.51005
2022-11-11,187.53073,192.52247
2022-11-12,187.54024,192.53488
2022-11-13,187.54975,192.5473
2022-11-14,187.55926,192.55971
2022-11-15,187.56877,192.57213
2022-11-16,187.57828,192.58454
2022-11-17,187.58779,192.59696
2022-11-18,187.5973,192.60938
2022-11-19,187.60681,192.6218
2022-11-20,187.61632,192.63422
2022-11-21,187.62583,192.64664
2022-11-22,187.63535,192.65906
2022-11-23,187.64486,192.67148
2022-11-24,187.65437,192.68391
2022-11-25,187.66389,192.69633
2022-11-26,187.6734,192.70876
2022-11-27,187.68292,192.72118
2022-11-28,187.69243,192.73361
2022-11-29,187.70195,192.74603
2022-11-30,187.71147,192.75846
2022-12-01,187.72223,192.77217
2022-12-02,187.73299,192.78588
2022-12-03,187.74375,192.79959
2022-12-04,187.75451,192.8133
2022-12-05,187.76527,192.82702
2022-12-06,187.77603,192.84073
2022-12-07,187.7868,192.85445
2022-12-08,187.79756,192.86816
2022-12-09,187.80832,192.88188
2022-12-10,187.81909,192.8956
2022-12-11,187.82985,192.90932
2022-12-12,187.84062,192.92304
2022-12-13,187.85139,192.93676
2022-12-14,187.86215,192.95048
2022-12-15,187.87292,192.9642
2022-12-16,187.88369,192.97792
2022-12-17,187.89446,192.99165
2022-12-18,187.90523,193.00537
2022-12-19,187.916,193.0191
2022-12-20,187.92677,193.03283
2022-12-21,187.93754,193.04656
2022-12-22,187.94832,193.06029
2022-12-23,187.95909,193.07402
2022-12-24,187.96986,193.08775
2022-12-25,187.98064,193.10148
2022-12-26,187.99141,193.11521
2022-12-27,188.00219,193.12895
2022-12-28,188.01296,193.14268
2022-12-29,188.02374,193.15642
2022-12-30,188.03452,193.17016
2022-12-31,188.04529,193.1839
2023-01-01,188.05754,193.19923
2023-01-02,188.06979,193.21457
2023-01-03,188.08204,193.22991
2023-01-04,188.09429,193.24525
2023-01-05,188.10654,193.26059
2023-01-06,188.1188,193.27593
2023-01-07,188.13105,193.29127
2023-01-08,188.1433,193.30662
2023-01-09,188.15556,193.32196
2023-01-10,188.16781,193.33731
2023-01-11,188.18007,193.35266
2023-01-12,188.19233,193.36801
2023-01-13,188.20459,193.38336
2023-01-14,188.21684,193.39871
2023-01-15,188.2291,193.41406
2023-01-16,188.24136,193.42942
2023-01-17,188.25363,193.44477
2023-01-18,188.26589,193.46013
2023-01-19,188.27815,193.47549
2023-01-20,188.29041,193.49085
2023-01-21,188.30268,193.50621
2023-01-22,188.31494,193.52157
2023-01-23,188.32721,193.53693
2023-01-24,188.33948,193.55229
2023-01-25,188.35174,193.56766
2023-01-26,188.36401,193.58303
2023-01-27,188.37628,193.59839
2023-01-28,188.38855,193.61376
2023-01-29,188.40082,193.62913
2023-01-30,188.41309,193.6445
2023-01-31,188.42536,193.65988
2023-02-01,188.43918,193.67674
2023-02-02,188.45301,193.69361
2023-02-03,188.46683,193.71048
2023-02-04,188.48065,193.72735
2023-02-05,188.49447,193.74422
2023-02-06,188.5083,193.7611
2023-02-07,188.52212,193.77797
2023-02-08,188.53595,193.79485
2023-02-09,188.54978,193.81173
2023-02-10,188.56361,193.82861
2023-02-11,188.57744,193.84549
2023-02-12,188.59127,193.86237
2023-02-13,188.6051,193.87925
2023-02-14,188.61893,193.89614
2023-02-15,188.63277,193.91303
2023-02-16,188.6466,193.92992
2023-02-17,188.66044,193.94681
2023-02-18,188.67427,193.9637
2023-02-19,188.68811,193.98059
2023-02-20,188.70195,193.99748
2023-02-21,188.71579,194.01438
2023-02-22,188.72963,194.03128
2023-02-23,188.74347,194.04818
2023-02-24,188.75732,194.06508
2023-02-25,188.77116,194.08198
2023-02-26,188.78501,194.09888
2023-02-27,188.79885,194.11579
2023-02-28,188.8127,194.13269
2023-03-01,188.82796,194.15031
2023-03-02,188.84323,194.16793
2023-03-03,188.8585,194.18556
2023-03-04,188.87377,194.20318
2023-03-05,188.88904,194.22081
2023-03-06,188.90431,194.23844
2023-03-07,188.91958,194.25607
2023-03-08,188.93486,194.2737
2023-03-09,188.95013,194.29133
2023-03-10,188.96541,194.30896
2023-03-11,188.98069,194.3266
2023-03-12,188.99597,194.34424
2023-03-13,189.01125,194.36188
2023-03-14,189.02653,194.37952
2023-03-15,189.04181,194.39716
2023-03-16,189.05709,194.4148
2023-03-17,189.07238,194.43245
2023-03-18,189.08766,194.4501
2023-03-19,189.10295,194.46774
2023-03-20,189.11824,194.48539
2023-03-21,189.13353,194.50305
2023-03-22,189.14882,194.5207
2023-03-23,189.16411,194.53835
2023-03-24,189.17941,194.55601
2023-03-25,189.1947,194.57367
2023-03-26,189.21,194.59133
2023-03-27,189.2253,194.60899
2023-03-28,189.2406,194.62665
2023-03-29,189.2559,194.64432
2023-03-30,189.2712,194.66199
2023-03-31,189.2865,194.67965
2023-04-01,189.30322,194.69866
2023-04-02,189.31994,194.71768
2023-04-03,189.33666,194.73669
2023-04-04,189.35338,194.75571
2023-04-05,189.3701,194.77473
2023-04-06,189.38683,194.79375
2023-04-07,189.40355,194.81277
2023-04-08,189.42028,194.8318
2023-04-09,189.43701,194.85082
2023-04-10,189.45374,194.86985
2023-04-11,189.47047,194.88888
2023-04-12,189.48721,194.90792
2023-04-13,189.50394,194.92695
2023-04-14,189.52068,194.94598
2023-04-15,189.53741,194.96502
2023-04-16,189.55415,194.98406
2023-04-17,189.5709,195.0031
2023-04-18,189.58764,195.02215
2023-04-19,189.60438,195.04119
2023-04-20,189.62113,195.06024
2023-04-21,189.63787,195.07929
2023-04-22,189.65462,195.09834
2023-04-23,189.67137,195.11739
2023-04-24,189.68812,195.13644
2023-04-25,189.70488,195.1555
2023-04-26,189.72163,195.17456
2023-04-27,189.73839,195.19362
2023-04-28,189.75514,195.21268
2023-04-29,189.7719,195.23174
2023-04-30,189.78866,195.25081
2023-05-01,189.80644,195.27078
2023-05-02,189.82422,195.29075
2023-05-03,189.84199,195.31072
2023-05-04,189.85978,195.3307
2023-05-05,189.87756,195.35067
2023-05-06,189.89534,195.37065
2023-05-07,189.91313,195.39063
2023-05-08,189.93091,195.41062
2023-05-09,189.9487,195.4306
2023-05-10,189.96649,195.45059
2023-05-11,189.98428,195.47058
2023-05-12,190.00208,195.49057
2023-05-13,190.01987,195.51056
2023-05-14,190.03767,195.53056
2023-05-15,190.05547,195.55055
2023-05-16,190.07327,195.57055
2023-05-17,190.09107,195.59055
2023-05-18,190.10888,195.61056
2023-05-19,190.12668,195.63056
2023-05-20,190.14449,195.65057
2023-05-21,190.1623,195.67058
2023-05-22,190.18011,195.69059
2023-05-23,190.19792,195.7106
2023-05-24,190.21573,195.73062
2023-05-25,190.23355,195.75064
2023-05-26,190.25137,195.77066
2023-05-27,190.26918,195.79068
2023-05-28,190.28701,195.8107
2023-05-29,190.30483,195.83073
2023-05-30,190.32265,195.85076
2023-05-31,190.34048,195.87079
2023-06-01,190.35917,195.8916
2023-06-02,190.37787,195.91241
2023-06-03,190.39657,195.93323
2023-06-04,190.41527,195.95405
2023-06-05,190.43397,195.97487
2023-06-06,190.45267,195.9957
2023-06-07,190.47138,196.01652
2023-06-08,190.49009,196.03735
2023-06-09,190.5088,196.05818
2023-06-10,190.52751,196.07901
2023-06-11,190.54622,196.09985
2023-06-12,190.56494,196.12069
2023-06-13,190.58365,196.14153
2023-06-14,190.60237,196.16237
2023-06-15,190.62109,196.18321
2023-06-16,190.63982,196.20406
2023-06-17,190.65854,196.2249
2023-06-18,190.67727,196.24575
2023-06-19,190.69599,196.26661
2023-06-20,190.71472,196.28746
2023-06-21,190.73346,196.30832
2023-06-22,190.75219,196.32918
2023-06-23,190.77093,196.35004
2023-06-24,190.78966,196.3709
2023-06-25,190.8084,196.39177
2023-06-26,190.82714,196.41264
2023-06-27,190.84589,196.43351
2023-06-28,190.86463,196.45438
2023-06-29,190.88338,196.47526
2023-06-30,190.90212,196.49613
2023-07-01,190.9216,196.51765
2023-07-02,190.94107,196.53917
2023-07-03,190.96054,196.5607
2023-07-04,190.98002,196.58222
2023-07-05,190.9995,196.60375
2023-07-06,191.01898,196.62528
2023-07-07,191.03846,196.64681
2023-07-08,191.05795,196.66835
2023-07-09,191.07744,196.68989
2023-07-10,191.09692,196.71143
2023-07-11,191.11641,196.73297
2023-07-12,191.13591,196.75451
2023-07-13,191.1554,196.77606
2023-07-14,191.1749,196.79761
2023-07-15,191.1944,196.81916
2023-07-16,191.2139,196.84072
2023-07-17,191.2334,196.86227
2023-07-18,191.25291,196.88383
2023-07-19,191.27241,196.9054
2023-07-20,191.29192,196.92696
2023-07-21,191.31143,196.94852
2023-07-22,191.33095,196.97009
2023-07-23,191.35046,196.99166
2023-07-24,191.36998,197.01324
2023-07-25,191.3895,197.03481
2023-07-26,191.40902,197.05639
2023-07-27,191.42854,197.07797
2023-07-28,191.44806,197.09955
2023-07-29,191.46759,197.12114
2023-07-30,191.48712,197.14273
2023-07-31,191.50665,197.16432
2023-08-01,191.52676,197.18592
2023-08-02,191.54687,197.20752
2023-08-03,191.56699,197.22913
2023-08-04,191.5871,197.25074
2023-08-05,191.60722,197.27235
2023-08-06,191.62734,197.29397
2023-08-07,191.64746,197.31559
2023-08-08,191.66759,197.33721
2023-08-09,191.68771,197.35883
2023-08-10,191.70784,197.38045
2023-08-11,191.72797,197.40208
2023-08-12,191.74811,197.42371
2023-08-13,191.76824,197.44534
2023-08-14,191.78838,197.46697
2023-08-15,191.80852,197.48861
2023-08-16,191.82866,197.51025
2023-08-17,191.8488,197.53189
2023-08-18,191.86895,197.55353
2023-08-19,191.8891,197.57518
2023-08-20,191.90925,197.59683
2023-08-21,191.9294,197.61848
2023-08-22,191.94955,197.64013
2023-08-23,191.96971,197.66179
2023-08-24,191.98987,197.68344
2023-08-25,192.01003,197.7051
2023-08-26,192.03019,197.72677
2023-08-27,192.05036,197.74843
2023-08-28,192.07052,197.7701
2023-08-29,192.09069,197.79177
2023-08-30,192.11086,197.81344
2023-08-31,192.13104,197.83511
2023-09-01,192.15175,197.85726
2023-09-02,192.17245,197.87941
2023-09-03,192.19317,197.90157
2023-09-04,192.21388,197.92372
2023-09-05,192.2346,197.94588
2023-09-06,192.25532,197.96804
2023-09-07,192.27604,197.9902
2023-09-08,192.29676,198.01237
2023-09-09,192.31749,198.03454
2023-09-10,192.33821,198.05671
2023-09-11,192.35894,198.07888
2023-09-12,192.37968,198.10106
2023-09-13,192.40041,198.12324
2023-09-14,192.42115,198.14542
2023-09-15,192.44189,198.1676
2023-09-16,192.46263,198.18978
2023-09-17,192.48337,198.21197
2023-09-18,192.50412,198.23416
2023-09-19,192.52487,198.25636
2023-09-20,192.54562,198.27855
2023-09-21,192.56637,198.30075
2023-09-22,192.58712,198.32295
2023-09-23,192.60788,198.34515
2023-09-24,192.62864,198.36736
2023-09-25,192.6494,198.38957
2023-09-26,192.67016,198.41178
2023-09-27,192.69093,198.43399
2023-09-28,192.7117,198.45621
2023-09-29,192.73247,198.47842
2023-09-30,192.75324,198.50064
2023-10-01,192.77448,198.52333
2023-10-02,192.79573,198.54602
2023-10-03,192.81698,198.56872
2023-10-04,192.83823,198.59141
2023-10-05,192.85948,198.61411
2023-10-06,192.88074,198.63682
2023-10-07,192.902,198.65952
2023-10-08,192.92326,198.68223
2023-10-09,192.94452,198.70494
2023-10-10,192.96578,198.72765
2023-10-11,192.98705,198.75036
2023-10-12,193.00832,198.77308
2023-10-13,193.02959,198.7958
2023-10-14,193.05087,198.81852
2023-10-15,193.07214,198.84125
2023-10-16,193.09342,198.86397
2023-10-17,193.1147,198.8867
2023-10-18,193.13599,198.90944
2023-10-19,193.15727,198.93217
2023-10-20,193.17856,198.95491
2023-10-21,193.19985,198.97765
2023-10-22,193.22114,199.0004
2023-10-23,193.24244,199.02314
2023-10-24,193.26374,199.04589
2023-10-25,193.28504,199.06864
2023-10-26,193.30634,199.09139
2023-10-27,193.32764,199.11415
2023-10-28,193.34895,199.13691
2023-10-29,193.37026,199.15967
2023-10-30,193.39157,199.18243
2023-10-31,193.41289,199.2052
2023-11-01,193.43422,199.22769
2023-11-02,193.45556,199.25019
2023-11-03,193.47691,199.27268
2023-11-04,193.49825,199.29518
2023-11-05,193.5196,199.31769
2023-11-06,193.54095,199.34019
2023-11-07,193.5623,199.3627
2023-11-08,193.58366,199.38521
2023-11-09,193.60501,199.40772
2023-11-10,193.62637,199.43023
2023-11-11,193.64773,199.45275
2023-11-12,193.6691,199.47527
2023-11-13,193.69046,199.49779
2023-11-14,193.71183,199.52032
2023-11-15,193.7332,199.54285
2023-11-16,193.75458,199.56538
2023-11-17,193.77595,199.58791
2023-11-18,193.79733,199.61044
2023-11-19,193.81871,199.63298
2023-11-20,193.84009,199.65552
2023-11-21,193.86148,199.67806
2023-11-22,193.88287,199.70061
2023-11-23,193.90425,199.72316
2023-11-24,193.92565,199.74571
2023-11-25,193.94704,199.76826
2023-11-26,193.96844,199.79082
2023-11-27,193.98984,199.81337
2023-11-28,194.01124,199.83593
2023-11-29,194.03264,199.8585
2023-11-30,194.05405,199.88106
2023-12-01,194.07526,199.90287
2023-12-02,194.09647,199.92467
2023-12-03,194.11769,199.94648
2023-12-04,194.13891,199.96829
2023-12-05,194.16013,199.9901
2023-12-06,194.18135,200.01192
2023-12-07,194.20257,200.03374
2023-12-08,194.2238,200.05556
2023-12-09,194.24503,200.07738
2023-12-10,194.26626,200.0992
2023-12-11,194.28749,200.12103
2023-12-12,194.30873,200.14286
2023-12-13,194.32997,200.16469
2023-12-14,194.35121,200.18653
2023-12-15,194.37245,200.20836
2023-12-16,194.3937,200.2302
2023-12-17,194.41495,200.25204
2023-12-18,194.4362,200.27389
2023-12-19,194.45745,200.29573
2023-12-20,194.4787,200.31758
2023-12-21,194.49996,200.33943
2023-12-22,194.52122,200.36129
2023-12-23,194.54248,200.38314
2023-12-24,194.56374,200.405
2023-12-25,194.58501,200.42686
2023-12-26,194.60628,200.44872
2023-12-27,194.62755,200.47059
2023-12-28,194.64882,200.49246
2023-12-29,194.6701,200.51433
2023-12-30,194.69138,200.5362
2023-12-31,194.71266,200.55807
2024-01-01,194.73389,200.57976
2024-01-02,194.75512,200.60144
2024-01-03,194.77636,200.62312
2024-01-04,194.79759,200.64481
2024-01-05,194.81883,200.6665
2024-01-06,194.84008,200.68819
2024-01-07,194.86132,200.70989
2024-01-08,194.88257,200.73159
2024-01-09,194.90382,200.75329
2024-01-10,194.92507,200.77499
2024-01-11,194.94632,200.79669
2024-01-12,194.96758,200.8184
2024-01-13,194.98884,200.84011
2024-01-14,195.0101,200.86182
2024-01-15,195.03136,200.88353
2024-01-16,195.05262,200.90525
2024-01-17,195.07389,200.92697
2024-01-18,195.09516,200.94869
2024-01-19,195.11643,200.97041
2024-01-20,195.13771,200.99214
2024-01-21,195.15899,201.01386
2024-01-22,195.18027,201.03559
2024-01-23,195.20155,201.05733
2024-01-24,195.22283,201.07906
2024-01-25,195.24412,201.1008
2024-01-26,195.26541,201.12254
2024-01-27,195.2867,201.14428
2024-01-28,195.30799,201.16602
2024-01-29,195.32928,201.18777
2024-01-30,195.35058,201.20952
2024-01-31,195.37188,201.23127
2024-02-01,195.39317,201.25307
2024-02-02,195.41447,201.27488
2024-02-03,195.43576,201.29669
2024-02-04,195.45706,201.3185
2024-02-05,195.47836,201.34031
2024-02-06,195.49966,201.36212
2024-02-07,195.52097,201.38394
2024-02-08,195.54228,201.40576
2024-02-09,195.56359,201.42758
2024-02-10,195.5849,201.44941
2024-02-11,195.60621,201.47123
2024-02-12,195.62753,201.49306
2024-02-13,195.64885,201.51489
2024-02-14,195.67017,201.53673
2024-02-15,195.69149,201.55856
2024-02-16,195.71282,201.5804
2024-02-17,195.73415,201.60224
2024-02-18,195.75548,201.62409
2024-02-19,195.77681,201.64593
2024-02-20,195.79815,201.66778
2024-02-21,195.81948,201.68963
2024-02-22,195.84082,201.71148
2024-02-23,195.86217,201.73334
2024-02-24,195.88351,201.75519
2024-02-25,195.90486,201.77705
2024-02-26,195.92621,201.79892
2024-02-27,195.94756,201.82078
2024-02-28,195.96891,201.84265
2024-02-29,195.99027,201.86452
2024-03-01,196.01163,201.88636
2024-03-02,196.03299,201.9082
2024-03-03,196.05435,201.93004
2024-03-04,196.07572,201.95189
2024-03-05,196.09708,201.97374
2024-03-06,196.11845,201.99559
2024-03-07,196.13982,202.01744
2024-03-08,196.1612,202.0393
2024-03-09,196.18258,202.06116
2024-03-10,196.20395,202.08302
2024-03-11,196.22534,202.10488
2024-03-12,196.24672,202.12675
2024-03-13,196.26811,202.14861
2024-03-14,196.28949,202.17048
2024-03-15,196.31088,202.19236
2024-03-16,196.33228,202.21423
2024-03-17,196.35367,202.23611
2024-03-18,196.37507,202.25799
2024-03-19,196.39647,202.27987
2024-03-20,196.41787,202.30176
2024-03-21,196.43928,202.32364
2024-03-22,196.46068,202.34553
2024-03-23,196.48209,202.36742
2024-03-24,196.5035,202.38932
2024-03-25,196.52492,202.41121
2024-03-26,196.54634,202.43311
2024-03-27,196.56775,202.45501
2024-03-28,196.58917,202.47692
2024-03-29,196.6106,202.49882
2024-03-30,196.63202,202.52073
2024-03-31,196.65345,202.54264
2024-04-01,196.67468,202.56424
2024-04-02,196.6959,202.58583
2024-04-03,196.71713,202.60743
2024-04-04,196.73836,202.62903
2024-04-05,196.75959,202.65064
2024-04-06,196.78083,202.67224
2024-04-07,196.80207,202.69385
2024-04-08,196.82331,202.71546
2024-04-09,196.84455,202.73708
2024-04-10,196.86579,202.75869
2024-04-11,196.88704,202.78031
2024-04-12,196.90829,202.80193
2024-04-13,196.92954,202.82355
2024-04-14,196.9508,202.84518
2024-04-15,196.97205,202.8668
2024-04-16,196.99331,202.88843
2024-04-17,197.01457,202.91006
2024-04-18,197.03583,202.9317
2024-04-19,197.0571,202.95333
2024-04-20,197.07837,202.97497
2024-04-21,197.09964,202.99661
2024-04-22,197.12091,203.01825
2024-04-23,197.14218,203.0399
2024-04-24,197.16346,203.06155
2024-04-25,197.18474,203.0832
2024-04-26,197.20602,203.10485
2024-04-27,197.2273,203.1265
2024-04-28,197.24859,203.14816
2024-04-29,197.26988,203.16982
2024-04-30,197.29117,203.19148
2024-05-01,197.31206,203.21285
2024-05-02,197.33296,203.23423
2024-05-03,197.35386,203.25561
2024-05-04,197.37476,203.27699
2024-05-05,197.39566,203.29837
2024-05-06,197.41657,203.31975
2024-05-07,197.43748,203.34114
2024-05-08,197.45839,203.36253
2024-05-09,197.4793,203.38392
2024-05-10,197.50022,203.40531
2024-05-11,197.52113,203.4267
2024-05-12,197.54205,203.4481
2024-05-13,197.56297,203.4695
2024-05-14,197.5839,203.4909
2024-05-15,197.60482,203.51231
2024-05-16,197.62575,203.53371
2024-05-17,197.64668,203.55512
2024-05-18,197.66761,203.57653
2024-05-19,197.68855,203.59795
2024-05-20,197.70948,203.61936
2024-05-21,197.73042,203.64078
2024-05-22,197.75136,203.6622
2024-05-23,197.77231,203.68362
2024-05-24,197.79325,203.70504
2024-05-25,197.8142,203.72647
2024-05-26,197.83515,203.7479
2024-05-27,197.8561,203.76933
2024-05-28,197.87706,203.79076
2024-05-29,197.89801,203.8122
2024-05-30,197.91897,203.83364
2024-05-31,197.93993,203.85508
2024-06-01,197.96041,203.87611
2024-06-02,197.98089,203.89715
2024-06-03,198.00138,203.91819
2024-06-04,198.02186,203.93924
2024-06-05,198.04235,203.96028
2024-06-06,198.06284,203.98133
2024-06-07,198.08333,204.00238
2024-06-08,198.10382,204.02343
2024-06-09,198.12432,204.04448
2024-06-10,198.14482,204.06554
2024-06-11,198.16531,204.0866
2024-06-12,198.18582,204.10766
2024-06-13,198.20632,204.12872
2024-06-14,198.22683,204.14978
2024-06-15,198.24733,204.17085
2024-06-16,198.26785,204.19192
2024-06-17,198.28836,204.21299
2024-06-18,198.30887,204.23406
2024-06-19,198.32939,204.25514
2024-06-20,198.34991,204.27621
2024-06-21,198.37043,204.29729
2024-06-22,198.39095,204.31838
2024-06-23,198.41148,204.33946
2024-06-24,198.432,204.36055
2024-06-25,198.45253,204.38163
2024-06-26,198.47307,204.40272
2024-06-27,198.4936,204.42382
2024-06-28,198.51413,204.44491
2024-06-29,198.53467,204.46601
2024-06-30,198.55521,204.48711
2024-07-01,198.57554,204.5078
2024-07-02,198.59586,204.5285
2024-07-03,198.61619,204.5492
2024-07-04,198.63652,204.5699
2024-07-05,198.65685,204.59061
2024-07-06,198.67718,204.61132
2024-07-07,198.69752,204.63202
2024-07-08,198.71786,204.65274
2024-07-09,198.7382,204.67345
2024-07-10,198.75854,204.69416
2024-07-11,198.77888,204.71488
2024-07-12,198.79923,204.7356
2024-07-13,198.81958,204.75632
2024-07-14,198.83993,204.77704
2024-07-15,198.86028,204.79777
2024-07-16,198.88064,204.8185
2024-07-17,198.90099,204.83923
2024-07-18,198.92135,204.85996
2024-07-19,198.94171,204.88069
2024-07-20,198.96208,204.90143
2024-07-21,198.98244,204.92217
2024-07-22,199.00281,204.94291
2024-07-23,199.02318,204.96365
2024-07-24,199.04355,204.98439
2024-07-25,199.06392,205.00514
2024-07-26,199.0843,205.02589
2024-07-27,199.10467,205.04664
2024-07-28,199.12505,205.06739
2024-07-29,199.14544,205.08815
2024-07-30,199.16582,205.1089
2024-07-31,199.18621,205.12966
2024-08-01,199.20583,205.14918
2024-08-02,199.22546,205.1687
2024-08-03,199.2451,205.18822
2024-08-04,199.26473,205.20774
2024-08-05,199.28437,205.22726
2024-08-06,199.30401,205.24678
2024-08-07,199.32365,205.26631
2024-08-08,199.34329,205.28584
2024-08-09,199.36293,205.30537
2024-08-10,199.38258,205.3249
2024-08-11,199.40223,205.34443
2024-08-12,199.42188,205.36397
2024-08-13,199.44153,205.38351
2024-08-14,199.46118,205.40305
2024-08-15,199.48084,205.42259
2024-08-16,199.5005,205.44213
2024-08-17,199.52016,205.46168
2024-08-18,199.53982,205.48122
2024-08-19,199.55948,205.50077
2024-08-20,199.57915,205.52032
2024-08-21,199.59881,205.53988
2024-08-22,199.61848,205.55943
2024-08-23,199.63815,205.57899
2024-08-24,199.65783,205.59854
2024-08-25,199.6775,205.6181
2024-08-26,199.69718,205.63767
2024-08-27,199.71686,205.65723
2024-08-28,199.73654,205.67679
2024-08-29,199.75622,205.69636
2024-08-30,199.77591,205.71593
2024-08-31,199.79559,205.7355
2024-09-01,199.81465,205.75412
2024-09-02,199.83371,205.77274
2024-09-03,199.85277,205.79136
2024-09-04,199.87183,205.80998
2024-09-05,199.8909,205.82861
2024-09-06,199.90996,205.84724
2024-09-07,199.92903,205.86586
2024-09-08,199.9481,205.88449
2024-09-09,199.96717,205.90312
2024-09-10,199.98624,205.92176
2024-09-11,200.00532,205.94039
2024-09-12,200.02439,205.95903
2024-09-13,200.04347,205.97767
2024-09-14,200.06255,205.99631
2024-09-15,200.08164,206.01495
2024-09-16,200.10072,206.03359
2024-09-17,200.11981,206.05224
2024-09-18,200.13889,206.07088
2024-09-19,200.15798,206.08953
2024-09-20,200.17707,206.10818
2024-09-21,200.19617,206.12683
2024-09-22,200.21526,206.14549
2024-09-23,200.23436,206.16414
2024-09-24,200.25346,206.1828
2024-09-25,200.27256,206.20146
2024-09-26,200.29166,206.22012
2024-09-27,200.31076,206.23878
2024-09-28,200.32987,206.25744
2024-09-29,200.34898,206.27611
2024-09-30,200.36809,206.29477
2024-10-01,200.38571,206.31198
2024-10-02,200.40334,206.32918
2024-10-03,200.42096,206.34638
2024-10-04,200.43859,206.36359
2024-10-05,200.45622,206.38079
2024-10-06,200.47386,206.398
2024-10-07,200.49149,206.41521
2024-10-08,200.50913,206.43242
2024-10-09,200.52676,206.44963
2024-10-10,200.5444,206.46684
2024-10-11,200.56204,206.48406
2024-10-12,200.57968,206.50127
2024-10-13,200.59733,206.51849
2024-10-14,200.61497,206.53571
2024-10-15,200.63262,206.55293
2024-10-16,200.65027,206.57015
2024-10-17,200.66792,206.58738
2024-10-18,200.68557,206.6046
2024-10-19,200.70322,206.62183
2024-10-20,200.72087,206.63906
2024-10-21,200.73853,206.65629
2024-10-22,200.75619,206.67352
2024-10-23,200.77385,206.69075
2024-10-24,200.79151,206.70798
2024-10-25,200.80917,206.72522
2024-10-26,200.82683,206.74245
2024-10-27,200.8445,206.75969
2024-10-28,200.86216,206.77693
2024-10-29,200.87983,206.79417
2024-10-30,200.8975,206.81141
2024-10-31,200.91517,206.82866
2024-11-01,200.93195,206.84467
2024-11-02,200.94873,206.86069
2024-11-03,200.96552,206.8767
2024-11-04,200.9823,206.89272
2024-11-05,200.99909,206.90874
2024-11-06,201.01588,206.92476
2024-11-07,201.03267,206.94079
2024-11-08,201.04946,206.95681
2024-11-09,201.06625,206.97284
2024-11-10,201.08304,206.98886
2024-11-11,201.09984,207.00489
2024-11-12,201.11663,207.02092
2024-11-13,201.13343,207.03695
2024-11-14,201.15023,207.05298
2024-11-15,201.16703,207.06901
2024-11-16,201.18383,207.08504
2024-11-17,201.20063,207.10108
2024-11-18,201.21744,207.11712
2024-11-19,201.23424,207.13315
2024-11-20,201.25105,207.14919
2024-11-21,201.26786,207.16523
2024-11-22,201.28467,207.18127
2024-11-23,201.30148,207.19731
2024-11-24,201.31829,207.21336
2024-11-25,201.33511,207.2294
2024-11-26,201.35192,207.24545
2024-11-27,201.36874,207.2615
2024-11-28,201.38556,207.27755
2024-11-29,201.40238,207.29359
2024-11-30,201.4192,207.30965
2024-12-01,201.43501,207.3248
2024-12-02,201.45081,207.33996
2024-12-03,201.46662,207.35512
2024-12-04,201.48242,207.37028
2024-12-05,201.49823,207.38544
2024-12-06,201.51404,207.40061
2024-12-07,201.52985,207.41577
2024-12-08,201.54567,207.43094
2024-12-09,201.56148,207.4461
2024-12-10,201.57729,207.46127
2024-12-11,201.59311,207.47644
2024-12-12,201.60893,207.49161
2024-12-13,201.62475,207.50678
2024-12-14,201.64056,207.52195
2024-12-15,201.65639,207.53712
2024-12-16,201.67221,207.5523
2024-12-17,201.68803,207.56747
2024-12-18,201.70386,207.58265
2024-12-19,201.71968,207.59783
2024-12-20,201.73551,207.61301
2024-12-21,201.75134,207.62819
2024-12-22,201.76717,207.64337
2024-12-23,201.783,207.65855
2024-12-24,201.79883,207.67373
2024-12-25,201.81466,207.68892
2024-12-26,201.8305,207.7041
2024-12-27,201.84633,207.71929
2024-12-28,201.86217,207.73448
2024-12-29,201.87801,207.74966
2024-12-30,201.89385,207.76485
2024-12-31,201.90969,207.78004
2025-01-01,201.92486,207.79513
2025-01-02,201.94003,207.81022
2025-01-03,201.95519,207.82532
2025-01-04,201.97037,207.84041
2025-01-05,201.98554,207.8555
2025-01-06,202.00071,207.8706
2025-01-07,202.01588,207.88569
2025-01-08,202.03106,207.90079
2025-01-09,202.04624,207.91589
2025-01-10,202.06141,207.93099
2025-01-11,202.07659,207.94609
2025-01-12,202.09177,207.96119
2025-01-13,202.10695,207.97629
2025-01-14,202.12213,207.9914
2025-01-15,202.13732,208.0065
2025-01-16,202.1525,208.02161
2025-01-17,202.16769,208.03671
2025-01-18,202.18287,208.05182
2025-01-19,202.19806,208.06693
2025-01-20,202.21325,208.08204
2025-01-21,202.22844,208.09715
2025-01-22,202.24363,208.11227
2025-01-23,202.25882,208.12738
2025-01-24,202.27402,208.14249
2025-01-25,202.28921,208.15761
2025-01-26,202.30441,208.17273
2025-01-27,202.3196,208.18785
2025-01-28,202.3348,208.20296
2025-01-29,202.35,208.21808
2025-01-30,202.3652,208.23321
2025-01-31,202.3804,208.24833
2025-02-01,202.3946,208.26256
2025-02-02,202.40879,208.27679
2025-02-03,202.42299,208.29102
2025-02-04,202.43719,208.30525
2025-02-05,202.45139,208.31948
2025-02-06,202.46558,208.33371
2025-02-07,202.47979,208.34794
2025-02-08,202.49399,208.36218
2025-02-09,202.50819,208.37642
2025-02-10,202.52239,208.39065
2025-02-11,202.5366,208.40489
2025-02-12,202.5508,208.41913
2025-02-13,202.56501,208.43337
2025-02-14,202.57922,208.44761
2025-02-15,202.59342,208.46185
2025-02-16,202.60763,208.47609
2025-02-17,202.62184,208.49034
2025-02-18,202.63606,208.50458
2025-02-19,202.65027,208.51883
2025-02-20,202.66448,208.53307
2025-02-21,202.6787,208.54732
2025-02-22,202.69291,208.56157
2025-02-23,202.70713,208.57582
2025-02-24,202.72134,208.59007
2025-02-25,202.73556,208.60432
2025-02-26,202.74978,208.61857
2025-02-27,202.764,208.63283
2025-02-28,202.77822,208.64708
2025-03-01,202.79198,208.6609
2025-03-02,202.80574,208.67473
2025-03-03,202.8195,208.68856
2025-03-04,202.83326,208.70239
2025-03-05,202.84702,208.71621
2025-03-06,202.86078,208.73004
2025-03-07,202.87455,208.74387
2025-03-08,202.88831,208.75771
2025-03-09,202.90208,208.77154
2025-03-10,202.91584,208.78537
2025-03-11,202.92961,208.79921
2025-03-12,202.94338,208.81304
2025-03-13,202.95715,208.82688
2025-03-14,202.97091,208.84071
2025-03-15,202.98469,208.85455
2025-03-16,202.99846,208.86839
2025-03-17,203.01223,208.88223
2025-03-18,203.026,208.89607
2025-03-19,203.03978,208.90991
2025-03-20,203.05355,208.92376
2025-03-21,203.06733,208.9376
2025-03-22,203.08111,208.95144
2025-03-23,203.09488,208.96529
2025-03-24,203.10866,208.97913
2025-03-25,203.12244,208.99298
2025-03-26,203.13622,209.00683
2025-03-27,203.15001,209.02068
2025-03-28,203.16379,209.03453
2025-03-29,203.17757,209.04838
2025-03-30,203.19136,209.06223
2025-03-31,203.20514,209.07608
2025-04-01,203.21784,209.08887
2025-04-02,203.23054,209.10166
2025-04-03,203.24324,209.11445
2025-04-04,203.25593,209.12724
2025-04-05,203.26863,209.14003
2025-04-06,203.28134,209.15282
2025-04-07,203.29404,209.16561
2025-04-08,203.30674,209.1784
2025-04-09,203.31944,209.19119
2025-04-10,203.33215,209.20399
2025-04-11,203.34485,209.21678
2025-04-12,203.35756,209.22958
2025-04-13,203.37026,209.24237
2025-04-14,203.38297,209.25517
2025-04-15,203.39568,209.26797
2025-04-16,203.40839,209.28077
2025-04-17,203.4211,209.29356
2025-04-18,203.43381,209.30636
2025-04-19,203.44652,209.31917
2025-04-20,203.45923,209.33197
2025-04-21,203.47194,209.34477
2025-04-22,203.48466,209.35757
2025-04-23,203.49737,209.37038
2025-04-24,203.51009,209.38318
2025-04-25,203.5228,209.39599
2025-04-26,203.53552,209.40879
2025-04-27,203.54824,209.4216
2025-04-28,203.56096,209.43441
2025-04-29,203.57368,209.44722
2025-04-30,203.5864,209.46003
2025-05-01,203.5982,209.47234
2025-05-02,203.61,209.48465
2025-05-03,203.62181,209.49697
2025-05-04,203.63361,209.50928
2025-05-05,203.64542,209.5216
2025-05-06,203.65723,209.53391
2025-05-07,203.66904,209.54623
2025-05-08,203.68084,209.55855
2025-05-09,203.69265,209.57087
2025-05-10,203.70446,209.58319
2025-05-11,203.71627,209.59551
2025-05-12,203.72809,209.60783
2025-05-13,203.7399,209.62015
2025-05-14,203.75171,209.63247
2025-05-15,203.76352,209.64479
2025-05-16,203.77534,209.65712
2025-05-17,203.78715,209.66944
2025-05-18,203.79897,209.68177
2025-05-19,203.81078,209.69409
2025-05-20,203.8226,209.70642
2025-05-21,203.83442,209.71875
2025-05-22,203.84624,209.73107
2025-05-23,203.85805,209.7434
2025-05-24,203.86987,209.75573
2025-05-25,203.88169,209.76806
2025-05-26,203.89351,209.78039
2025-05-27,203.90534,209.79272
2025-05-28,203.91716,209.80506
2025-05-29,203.92898,209.81739
2025-05-30,203.9408,209.82972
2025-05-31,203.95263,209.84206
2025-06-01,203.96387,209.854
2025-06-02,203.97511,209.86595
2025-06-03,203.98634,209.8779
2025-06-04,203.99758,209.88985
2025-06-05,204.00882,209.9018
2025-06-06,204.02007,209.91375
2025-06-07,204.03131,209.9257
2025-06-08,204.04255,209.93765
2025-06-09,204.05379,209.94961
2025-06-10,204.06504,209.96156
2025-06-11,204.07628,209.97352
2025-06-12,204.08752,209.98547
2025-06-13,204.09877,209.99743
2025-06-14,204.11002,210.00938
2025-06-15,204.12126,210.02134
2025-06-16,204.13251,210.0333
2025-06-17,204.14376,210.04526
2025-06-18,204.15501,210.05721
2025-06-19,204.16625,210.06917
2025-06-20,204.1775,210.08113
2025-06-21,204.18875,210.09309
2025-06-22,204.20001,210.10506
2025-06-23,204.21126,210.11702
2025-06-24,204.22251,210.12898
2025-06-25,204.23376,210.14095
2025-06-26,204.24502,210.15291
2025-06-27,204.25627,210.16488
2025-06-28,204.26752,210.17684
2025-06-29,204.27878,210.18881
2025-06-30,204.29004,210.20077
2025-07-01,204.30131,210.21278
2025-07-02,204.31258,210.22478
2025-07-03,204.32385,210.23678
2025-07-04,204.33513,210.24878
2025-07-05,204.3464,210.26079
2025-07-06,204.35768,210.27279
2025-07-07,204.36895,210.2848
2025-07-08,204.38023,210.2968
2025-07-09,204.39151,210.30881
2025-07-10,204.40278,210.32082
2025-07-11,204.41406,210.33282
2025-07-12,204.42534,210.34483
2025-07-13,204.43662,210.35684
2025-07-14,204.4479,210.36885
2025-07-15,204.45918,210.38086
2025-07-16,204.47046,210.39287
2025-07-17,204.48174,210.40488
2025-07-18,204.49303,210.4169
2025-07-19,204.50431,210.42891
2025-07-20,204.51559,210.44092
2025-07-21,204.52688,210.45294
2025-07-22,204.53816,210.46495
2025-07-23,204.54945,210.47697
2025-07-24,204.56073,210.48899
2025-07-25,204.57202,210.50101
2025-07-26,204.58331,210.51302
2025-07-27,204.5946,210.52504
2025-07-28,204.60589,210.53706
2025-07-29,204.61717,210.54908
2025-07-30,204.62847,210.5611
2025-07-31,204.63976,210.57312
2025-08-01,204.65124,210.58532
2025-08-02,204.66273,210.59751
2025-08-03,204.67422,210.6097
2025-08-04,204.68571,210.6219
2025-08-05,204.69721,210.63409
2025-08-06,204.7087,210.64629
2025-08-07,204.72019,210.65849
2025-08-08,204.73168,210.67068
2025-08-09,204.74318,210.68288
2025-08-10,204.75467,210.69508
2025-08-11,204.76617,210.70728
2025-08-12,204.77766,210.71948
2025-08-13,204.78916,210.73168
2025-08-14,204.80066,210.74388
2025-08-15,204.81216,210.75608
2025-08-16,204.82365,210.76829
2025-08-17,204.83515,210.78049
2025-08-18,204.84665,210.79269
2025-08-19,204.85815,210.8049
2025-08-20,204.86965,210.81711
2025-08-21,204.88116,210.82931
2025-08-22,204.89266,210.84152
2025-08-23,204.90416,210.85373
2025-08-24,204.91566,210.86594
2025-08-25,204.92717,210.87814
2025-08-26,204.93867,210.89035
2025-08-27,204.95018,210.90257
2025-08-28,204.96169,210.91478
2025-08-29,204.97319,210.92699
2025-08-30,204.9847,210.9392
2025-08-31,204.99621,210.95142
2025-09-01,205.00775,210.96373
2025-09-02,205.0193,210.97605
2025-09-03,205.03084,210.98837
2025-09-04,205.04239,211.0007
2025-09-05,205.05393,211.01302
2025-09-06,205.06548,211.02534
2025-09-07,205.07703,211.03766
2025-09-08,205.08858,211.04999
2025-09-09,205.10013,211.06231
2025-09-10,205.11168,211.07464
2025-09-11,205.12323,211.08697
2025-09-12,205.13478,211.09929
2025-09-13,205.14633,211.11162
2025-09-14,205.15788,211.12395
2025-09-15,205.16944,211.13628
2025-09-16,205.18099,211.14861
2025-09-17,205.19254,211.16094
2025-09-18,205.2041,211.17327
2025-09-19,205.21566,211.1856
2025-09-20,205.22721,211.19793
2025-09-21,205.23877,211.21027
2025-09-22,205.25033,211.2226
2025-09-23,205.26188,211.23494
2025-09-24,205.27344,211.24727
2025-09-25,205.285,211.25961
2025-09-26,205.29656,211.27195
2025-09-27,205.30812,211.28428
2025-09-28,205.31969,211.29662
2025-09-29,205.33125,211.30896
2025-09-30,205.34281,211.3213
2025-10-01,205.35441,211.33367
2025-10-02,205.36602,211.34604
2025-10-03,205.37763,211.3584
2025-10-04,205.38923,211.37077
2025-10-05,205.40084,211.38314
2025-10-06,205.41245,211.39551
2025-10-07,205.42405,211.40789
2025-10-08,205.43566,211.42026
2025-10-09,205.44727,211.43263
2025-10-10,205.45888,211.44501
2025-10-11,205.47049,211.45738
2025-10-12,205.48211,211.46975
2025-10-13,205.49372,211.48213
2025-10-14,205.50533,211.49451
2025-10-15,205.51694,211.50688
2025-10-16,205.52856,211.51926
2025-10-17,205.54017,211.53164
2025-10-18,205.55179,211.54402
2025-10-19,205.56341,211.5564
2025-10-20,205.57502,211.56878
2025-10-21,205.58664,211.58116
2025-10-22,205.59826,211.59355
2025-10-23,205.60988,211.60593
2025-10-24,205.6215,211.61831
2025-10-25,205.63312,211.6307
2025-10-26,205.64474,211.64308
2025-10-27,205.65636,211.65547
2025-10-28,205.66798,211.66785
2025-10-29,205.6796,211.68024
2025-10-30,205.69123,211.69263
2025-10-31,205.70285,211.70502
2025-11-01,205.71452,211.71755
2025-11-02,205.72618,211.73008
2025-11-03,205.73785,211.74262
2025-11-04,205.74952,211.75515
2025-11-05,205.76119,211.76769
2025-11-06,205.77286,211.78022
2025-11-07,205.78453,211.79276
2025-11-08,205.7962,211.80529
2025-11-09,205.80787,211.81783
2025-11-10,205.81954,211.83037
2025-11-11,205.83121,211.84291
2025-11-12,205.84289,211.85545
2025-11-13,205.85456,211.86799
2025-11-14,205.86623,211.88053
2025-11-15,205.87791,211.89307
2025-11-16,205.88958,211.90562
2025-11-17,205.90126,211.91816
2025-11-18,205.91294,211.9307
2025-11-19,205.92462,211.94325
2025-11-20,205.93629,211.9558
2025-11-21,205.94797,211.96834
2025-11-22,205.95965,211.98089
2025-11-23,205.97133,211.99344
2025-11-24,205.98302,212.00599
2025-11-25,205.9947,212.01854
2025-11-26,206.00638,212.03109
2025-11-27,206.01806,212.04364
2025-11-28,206.02975,212.05619
2025-11-29,206.04143,212.06874
2025-11-30,206.05312,212.0813
2025-12-01,206.06484,212.0939
2025-12-02,206.07657,212.1065
2025-12-03,206.08829,212.11911
2025-12-04,206.10002,212.13172
2025-12-05,206.11175,212.14432
2025-12-06,206.12347,212.15693
2025-12-07,206.1352,212.16954
2025-12-08,206.14693,212.18215
2025-12-09,206.15866,212.19476
2025-12-10,206.17039,212.20737
2025-12-11,206.18212,212.21998
2025-12-12,206.19386,212.23259
2025-12-13,206.20559,212.24521
2025-12-14,206.21732,212.25782
2025-12-15,206.22905,212.27043
2025-12-16,206.24079,212.28305
2025-12-17,206.25252,212.29566
2025-12-18,206.26426,212.30828
2025-12-19,206.276,212.3209
2025-12-20,206.28773,212.33352
2025-12-21,206.29947,212.34614
2025-12-22,206.31121,212.35876
2025-12-23,206.32295,212.37138
2025-12-24,206.33469,212.384
2025-12-25,206.34643,212.39662
2025-12-26,206.35817,212.40924
2025-12-27,206.36991,212.42187
2025-12-28,206.38166,212.43449
2025-12-29,206.3934,212.44711
2025-12-30,206.40514,212.45974
2025-12-31,206.41689,212.47237
2026-01-01,206.42852,212.48498
2026-01-02,206.44014,212.49759
2026-01-03,206.45177,212.51021
2026-01-04,206.4634,212.52282
2026-01-05,206.47503,212.53544
2026-01-06,206.48666,212.54806
2026-01-07,206.49829,212.56068
2026-01-08,206.50992,212.5733
2026-01-09,206.52155,212.58591
2026-01-10,206.53318,212.59853
2026-01-11,206.54482,212.61116
2026-01-12,206.55645,212.62378
2026-01-13,206.56809,212.6364
2026-01-14,206.57972,212.64902
2026-01-15,206.59136,212.66165
2026-01-16,206.60299,212.67427
2026-01-17,206.61463,212.6869
2026-01-18,206.62627,212.69952
2026-01-19,206.63791,212.71215
2026-01-20,206.64954,212.72478
2026-01-21,206.66118,212.73741
2026-01-22,206.67282,212.75004
2026-01-23,206.68447,212.76267
2026-01-24,206.69611,212.7753
2026-01-25,206.70775,212.78793
2026-01-26,206.71939,212.80056
2026-01-27,206.73104,212.81319
2026-01-28,206.74268,212.82583
2026-01-29,206.75433,212.83846
2026-01-30,206.76597,212.8511
2026-01-31,206.77762,212.86373
2026-02-01,206.78917,212.87641
2026-02-02,206.80072,212.88908
2026-02-03,206.81228,212.90176
2026-02-04,206.82383,212.91443
2026-02-05,206.83539,212.92711
2026-02-06,206.84694,212.93979
2026-02-07,206.8585,212.95247
2026-02-08,206.87006,212.96515
2026-02-09,206.88161,212.97783
2026-02-10,206.89317,212.99051
2026-02-11,206.90473,213.00319
2026-02-12,206.91629,213.01587
2026-02-13,206.92785,213.02856
2026-02-14,206.93941,213.04124
2026-02-15,206.95097,213.05392
2026-02-16,206.96254,213.06661
2026-02-17,206.9741,213.0793
2026-02-18,206.98566,213.09198
2026-02-19,206.99723,213.10467
2026-02-20,207.00879,213.11736
2026-02-21,207.02036,213.13005
2026-02-22,207.03192,213.14274
2026-02-23,207.04349,213.15543
2026-02-24,207.05506,213.16812
2026-02-25,207.06663,213.18081
2026-02-26,207.07819,213.19351
2026-02-27,207.08976,213.2062
2026-02-28,207.10133,213.2189
2026-03-01,207.11347,213.23265
2026-03-02,207.1256,213.2464
2026-03-03,207.13774,213.26016
2026-03-04,207.14988,213.27391
2026-03-05,207.16202,213.28767
2026-03-06,207.17415,213.30142
2026-03-07,207.18629,213.31518
2026-03-08,207.19843,213.32894
2026-03-09,207.21057,213.3427
2026-03-10,207.22272,213.35646
2026-03-11,207.23486,213.37022
2026-03-12,207.247,213.38398
2026-03-13,207.25914,213.39775
2026-03-14,207.27129,213.41151
2026-03-15,207.28343,213.42527
2026-03-16,207.29558,213.43904
2026-03-17,207.30773,213.45281
2026-03-18,207.31987,213.46657
2026-03-19,207.33202,213.48034
2026-03-20,207.34417,213.49411
2026-03-21,207.35632,213.50788
2026-03-22,207.36847,213.52165
2026-03-23,207.38062,213.53542
2026-03-24,207.39277,213.5492
2026-03-25,207.40492,213.56297
2026-03-26,207.41708,213.57675
2026-03-27,207.42923,213.59052
2026-03-28,207.44138,213.6043
2026-03-29,207.45354,213.61807
2026-03-30,207.46569,213.63185
2026-03-31,207.47785,213.64563
2026-04-01,207.49039,213.66019
2026-04-02,207.50292,213.67476
2026-04-03,207.51546,213.68932
2026-04-04,207.528,213.70389
2026-04-05,207.54054,213.71845
2026-04-06,207.55308,213.73302
2026-04-07,207.56562,213.74759
2026-04-08,207.57817,213.76216
2026-04-09,207.59071,213.77673
2026-04-10,207.60325,213.7913
2026-04-11,207.6158,213.80587
2026-04-12,207.62834,213.82044
2026-04-13,207.64089,213.83502
2026-04-14,207.65343,213.84959
2026-04-15,207.66598,213.86417
2026-04-16,207.67853,213.87874
2026-04-17,207.69108,213.89332
2026-04-18,207.70363,213.9079
2026-04-19,207.71618,213.92248
2026-04-20,207.72873,213.93706
2026-04-21,207.74128,213.95164
2026-04-22,207.75384,213.96623
2026-04-23,207.76639,213.98081
2026-04-24,207.77894,213.99539
2026-04-25,207.7915,214.00998
2026-04-26,207.80405,214.02457
2026-04-27,207.81661,214.03916
2026-04-28,207.82917,214.05374
2026-04-29,207.84173,214.06833
2026-04-30,207.85429,214.08292
2026-05-01,207.86714,214.09801
2026-05-02,207.87999,214.11309
2026-05-03,207.89285,214.12818
2026-05-04,207.9057,214.14326
2026-05-05,207.91856,214.15835
2026-05-06,207.93141,214.17344
2026-05-07,207.94427,214.18853
2026-05-08,207.95713,214.20362
2026-05-09,207.96999,214.21871
2026-05-10,207.98285,214.23381
2026-05-11,207.99571,214.2489
2026-05-12,208.00857,214.26399
2026-05-13,208.02144,214.27909
2026-05-14,208.0343,214.29419
2026-05-15,208.04716,214.30929
2026-05-16,208.06003,214.32439
2026-05-17,208.07289,214.33949
2026-05-18,208.08576,214.35459
2026-05-19,208.09863,214.36969
2026-05-20,208.11149,214.38479
2026-05-21,208.12436,214.3999
2026-05-22,208.13723,214.415
2026-05-23,208.1501,214.43011
2026-05-24,208.16297,214.44522
2026-05-25,208.17585,214.46033
2026-05-26,208.18872,214.47544
2026-05-27,208.20159,214.49055
2026-05-28,208.21447,214.50566
2026-05-29,208.22734,214.52077
2026-05-30,208.24022,214.53589
2026-05-31,208.2531,214.551
2026-06-01,208.26663,214.56647
2026-06-02,208.28016,214.58194
2026-06-03,208.29369,214.59741
2026-06-04,208.30722,214.61288
2026-06-05,208.32076,214.62836
2026-06-06,208.33429,214.64383
2026-06-07,208.34783,214.65931
2026-06-08,208.36136,214.67478
2026-06-09,208.3749,214.69026
2026-06-10,208.38844,214.70574
2026-06-11,208.40198,214.72122
2026-06-12,208.41552,214.7367
2026-06-13,208.42906,214.75218
2026-06-14,208.4426,214.76766
2026-06-15,208.45615,214.78315
2026-06-16,208.46969,214.79863
2026-06-17,208.48324,214.81412
2026-06-18,208.49678,214.82961
2026-06-19,208.51033,214.8451
2026-06-20,208.52388,214.86059
2026-06-21,208.53742,214.87608
2026-06-22,208.55097,214.89157
2026-06-23,208.56452,214.90706
2026-06-24,208.57807,214.92256
2026-06-25,208.59163,214.93805
2026-06-26,208.60518,214.95355
2026-06-27,208.61873,214.96904
2026-06-28,208.63229,214.98454
2026-06-29,208.64584,215.00004
2026-06-30,208.6594,215.01554
2026-07-01,208.67346,215.03135
2026-07-02,208.68751,215.04716
2026-07-03,208.70157,215.06297
2026-07-04,208.71563,215.07878
2026-07-05,208.7297,215.0946
2026-07-06,208.74376,215.11041
2026-07-07,208.75782,215.12622
2026-07-08,208.77189,215.14204
2026-07-09,208.78595,215.15786
2026-07-10,208.80002,215.17368
2026-07-11,208.81409,215.1895
2026-07-12,208.82815,215.20532
2026-07-13,208.84222,215.22114
2026-07-14,208.85629,215.23696
2026-07-15,208.87036,215.25279
2026-07-16,208.88444,215.26861
2026-07-17,208.89851,215.28444
2026-07-18,208.91258,215.30027
2026-07-19,208.92666,215.3161
2026-07-20,208.94073,215.33193
2026-07-21,208.95481,215.34776
2026-07-22,208.96889,215.36359
2026-07-23,208.98297,215.37942
2026-07-24,208.99705,215.39526
2026-07-25,209.01113,215.41109
2026-07-26,209.02521,215.42693
2026-07-27,209.03929,215.44277
2026-07-28,209.05337,215.45861
2026-07-29,209.06746,215.47445
2026-07-30,209.08154,215.49029
2026-07-31,209.09563,215.50613
2026-08-01,209.11023,215.52238
2026-08-02,209.12482,215.53862
2026-08-03,209.13942,215.55487
2026-08-04,209.15402,215.57111
2026-08-05,209.16862,215.58736
2026-08-06,209.18323,215.60361
2026-08-07,209.19783,215.61986
2026-08-08,209.21243,215.63611
2026-08-09,209.22704,215.65236
2026-08-10,209.24164,215.66862
2026-08-11,209.25625,215.68487
2026-08-12,209.27086,215.70113
2026-08-13,209.28547,215.71739
2026-08-14,209.30008,215.73364
2026-08-15,209.31469,215.7499
2026-08-16,209.3293,215.76617
2026-08-17,209.34392,215.78243
2026-08-18,209.35853,215.79869
2026-08-19,209.37314,215.81496
2026-08-20,209.38776,215.83122
2026-08-21,209.40238,215.84749
2026-08-22,209.417,215.86376
2026-08-23,209.43162,215.88003
2026-08-24,209.44624,215.8963
2026-08-25,209.46086,215.91257
2026-08-26,209.47548,215.92884
2026-08-27,209.4901,215.94512
2026-08-28,209.50473,215.9614
2026-08-29,209.51935,215.97767
2026-08-30,209.53398,215.99395
2026-08-31,209.54861,216.01023
2026-09-01,209.56395,216.02776
2026-09-02,209.57928,216.04529
2026-09-03,209.59462,216.06283
2026-09-04,209.60997,216.08036
2026-09-05,209.62531,216.0979
2026-09-06,209.64065,216.11543
2026-09-07,209.656,216.13297
2026-09-08,209.67134,216.15051
2026-09-09,209.68669,216.16805
2026-09-10,209.70204,216.1856
2026-09-11,209.71739,216.20314
2026-09-12,209.73274,216.22069
2026-09-13,209.74809,216.23824
2026-09-14,209.76344,216.25579
2026-09-15,209.7788,216.27334
2026-09-16,209.79415,216.29089
2026-09-17,209.80951,216.30844
2026-09-18,209.82486,216.32599
2026-09-19,209.84022,216.34355
2026-09-20,209.85558,216.36111
2026-09-21,209.87094,216.37867
2026-09-22,209.8863,216.39623
2026-09-23,209.90167,216.41379
2026-09-24,209.91703,216.43135
2026-09-25,209.9324,216.44892
2026-09-26,209.94776,216.46648
2026-09-27,209.96313,216.48405
2026-09-28,209.9785,216.50162
2026-09-29,209.99387,216.51919
2026-09-30,210.00924,216.53676
2026-10-01,210.02461,216.55433
2026-10-02,210.03998,216.57191
2026-10-03,210.05536,216.58948
